#
# There is insufficient memory for the Java Runtime Environment to continue.
# Native memory allocation (mmap) failed to map 309329920 bytes for G1 virtual space
# Possible reasons:
#   The system is out of physical RAM or swap space
# Possible solutions:
#   Reduce memory load on the system
#   Increase physical memory or swap space
#   Check if swap backing store is full
#   Decrease Java heap size (-Xmx/-Xms)
#   Decrease number of Java threads
#   Decrease Java thread stack sizes (-Xss)
#   Set larger code cache with -XX:ReservedCodeCacheSize=
# This output file may be truncated or incomplete.
#
#  Out of Memory Error (os_windows.cpp:3530), pid=38332, tid=23460
#
# JRE version: OpenJDK Runtime Environment (18.0.2+10) (build 18.0.2+10)
# Java VM: OpenJDK 64-Bit Server VM (18.0.2+10, mixed mode, tiered, g1 gc, windows-amd64)
# No core dump will be written. Minidumps are not enabled by default on client versions of Windows
#

---------------  S U M M A R Y ------------

Command Line: -XX:-UseCompressedOops -XX:-UseCompressedClassPointers --add-opens=java.base/java.util=ALL-UNNAMED --add-opens=java.base/java.lang=ALL-UNNAMED --add-opens=java.base/java.lang.invoke=ALL-UNNAMED --add-opens=java.prefs/java.util.prefs=ALL-UNNAMED --add-exports=jdk.compiler/com.sun.tools.javac.api=ALL-UNNAMED --add-exports=jdk.compiler/com.sun.tools.javac.util=ALL-UNNAMED --add-opens=java.base/java.nio.charset=ALL-UNNAMED --add-opens=java.base/java.net=ALL-UNNAMED --add-opens=java.base/java.util.concurrent.atomic=ALL-UNNAMED -Xmx2048m -Dfile.encoding=UTF-8 -Duser.country=CN -Duser.language=zh -Duser.variant -javaagent:C:\Users\color\.gradle\wrapper\dists\gradle-8.10.2-bin\a04bxjujx95o3nb99gddekhwo\gradle-8.10.2\lib\agents\gradle-instrumentation-agent-8.10.2.jar org.gradle.launcher.daemon.bootstrap.GradleDaemon 8.10.2

Host: 12th Gen Intel(R) Core(TM) i7-12700H, 20 cores, 15G,  Windows 11 , 64 bit Build 26100 (10.0.26100.8328)
Time: Thu May 28 16:16:31 2026  Windows 11 , 64 bit Build 26100 (10.0.26100.8328) elapsed time: 16.671129 seconds (0d 0h 0m 16s)

---------------  T H R E A D  ---------------

Current thread (0x000001c62101b020):  VMThread "VM Thread" [stack: 0x000000271e800000,0x000000271e900000] [id=23460]

Stack: [0x000000271e800000,0x000000271e900000]
Native frames: (J=compiled Java code, j=interpreted, Vv=VM code, C=native code)
V  [jvm.dll+0x6859ca]
V  [jvm.dll+0x82ac3d]
V  [jvm.dll+0x82c50e]
V  [jvm.dll+0x82cbb3]
V  [jvm.dll+0x25ee6b]
V  [jvm.dll+0x68286a]
V  [jvm.dll+0x6773fa]
V  [jvm.dll+0x3244e9]
V  [jvm.dll+0x32bb76]
V  [jvm.dll+0x37e0fa]
V  [jvm.dll+0x37e33f]
V  [jvm.dll+0x2fb5ca]
V  [jvm.dll+0x2fb677]
V  [jvm.dll+0x33f252]
V  [jvm.dll+0x33d9e0]
V  [jvm.dll+0x2fae30]
V  [jvm.dll+0x33cfbb]
V  [jvm.dll+0x8318eb]
V  [jvm.dll+0x832678]
V  [jvm.dll+0x832bc5]
V  [jvm.dll+0x833004]
V  [jvm.dll+0x8330c5]
V  [jvm.dll+0x7d9bba]
V  [jvm.dll+0x684845]
C  [ucrtbase.dll+0x37b0]
C  [KERNEL32.DLL+0x2e957]
C  [ntdll.dll+0x427c]

VM_Operation (0x00000027255f9770): G1CollectForAllocation, mode: safepoint, requested by thread 0x000001c62dc87990


---------------  P R O C E S S  ---------------

Threads class SMR info:
_java_thread_list=0x000001c62ef8c540, length=98, elements={
0x000001c67c1e43a0, 0x000001c621031010, 0x000001c621034070, 0x000001c6fff2db10,
0x000001c6fff2e3c0, 0x000001c621079f70, 0x000001c62107c830, 0x000001c62107d880,
0x000001c621080390, 0x000001c621080c80, 0x000001c62117b600, 0x000001c6211d83a0,
0x000001c6211db150, 0x000001c62141a610, 0x000001c6220e7010, 0x000001c622df73d0,
0x000001c6230fee90, 0x000001c6230f4930, 0x000001c623154880, 0x000001c623173cf0,
0x000001c62318dd50, 0x000001c623180620, 0x000001c623181e30, 0x000001c62317fc80,
0x000001c623180150, 0x000001c623180fc0, 0x000001c623181490, 0x000001c623181960,
0x000001c62317f2e0, 0x000001c62317f7b0, 0x000001c625633290, 0x000001c625634f70,
0x000001c625635de0, 0x000001c625633760, 0x000001c625636780, 0x000001c625635440,
0x000001c625637120, 0x000001c625633c30, 0x000001c625637ac0, 0x000001c625634100,
0x000001c625637f90, 0x000001c625638460, 0x000001c625638e00, 0x000001c6256397a0,
0x000001c62563a140, 0x000001c62707b530, 0x000001c62707bed0, 0x000001c62707ba00,
0x000001c623346e00, 0x000001c6233463e0, 0x000001c623349b90, 0x000001c623348c60,
0x000001c62707dbb0, 0x000001c62707d210, 0x000001c623349680, 0x000001c62707eef0,
0x000001c62707f890, 0x000001c62707fd60, 0x000001c627080230, 0x000001c62707cd40,
0x000001c62d37c1a0, 0x000001c62d37e350, 0x000001c62d37cb40, 0x000001c62d37de80,
0x000001c62d37ecf0, 0x000001c62c151ef0, 0x000001c62c1523c0, 0x000001c62d777f90,
0x000001c62720fac0, 0x000001c62720ff90, 0x000001c6272112d0, 0x000001c62dbee600,
0x000001c62d6ea550, 0x000001c62d6eb3c0, 0x000001c62d6eb890, 0x000001c62dd45810,
0x000001c62dd45ce0, 0x000001c62dd461b0, 0x000001c62d6eaa20, 0x000001c62d6eaef0,
0x000001c62d6ea080, 0x000001c624c59570, 0x000001c624c590a0, 0x000001c624c58bd0,
0x000001c62dc85cb0, 0x000001c62dc84e40, 0x000001c62dc86180, 0x000001c62dc857e0,
0x000001c62dc85310, 0x000001c62dc87990, 0x000001c62dbecdf0, 0x000001c62c151080,
0x000001c62c152890, 0x000001c62c151a20, 0x000001c62c151550, 0x000001c62c698cc0,
0x000001c62cd06600, 0x000001c62cd07020
}

Java Threads: ( => current thread )
  0x000001c67c1e43a0 JavaThread "main" [_thread_blocked, id=18680, stack(0x000000271e200000,0x000000271e300000)]
  0x000001c621031010 JavaThread "Reference Handler" daemon [_thread_blocked, id=37284, stack(0x000000271e900000,0x000000271ea00000)]
  0x000001c621034070 JavaThread "Finalizer" daemon [_thread_blocked, id=17668, stack(0x000000271ea00000,0x000000271eb00000)]
  0x000001c6fff2db10 JavaThread "Signal Dispatcher" daemon [_thread_blocked, id=28368, stack(0x000000271eb00000,0x000000271ec00000)]
  0x000001c6fff2e3c0 JavaThread "Attach Listener" daemon [_thread_blocked, id=27888, stack(0x000000271ec00000,0x000000271ed00000)]
  0x000001c621079f70 JavaThread "Service Thread" daemon [_thread_blocked, id=13196, stack(0x000000271ed00000,0x000000271ee00000)]
  0x000001c62107c830 JavaThread "Monitor Deflation Thread" daemon [_thread_blocked, id=34604, stack(0x000000271ee00000,0x000000271ef00000)]
  0x000001c62107d880 JavaThread "C2 CompilerThread0" daemon [_thread_blocked, id=22520, stack(0x000000271ef00000,0x000000271f000000)]
  0x000001c621080390 JavaThread "C1 CompilerThread0" daemon [_thread_blocked, id=22772, stack(0x000000271f000000,0x000000271f100000)]
  0x000001c621080c80 JavaThread "Sweeper thread" daemon [_thread_blocked, id=33540, stack(0x000000271f100000,0x000000271f200000)]
  0x000001c62117b600 JavaThread "C1 CompilerThread1" daemon [_thread_blocked, id=31680, stack(0x000000271f200000,0x000000271f300000)]
  0x000001c6211d83a0 JavaThread "Common-Cleaner" daemon [_thread_blocked, id=10336, stack(0x000000271f300000,0x000000271f400000)]
  0x000001c6211db150 JavaThread "C1 CompilerThread2" daemon [_thread_blocked, id=30692, stack(0x000000271f400000,0x000000271f500000)]
  0x000001c62141a610 JavaThread "Notification Thread" daemon [_thread_blocked, id=844, stack(0x000000271f700000,0x000000271f800000)]
  0x000001c6220e7010 JavaThread "C1 CompilerThread3" daemon [_thread_blocked, id=19512, stack(0x000000271fe00000,0x000000271ff00000)]
  0x000001c622df73d0 JavaThread "Daemon health stats" [_thread_blocked, id=5692, stack(0x000000271f600000,0x000000271f700000)]
  0x000001c6230fee90 JavaThread "Incoming local TCP Connector on port 50763" [_thread_in_native, id=15768, stack(0x000000271ff00000,0x0000002720000000)]
  0x000001c6230f4930 JavaThread "Daemon periodic checks" [_thread_blocked, id=35472, stack(0x0000002720000000,0x0000002720100000)]
  0x000001c623154880 JavaThread "Daemon" [_thread_blocked, id=18892, stack(0x0000002720100000,0x0000002720200000)]
  0x000001c623173cf0 JavaThread "Handler for socket connection from /127.0.0.1:50763 to /127.0.0.1:50765" [_thread_in_native, id=37184, stack(0x0000002720200000,0x0000002720300000)]
  0x000001c62318dd50 JavaThread "Cancel handler" [_thread_blocked, id=21252, stack(0x0000002720300000,0x0000002720400000)]
  0x000001c623180620 JavaThread "Daemon worker" [_thread_blocked, id=19364, stack(0x0000002720400000,0x0000002720500000)]
  0x000001c623181e30 JavaThread "Asynchronous log dispatcher for DefaultDaemonConnection: socket connection from /127.0.0.1:50763 to /127.0.0.1:50765" [_thread_blocked, id=18412, stack(0x0000002720500000,0x0000002720600000)]
  0x000001c62317fc80 JavaThread "Stdin handler" [_thread_blocked, id=29584, stack(0x0000002720600000,0x0000002720700000)]
  0x000001c623180150 JavaThread "Daemon client event forwarder" [_thread_blocked, id=10084, stack(0x0000002720700000,0x0000002720800000)]
  0x000001c623180fc0 JavaThread "Cache worker for journal cache (C:\Users\color\.gradle\caches\journal-1)" [_thread_blocked, id=944, stack(0x0000002721400000,0x0000002721500000)]
  0x000001c623181490 JavaThread "File lock request listener" [_thread_in_native, id=29220, stack(0x0000002721500000,0x0000002721600000)]
  0x000001c623181960 JavaThread "Cache worker for file hash cache (C:\Users\color\.gradle\caches\8.10.2\fileHashes)" [_thread_blocked, id=35476, stack(0x0000002721600000,0x0000002721700000)]
  0x000001c62317f2e0 JavaThread "Cache worker for file hash cache (D:\project\mindustry_mobile_launcher\android\.gradle\8.10.2\fileHashes)" [_thread_blocked, id=18072, stack(0x0000002721800000,0x0000002721900000)]
  0x000001c62317f7b0 JavaThread "Cache worker for checksums cache (D:\project\mindustry_mobile_launcher\android\.gradle\8.10.2\checksums)" [_thread_blocked, id=14208, stack(0x0000002721900000,0x0000002721a00000)]
  0x000001c625633290 JavaThread "Cache worker for Build Output Cleanup Cache (D:\project\mindustry_mobile_launcher\android\.gradle\buildOutputCleanup)" [_thread_blocked, id=32260, stack(0x0000002721a00000,0x0000002721b00000)]
  0x000001c625634f70 JavaThread "Cache worker for file content cache (C:\Users\color\.gradle\caches\8.10.2\fileContent)" [_thread_blocked, id=25840, stack(0x0000002721e00000,0x0000002721f00000)]
  0x000001c625635de0 JavaThread "File watcher server" daemon [_thread_blocked, id=13212, stack(0x0000002721b00000,0x0000002721c00000)]
  0x000001c625633760 JavaThread "File watcher consumer" daemon [_thread_blocked, id=33064, stack(0x0000002721c00000,0x0000002721d00000)]
  0x000001c625636780 JavaThread "Cache worker for cache directory md-rule (C:\Users\color\.gradle\caches\8.10.2\md-rule)" [_thread_blocked, id=33980, stack(0x0000002721d00000,0x0000002721e00000)]
  0x000001c625635440 JavaThread "Cache worker for cache directory md-supplier (C:\Users\color\.gradle\caches\8.10.2\md-supplier)" [_thread_blocked, id=25824, stack(0x0000002721f00000,0x0000002722000000)]
  0x000001c625637120 JavaThread "Unconstrained build operations" [_thread_blocked, id=24232, stack(0x0000002722200000,0x0000002722300000)]
  0x000001c625633c30 JavaThread "Unconstrained build operations Thread 2" [_thread_blocked, id=33384, stack(0x0000002722300000,0x0000002722400000)]
  0x000001c625637ac0 JavaThread "Unconstrained build operations Thread 3" [_thread_blocked, id=23804, stack(0x0000002722400000,0x0000002722500000)]
  0x000001c625634100 JavaThread "Unconstrained build operations Thread 4" [_thread_blocked, id=24736, stack(0x0000002722500000,0x0000002722600000)]
  0x000001c625637f90 JavaThread "Unconstrained build operations Thread 5" [_thread_blocked, id=5184, stack(0x0000002722600000,0x0000002722700000)]
  0x000001c625638460 JavaThread "Unconstrained build operations Thread 6" [_thread_blocked, id=548, stack(0x0000002722700000,0x0000002722800000)]
  0x000001c625638e00 JavaThread "Unconstrained build operations Thread 7" [_thread_blocked, id=14468, stack(0x0000002722800000,0x0000002722900000)]
  0x000001c6256397a0 JavaThread "Unconstrained build operations Thread 8" [_thread_blocked, id=27632, stack(0x0000002722900000,0x0000002722a00000)]
  0x000001c62563a140 JavaThread "Unconstrained build operations Thread 9" [_thread_blocked, id=18756, stack(0x0000002722a00000,0x0000002722b00000)]
  0x000001c62707b530 JavaThread "Configuration cache report writer" [_thread_blocked, id=29740, stack(0x0000002721700000,0x0000002721800000)]
  0x000001c62707bed0 JavaThread "Memory manager" [_thread_blocked, id=9100, stack(0x0000002722b00000,0x0000002722c00000)]
  0x000001c62707ba00 JavaThread "build event listener" [_thread_blocked, id=29324, stack(0x0000002722c00000,0x0000002722d00000)]
  0x000001c623346e00 JavaThread "C2 CompilerThread1" daemon [_thread_blocked, id=14280, stack(0x000000271f500000,0x000000271f600000)]
  0x000001c6233463e0 JavaThread "C2 CompilerThread2" daemon [_thread_blocked, id=33572, stack(0x0000002722100000,0x0000002722200000)]
  0x000001c623349b90 JavaThread "C2 CompilerThread3" daemon [_thread_blocked, id=24708, stack(0x0000002722d00000,0x0000002722e00000)]
  0x000001c623348c60 JavaThread "C2 CompilerThread4" daemon [_thread_blocked, id=16424, stack(0x0000002722e00000,0x0000002722f00000)]
  0x000001c62707dbb0 JavaThread "pool-3-thread-1" [_thread_blocked, id=32040, stack(0x0000002722f00000,0x0000002723000000)]
  0x000001c62707d210 JavaThread "build event listener" [_thread_blocked, id=33056, stack(0x0000002723000000,0x0000002723100000)]
  0x000001c623349680 JavaThread "C2 CompilerThread5" daemon [_thread_blocked, id=20212, stack(0x0000002723100000,0x0000002723200000)]
  0x000001c62707eef0 JavaThread "Unconstrained build operations Thread 10" [_thread_blocked, id=32972, stack(0x0000002723300000,0x0000002723400000)]
  0x000001c62707f890 JavaThread "Unconstrained build operations Thread 11" [_thread_blocked, id=18840, stack(0x0000002723400000,0x0000002723500000)]
  0x000001c62707fd60 JavaThread "Unconstrained build operations Thread 12" [_thread_blocked, id=2460, stack(0x0000002723500000,0x0000002723600000)]
  0x000001c627080230 JavaThread "Unconstrained build operations Thread 13" [_thread_blocked, id=18264, stack(0x0000002723600000,0x0000002723700000)]
  0x000001c62707cd40 JavaThread "Unconstrained build operations Thread 14" [_thread_blocked, id=32308, stack(0x0000002723700000,0x0000002723800000)]
  0x000001c62d37c1a0 JavaThread "included builds" [_thread_blocked, id=22228, stack(0x0000002723800000,0x0000002723900000)]
  0x000001c62d37e350 JavaThread "Execution worker" [_thread_blocked, id=16168, stack(0x0000002723900000,0x0000002723a00000)]
  0x000001c62d37cb40 JavaThread "Execution worker Thread 2" [_thread_blocked, id=26692, stack(0x0000002723a00000,0x0000002723b00000)]
  0x000001c62d37de80 JavaThread "Execution worker Thread 3" [_thread_blocked, id=12980, stack(0x0000002723b00000,0x0000002723c00000)]
  0x000001c62d37ecf0 JavaThread "Cache worker for execution history cache (D:\project\mindustry_mobile_launcher\android\.gradle\8.10.2\executionHistory)" [_thread_blocked, id=5400, stack(0x0000002723c00000,0x0000002723d00000)]
  0x000001c62c151ef0 JavaThread "Unconstrained build operations Thread 15" [_thread_blocked, id=24744, stack(0x0000002723d00000,0x0000002723e00000)]
  0x000001c62c1523c0 JavaThread "Unconstrained build operations Thread 16" [_thread_blocked, id=17612, stack(0x0000002723e00000,0x0000002723f00000)]
  0x000001c62d777f90 JavaThread "Unconstrained build operations Thread 17" [_thread_blocked, id=4644, stack(0x0000002723f00000,0x0000002724000000)]
  0x000001c62720fac0 JavaThread "Unconstrained build operations Thread 18" [_thread_blocked, id=14108, stack(0x0000002724000000,0x0000002724100000)]
  0x000001c62720ff90 JavaThread "Unconstrained build operations Thread 19" [_thread_blocked, id=18328, stack(0x0000002724100000,0x0000002724200000)]
  0x000001c6272112d0 JavaThread "Unconstrained build operations Thread 20" [_thread_blocked, id=36340, stack(0x0000002724200000,0x0000002724300000)]
  0x000001c62dbee600 JavaThread "Unconstrained build operations Thread 21" [_thread_blocked, id=14756, stack(0x0000002724300000,0x0000002724400000)]
  0x000001c62d6ea550 JavaThread "Unconstrained build operations Thread 22" [_thread_blocked, id=30704, stack(0x0000002724400000,0x0000002724500000)]
  0x000001c62d6eb3c0 JavaThread "Unconstrained build operations Thread 23" [_thread_blocked, id=26472, stack(0x0000002724500000,0x0000002724600000)]
  0x000001c62d6eb890 JavaThread "Unconstrained build operations Thread 24" [_thread_blocked, id=30548, stack(0x0000002724600000,0x0000002724700000)]
  0x000001c62dd45810 JavaThread "Unconstrained build operations Thread 25" [_thread_blocked, id=28756, stack(0x0000002724700000,0x0000002724800000)]
  0x000001c62dd45ce0 JavaThread "Unconstrained build operations Thread 26" [_thread_blocked, id=38788, stack(0x0000002724800000,0x0000002724900000)]
  0x000001c62dd461b0 JavaThread "Unconstrained build operations Thread 27" [_thread_blocked, id=13916, stack(0x0000002724900000,0x0000002724a00000)]
  0x000001c62d6eaa20 JavaThread "Unconstrained build operations Thread 28" [_thread_blocked, id=38120, stack(0x0000002724a00000,0x0000002724b00000)]
  0x000001c62d6eaef0 JavaThread "Unconstrained build operations Thread 29" [_thread_blocked, id=17004, stack(0x0000002724b00000,0x0000002724c00000)]
  0x000001c62d6ea080 JavaThread "Unconstrained build operations Thread 30" [_thread_blocked, id=31628, stack(0x0000002724c00000,0x0000002724d00000)]
  0x000001c624c59570 JavaThread "Unconstrained build operations Thread 31" [_thread_blocked, id=17656, stack(0x0000002724d00000,0x0000002724e00000)]
  0x000001c624c590a0 JavaThread "Unconstrained build operations Thread 32" [_thread_blocked, id=35628, stack(0x0000002724e00000,0x0000002724f00000)]
  0x000001c624c58bd0 JavaThread "Unconstrained build operations Thread 33" [_thread_blocked, id=16280, stack(0x0000002724f00000,0x0000002725000000)]
  0x000001c62dc85cb0 JavaThread "Unconstrained build operations Thread 34" [_thread_blocked, id=31572, stack(0x0000002725000000,0x0000002725100000)]
  0x000001c62dc84e40 JavaThread "Unconstrained build operations Thread 35" [_thread_blocked, id=34052, stack(0x0000002725100000,0x0000002725200000)]
  0x000001c62dc86180 JavaThread "Unconstrained build operations Thread 36" [_thread_blocked, id=31096, stack(0x0000002725200000,0x0000002725300000)]
  0x000001c62dc857e0 JavaThread "Unconstrained build operations Thread 37" [_thread_blocked, id=16876, stack(0x0000002725300000,0x0000002725400000)]
  0x000001c62dc85310 JavaThread "Unconstrained build operations Thread 38" [_thread_blocked, id=36816, stack(0x0000002725400000,0x0000002725500000)]
  0x000001c62dc87990 JavaThread "Unconstrained build operations Thread 39" [_thread_blocked, id=12956, stack(0x0000002725500000,0x0000002725600000)]
  0x000001c62dbecdf0 JavaThread "Unconstrained build operations Thread 40" [_thread_blocked, id=5248, stack(0x0000002725600000,0x0000002725700000)]
  0x000001c62c151080 JavaThread "WorkerExecutor Queue" [_thread_blocked, id=38564, stack(0x0000002725700000,0x0000002725800000)]
  0x000001c62c152890 JavaThread "WorkerExecutor Queue Thread 2" [_thread_blocked, id=15504, stack(0x0000002725800000,0x0000002725900000)]
  0x000001c62c151a20 JavaThread "WorkerExecutor Queue Thread 3" [_thread_blocked, id=34376, stack(0x0000002725900000,0x0000002725a00000)]
  0x000001c62c151550 JavaThread "WorkerExecutor Queue Thread 4" [_thread_blocked, id=8360, stack(0x0000002725a00000,0x0000002725b00000)]
  0x000001c62c698cc0 JavaThread "WorkerExecutor Queue Thread 5" [_thread_blocked, id=8324, stack(0x0000002725b00000,0x0000002725c00000)]
  0x000001c62cd06600 JavaThread "C2 CompilerThread6" daemon [_thread_blocked, id=9308, stack(0x0000002723200000,0x0000002723300000)]
  0x000001c62cd07020 JavaThread "C2 CompilerThread7" daemon [_thread_blocked, id=9704, stack(0x0000002725c00000,0x0000002725d00000)]

Other Threads:
=>0x000001c62101b020 VMThread "VM Thread" [stack: 0x000000271e800000,0x000000271e900000] [id=23460]
  0x000001c62141b2e0 WatcherThread "VM Periodic Task Thread" [stack: 0x000000271f800000,0x000000271f900000] [id=24000]
  0x000001c67c246370 WorkerThread "GC Thread#0" [stack: 0x000000271e300000,0x000000271e400000] [id=14604]
  0x000001c62150fd60 WorkerThread "GC Thread#1" [stack: 0x000000271f900000,0x000000271fa00000] [id=5356]
  0x000001c6215a7da0 WorkerThread "GC Thread#2" [stack: 0x000000271fa00000,0x000000271fb00000] [id=33392]
  0x000001c62162d470 WorkerThread "GC Thread#3" [stack: 0x000000271fb00000,0x000000271fc00000] [id=24468]
  0x000001c6214ccd30 WorkerThread "GC Thread#4" [stack: 0x000000271fc00000,0x000000271fd00000] [id=35880]
  0x000001c6214ccfd0 WorkerThread "GC Thread#5" [stack: 0x000000271fd00000,0x000000271fe00000] [id=9000]
  0x000001c622d83ae0 WorkerThread "GC Thread#6" [stack: 0x0000002720800000,0x0000002720900000] [id=9176]
  0x000001c623122c30 WorkerThread "GC Thread#7" [stack: 0x0000002720900000,0x0000002720a00000] [id=30440]
  0x000001c622ffade0 WorkerThread "GC Thread#8" [stack: 0x0000002720a00000,0x0000002720b00000] [id=30388]
  0x000001c623186890 WorkerThread "GC Thread#9" [stack: 0x0000002720b00000,0x0000002720c00000] [id=23976]
  0x000001c622fe57c0 WorkerThread "GC Thread#10" [stack: 0x0000002720c00000,0x0000002720d00000] [id=36756]
  0x000001c622ff9370 WorkerThread "GC Thread#11" [stack: 0x0000002720d00000,0x0000002720e00000] [id=24420]
  0x000001c6230fff80 WorkerThread "GC Thread#12" [stack: 0x0000002720e00000,0x0000002720f00000] [id=6832]
  0x000001c6230aef30 WorkerThread "GC Thread#13" [stack: 0x0000002720f00000,0x0000002721000000] [id=33912]
  0x000001c6230af710 WorkerThread "GC Thread#14" [stack: 0x0000002721000000,0x0000002721100000] [id=23996]
  0x000001c67c2581c0 ConcurrentGCThread "G1 Main Marker" [stack: 0x000000271e400000,0x000000271e500000] [id=37356]
  0x000001c67c258ac0 WorkerThread "G1 Conc#0" [stack: 0x000000271e500000,0x000000271e600000] [id=19272]
  0x000001c6230af1d0 WorkerThread "G1 Conc#1" [stack: 0x0000002721100000,0x0000002721200000] [id=35912]
  0x000001c6230b0430 WorkerThread "G1 Conc#2" [stack: 0x0000002721200000,0x0000002721300000] [id=35884]
  0x000001c6230af470 WorkerThread "G1 Conc#3" [stack: 0x0000002721300000,0x0000002721400000] [id=25980]
  0x000001c67c29e590 ConcurrentGCThread "G1 Refine#0" [stack: 0x000000271e600000,0x000000271e700000] [id=7424]
  0x000001c62553df80 ConcurrentGCThread "G1 Refine#1" [stack: 0x0000002722000000,0x0000002722100000] [id=19504]
  0x000001c62553eac0 ConcurrentGCThread "G1 Refine#2" [stack: 0x0000002725d00000,0x0000002725e00000] [id=28116]
  0x000001c62553c090 ConcurrentGCThread "G1 Refine#3" [stack: 0x0000002725e00000,0x0000002725f00000] [id=34336]
  0x000001c624b1fd70 ConcurrentGCThread "G1 Refine#4" [stack: 0x0000002725f00000,0x0000002726000000] [id=19324]
  0x000001c624b1e6f0 ConcurrentGCThread "G1 Refine#5" [stack: 0x0000002726000000,0x0000002726100000] [id=14964]
  0x000001c63003b6d0 ConcurrentGCThread "G1 Refine#6" [stack: 0x0000002726100000,0x0000002726200000] [id=14020]
  0x000001c63003a5f0 ConcurrentGCThread "G1 Refine#7" [stack: 0x0000002726200000,0x0000002726300000] [id=5112]
  0x000001c63003b9a0 ConcurrentGCThread "G1 Refine#8" [stack: 0x0000002726300000,0x0000002726400000] [id=35316]
  0x000001c63003ae60 ConcurrentGCThread "G1 Refine#9" [stack: 0x0000002726400000,0x0000002726500000] [id=20284]
  0x000001c63003ab90 ConcurrentGCThread "G1 Refine#10" [stack: 0x0000002726500000,0x0000002726600000] [id=6248]
  0x000001c63003d890 ConcurrentGCThread "G1 Refine#11" [stack: 0x0000002726600000,0x0000002726700000] [id=19156]
  0x000001c63003db60 ConcurrentGCThread "G1 Refine#12" [stack: 0x0000002726700000,0x0000002726800000] [id=35216]
  0x000001c63003bc70 ConcurrentGCThread "G1 Refine#13" [stack: 0x0000002726800000,0x0000002726900000] [id=17500]
  0x000001c63003cd50 ConcurrentGCThread "G1 Refine#14" [stack: 0x0000002726900000,0x0000002726a00000] [id=32572]
  0x000001c67c29ec50 ConcurrentGCThread "G1 Service" [stack: 0x000000271e700000,0x000000271e800000] [id=19028]

Threads with active compile tasks:
C2 CompilerThread0    16687 15916       4       com.android.tools.r8.graph.p4::a (165 bytes)
C1 CompilerThread1    16687 15922       3       com.android.tools.r8.internal.Ro0$$Lambda$2311/0x000001c62b00dc40::accept (11 bytes)
C1 CompilerThread3    16687 15921   !   3       com.android.tools.r8.internal.Jx::a (72 bytes)
C2 CompilerThread1    16687 15529       4       com.android.tools.r8.internal.vd::a (4363 bytes)
C2 CompilerThread2    16687 15536       4       com.android.tools.r8.graph.G3::b (716 bytes)
C2 CompilerThread3    16687 15815       4       com.android.tools.r8.graph.p4::a (121 bytes)
C2 CompilerThread4    16687 15826       4       com.android.tools.r8.graph.p4::a (956 bytes)
C2 CompilerThread5    16687 15918 %     4       java.util.IdentityHashMap::resize @ 104 (153 bytes)
C2 CompilerThread6    16687 15829 %     4       com.android.tools.r8.internal.vd::a @ 2930 (6886 bytes)
C2 CompilerThread7    16687 15906       4       com.android.tools.r8.internal.vd::a (1171 bytes)

VM state: at safepoint (normal execution)

VM Mutex/Monitor currently owned by a thread:  ([mutex/lock_event])
[0x000001c67c1e0530] Threads_lock - owner thread: 0x000001c62101b020
[0x000001c67c1e0ad0] Heap_lock - owner thread: 0x000001c62dc87990

GC Precious Log:
 CardTable entry size: 512
 Card Set container configuration: InlinePtr #cards 5 size 8 Array Of Cards #cards 12 size 40 Howl #buckets 4 coarsen threshold 1843 Howl Bitmap #cards 512 size 80 coarsen threshold 460 Card regions per heap region 1 cards per card region 2048
 CPUs: 20 total, 20 available
 Memory: 16128M
 Large Page Support: Disabled
 NUMA Support: Disabled
 Compressed Oops: Disabled
 Heap Region Size: 1M
 Heap Min Capacity: 8M
 Heap Initial Capacity: 254M
 Heap Max Capacity: 2G
 Pre-touch: Disabled
 Parallel Workers: 15
 Concurrent Workers: 4
 Concurrent Refinement Workers: 15
 Periodic GC: Disabled

Heap:
 garbage-first heap   total 587776K, used 395749K [0x000001c67ce00000, 0x000001c6fce00000)
  region size 1024K, 14 young (14336K), 14 survivors (14336K)
 Metaspace       used 121793K, committed 123072K, reserved 131072K

Heap Regions: E=young(eden), S=young(survivor), O=old, HS=humongous(starts), HC=humongous(continues), CS=collection set, F=free, OA=open archive, CA=closed archive, TAMS=top-at-mark-start (previous, next)
|   0|0x000001c67ce00000, 0x000001c67cf00000, 0x000001c67cf00000|100%|HS|  |TAMS 0x000001c67cf00000, 0x000001c67ce00000| Complete 
|   1|0x000001c67cf00000, 0x000001c67d000000, 0x000001c67d000000|100%|HC|  |TAMS 0x000001c67d000000, 0x000001c67cf00000| Complete 
|   2|0x000001c67d000000, 0x000001c67d100000, 0x000001c67d100000|100%|HC|  |TAMS 0x000001c67d100000, 0x000001c67d000000| Complete 
|   3|0x000001c67d100000, 0x000001c67d200000, 0x000001c67d200000|100%|HC|  |TAMS 0x000001c67d200000, 0x000001c67d100000| Complete 
|   4|0x000001c67d200000, 0x000001c67d300000, 0x000001c67d300000|100%| O|  |TAMS 0x000001c67d300000, 0x000001c67d200000| Untracked 
|   5|0x000001c67d300000, 0x000001c67d400000, 0x000001c67d400000|100%| O|  |TAMS 0x000001c67d400000, 0x000001c67d300000| Untracked 
|   6|0x000001c67d400000, 0x000001c67d500000, 0x000001c67d500000|100%| O|  |TAMS 0x000001c67d500000, 0x000001c67d400000| Untracked 
|   7|0x000001c67d500000, 0x000001c67d600000, 0x000001c67d600000|100%| O|  |TAMS 0x000001c67d600000, 0x000001c67d500000| Untracked 
|   8|0x000001c67d600000, 0x000001c67d700000, 0x000001c67d700000|100%|HS|  |TAMS 0x000001c67d700000, 0x000001c67d600000| Complete 
|   9|0x000001c67d700000, 0x000001c67d800000, 0x000001c67d800000|100%| O|  |TAMS 0x000001c67d800000, 0x000001c67d700000| Untracked 
|  10|0x000001c67d800000, 0x000001c67d900000, 0x000001c67d900000|100%| O|  |TAMS 0x000001c67d900000, 0x000001c67d800000| Untracked 
|  11|0x000001c67d900000, 0x000001c67da00000, 0x000001c67da00000|100%| O|  |TAMS 0x000001c67da00000, 0x000001c67d900000| Untracked 
|  12|0x000001c67da00000, 0x000001c67db00000, 0x000001c67db00000|100%| O|  |TAMS 0x000001c67db00000, 0x000001c67da00000| Untracked 
|  13|0x000001c67db00000, 0x000001c67dc00000, 0x000001c67dc00000|100%| O|  |TAMS 0x000001c67dc00000, 0x000001c67db00000| Untracked 
|  14|0x000001c67dc00000, 0x000001c67dd00000, 0x000001c67dd00000|100%| O|  |TAMS 0x000001c67dd00000, 0x000001c67dc00000| Untracked 
|  15|0x000001c67dd00000, 0x000001c67de00000, 0x000001c67de00000|100%| O|  |TAMS 0x000001c67de00000, 0x000001c67dd00000| Untracked 
|  16|0x000001c67de00000, 0x000001c67df00000, 0x000001c67df00000|100%| O|  |TAMS 0x000001c67df00000, 0x000001c67de00000| Untracked 
|  17|0x000001c67df00000, 0x000001c67e000000, 0x000001c67e000000|100%| O|  |TAMS 0x000001c67e000000, 0x000001c67df00000| Untracked 
|  18|0x000001c67e000000, 0x000001c67e100000, 0x000001c67e100000|100%| O|  |TAMS 0x000001c67e100000, 0x000001c67e000000| Untracked 
|  19|0x000001c67e100000, 0x000001c67e200000, 0x000001c67e200000|100%| O|  |TAMS 0x000001c67e200000, 0x000001c67e100000| Untracked 
|  20|0x000001c67e200000, 0x000001c67e300000, 0x000001c67e300000|100%| O|  |TAMS 0x000001c67e300000, 0x000001c67e200000| Untracked 
|  21|0x000001c67e300000, 0x000001c67e400000, 0x000001c67e400000|100%| O|  |TAMS 0x000001c67e400000, 0x000001c67e300000| Untracked 
|  22|0x000001c67e400000, 0x000001c67e500000, 0x000001c67e500000|100%| O|  |TAMS 0x000001c67e500000, 0x000001c67e400000| Untracked 
|  23|0x000001c67e500000, 0x000001c67e600000, 0x000001c67e600000|100%| O|  |TAMS 0x000001c67e600000, 0x000001c67e500000| Untracked 
|  24|0x000001c67e600000, 0x000001c67e700000, 0x000001c67e700000|100%| O|  |TAMS 0x000001c67e700000, 0x000001c67e600000| Untracked 
|  25|0x000001c67e700000, 0x000001c67e800000, 0x000001c67e800000|100%| O|  |TAMS 0x000001c67e800000, 0x000001c67e700000| Untracked 
|  26|0x000001c67e800000, 0x000001c67e900000, 0x000001c67e900000|100%|HS|  |TAMS 0x000001c67e900000, 0x000001c67e800000| Complete 
|  27|0x000001c67e900000, 0x000001c67ea00000, 0x000001c67ea00000|100%|HS|  |TAMS 0x000001c67ea00000, 0x000001c67e900000| Complete 
|  28|0x000001c67ea00000, 0x000001c67eb00000, 0x000001c67eb00000|100%| O|  |TAMS 0x000001c67eb00000, 0x000001c67ea00000| Untracked 
|  29|0x000001c67eb00000, 0x000001c67ec00000, 0x000001c67ec00000|100%| O|  |TAMS 0x000001c67ec00000, 0x000001c67eb00000| Untracked 
|  30|0x000001c67ec00000, 0x000001c67ed00000, 0x000001c67ed00000|100%| O|  |TAMS 0x000001c67ed00000, 0x000001c67ec00000| Untracked 
|  31|0x000001c67ed00000, 0x000001c67ee00000, 0x000001c67ee00000|100%| O|  |TAMS 0x000001c67ee00000, 0x000001c67ed00000| Untracked 
|  32|0x000001c67ee00000, 0x000001c67ef00000, 0x000001c67ef00000|100%| O|  |TAMS 0x000001c67ef00000, 0x000001c67ee00000| Untracked 
|  33|0x000001c67ef00000, 0x000001c67f000000, 0x000001c67f000000|100%| O|  |TAMS 0x000001c67f000000, 0x000001c67ef00000| Untracked 
|  34|0x000001c67f000000, 0x000001c67f100000, 0x000001c67f100000|100%| O|  |TAMS 0x000001c67f100000, 0x000001c67f000000| Untracked 
|  35|0x000001c67f100000, 0x000001c67f200000, 0x000001c67f200000|100%| O|  |TAMS 0x000001c67f200000, 0x000001c67f100000| Untracked 
|  36|0x000001c67f200000, 0x000001c67f300000, 0x000001c67f300000|100%| O|  |TAMS 0x000001c67f300000, 0x000001c67f200000| Untracked 
|  37|0x000001c67f300000, 0x000001c67f400000, 0x000001c67f400000|100%| O|  |TAMS 0x000001c67f400000, 0x000001c67f300000| Untracked 
|  38|0x000001c67f400000, 0x000001c67f500000, 0x000001c67f500000|100%| O|  |TAMS 0x000001c67f500000, 0x000001c67f400000| Untracked 
|  39|0x000001c67f500000, 0x000001c67f600000, 0x000001c67f600000|100%| O|  |TAMS 0x000001c67f600000, 0x000001c67f500000| Untracked 
|  40|0x000001c67f600000, 0x000001c67f700000, 0x000001c67f700000|100%| O|  |TAMS 0x000001c67f700000, 0x000001c67f600000| Untracked 
|  41|0x000001c67f700000, 0x000001c67f800000, 0x000001c67f800000|100%| O|  |TAMS 0x000001c67f800000, 0x000001c67f700000| Untracked 
|  42|0x000001c67f800000, 0x000001c67f900000, 0x000001c67f900000|100%| O|  |TAMS 0x000001c67f900000, 0x000001c67f800000| Untracked 
|  43|0x000001c67f900000, 0x000001c67fa00000, 0x000001c67fa00000|100%| O|  |TAMS 0x000001c67fa00000, 0x000001c67f900000| Untracked 
|  44|0x000001c67fa00000, 0x000001c67fb00000, 0x000001c67fb00000|100%| O|  |TAMS 0x000001c67fb00000, 0x000001c67fa00000| Untracked 
|  45|0x000001c67fb00000, 0x000001c67fc00000, 0x000001c67fc00000|100%| O|  |TAMS 0x000001c67fc00000, 0x000001c67fb00000| Untracked 
|  46|0x000001c67fc00000, 0x000001c67fd00000, 0x000001c67fd00000|100%| O|  |TAMS 0x000001c67fd00000, 0x000001c67fc00000| Untracked 
|  47|0x000001c67fd00000, 0x000001c67fe00000, 0x000001c67fe00000|100%| O|  |TAMS 0x000001c67fe00000, 0x000001c67fd00000| Untracked 
|  48|0x000001c67fe00000, 0x000001c67ff00000, 0x000001c67ff00000|100%| O|  |TAMS 0x000001c67ff00000, 0x000001c67fe00000| Untracked 
|  49|0x000001c67ff00000, 0x000001c680000000, 0x000001c680000000|100%| O|  |TAMS 0x000001c680000000, 0x000001c67ff00000| Untracked 
|  50|0x000001c680000000, 0x000001c680100000, 0x000001c680100000|100%| O|  |TAMS 0x000001c680100000, 0x000001c680000000| Untracked 
|  51|0x000001c680100000, 0x000001c680200000, 0x000001c680200000|100%| O|  |TAMS 0x000001c680200000, 0x000001c680100000| Untracked 
|  52|0x000001c680200000, 0x000001c680300000, 0x000001c680300000|100%| O|  |TAMS 0x000001c680300000, 0x000001c680200000| Untracked 
|  53|0x000001c680300000, 0x000001c680400000, 0x000001c680400000|100%| O|  |TAMS 0x000001c680400000, 0x000001c680300000| Untracked 
|  54|0x000001c680400000, 0x000001c680500000, 0x000001c680500000|100%| O|  |TAMS 0x000001c680500000, 0x000001c680400000| Untracked 
|  55|0x000001c680500000, 0x000001c680600000, 0x000001c680600000|100%| O|  |TAMS 0x000001c680600000, 0x000001c680500000| Untracked 
|  56|0x000001c680600000, 0x000001c680700000, 0x000001c680700000|100%| O|  |TAMS 0x000001c680700000, 0x000001c680600000| Untracked 
|  57|0x000001c680700000, 0x000001c680800000, 0x000001c680800000|100%| O|  |TAMS 0x000001c680800000, 0x000001c680700000| Untracked 
|  58|0x000001c680800000, 0x000001c680900000, 0x000001c680900000|100%| O|  |TAMS 0x000001c680900000, 0x000001c680800000| Untracked 
|  59|0x000001c680900000, 0x000001c680a00000, 0x000001c680a00000|100%| O|  |TAMS 0x000001c680a00000, 0x000001c680900000| Untracked 
|  60|0x000001c680a00000, 0x000001c680b00000, 0x000001c680b00000|100%|HS|  |TAMS 0x000001c680b00000, 0x000001c680a00000| Complete 
|  61|0x000001c680b00000, 0x000001c680c00000, 0x000001c680c00000|100%|HS|  |TAMS 0x000001c680c00000, 0x000001c680b00000| Complete 
|  62|0x000001c680c00000, 0x000001c680d00000, 0x000001c680d00000|100%|HC|  |TAMS 0x000001c680d00000, 0x000001c680c00000| Complete 
|  63|0x000001c680d00000, 0x000001c680e00000, 0x000001c680e00000|100%|HS|  |TAMS 0x000001c680e00000, 0x000001c680d00000| Complete 
|  64|0x000001c680e00000, 0x000001c680f00000, 0x000001c680f00000|100%|HC|  |TAMS 0x000001c680f00000, 0x000001c680e00000| Complete 
|  65|0x000001c680f00000, 0x000001c681000000, 0x000001c681000000|100%| O|  |TAMS 0x000001c681000000, 0x000001c680f00000| Untracked 
|  66|0x000001c681000000, 0x000001c681100000, 0x000001c681100000|100%| O|  |TAMS 0x000001c681100000, 0x000001c681000000| Untracked 
|  67|0x000001c681100000, 0x000001c681200000, 0x000001c681200000|100%| O|  |TAMS 0x000001c681200000, 0x000001c681100000| Untracked 
|  68|0x000001c681200000, 0x000001c681300000, 0x000001c681300000|100%| O|  |TAMS 0x000001c681300000, 0x000001c681200000| Untracked 
|  69|0x000001c681300000, 0x000001c681400000, 0x000001c681400000|100%| O|  |TAMS 0x000001c681400000, 0x000001c681300000| Untracked 
|  70|0x000001c681400000, 0x000001c681500000, 0x000001c681500000|100%| O|  |TAMS 0x000001c681500000, 0x000001c681400000| Untracked 
|  71|0x000001c681500000, 0x000001c681600000, 0x000001c681600000|100%|HS|  |TAMS 0x000001c681600000, 0x000001c681500000| Complete 
|  72|0x000001c681600000, 0x000001c681700000, 0x000001c681700000|100%|HC|  |TAMS 0x000001c681700000, 0x000001c681600000| Complete 
|  73|0x000001c681700000, 0x000001c681800000, 0x000001c681800000|100%|HC|  |TAMS 0x000001c681800000, 0x000001c681700000| Complete 
|  74|0x000001c681800000, 0x000001c681900000, 0x000001c681900000|100%|HS|  |TAMS 0x000001c681900000, 0x000001c681800000| Complete 
|  75|0x000001c681900000, 0x000001c681a00000, 0x000001c681a00000|100%| O|  |TAMS 0x000001c681a00000, 0x000001c681900000| Untracked 
|  76|0x000001c681a00000, 0x000001c681b00000, 0x000001c681b00000|100%|HS|  |TAMS 0x000001c681b00000, 0x000001c681a00000| Complete 
|  77|0x000001c681b00000, 0x000001c681c00000, 0x000001c681c00000|100%|HS|  |TAMS 0x000001c681c00000, 0x000001c681b00000| Complete 
|  78|0x000001c681c00000, 0x000001c681d00000, 0x000001c681d00000|100%| O|  |TAMS 0x000001c681d00000, 0x000001c681c00000| Untracked 
|  79|0x000001c681d00000, 0x000001c681e00000, 0x000001c681e00000|100%| O|  |TAMS 0x000001c681e00000, 0x000001c681d00000| Untracked 
|  80|0x000001c681e00000, 0x000001c681f00000, 0x000001c681f00000|100%| O|  |TAMS 0x000001c681f00000, 0x000001c681e00000| Untracked 
|  81|0x000001c681f00000, 0x000001c682000000, 0x000001c682000000|100%| O|  |TAMS 0x000001c682000000, 0x000001c681f00000| Untracked 
|  82|0x000001c682000000, 0x000001c682100000, 0x000001c682100000|100%| O|  |TAMS 0x000001c682100000, 0x000001c682000000| Untracked 
|  83|0x000001c682100000, 0x000001c682200000, 0x000001c682200000|100%| O|  |TAMS 0x000001c682200000, 0x000001c682100000| Untracked 
|  84|0x000001c682200000, 0x000001c682300000, 0x000001c682300000|100%| O|  |TAMS 0x000001c682300000, 0x000001c682200000| Untracked 
|  85|0x000001c682300000, 0x000001c682400000, 0x000001c682400000|100%| O|  |TAMS 0x000001c682400000, 0x000001c682300000| Untracked 
|  86|0x000001c682400000, 0x000001c682500000, 0x000001c682500000|100%| O|  |TAMS 0x000001c682500000, 0x000001c682400000| Untracked 
|  87|0x000001c682500000, 0x000001c682600000, 0x000001c682600000|100%|HS|  |TAMS 0x000001c682600000, 0x000001c682500000| Complete 
|  88|0x000001c682600000, 0x000001c682700000, 0x000001c682700000|100%| O|  |TAMS 0x000001c682700000, 0x000001c682600000| Untracked 
|  89|0x000001c682700000, 0x000001c682800000, 0x000001c682800000|100%| O|  |TAMS 0x000001c682800000, 0x000001c682700000| Untracked 
|  90|0x000001c682800000, 0x000001c682900000, 0x000001c682900000|100%| O|  |TAMS 0x000001c682900000, 0x000001c682800000| Untracked 
|  91|0x000001c682900000, 0x000001c682a00000, 0x000001c682a00000|100%| O|  |TAMS 0x000001c682a00000, 0x000001c682900000| Untracked 
|  92|0x000001c682a00000, 0x000001c682b00000, 0x000001c682b00000|100%| O|  |TAMS 0x000001c682b00000, 0x000001c682a00000| Untracked 
|  93|0x000001c682b00000, 0x000001c682c00000, 0x000001c682c00000|100%| O|  |TAMS 0x000001c682c00000, 0x000001c682b00000| Untracked 
|  94|0x000001c682c00000, 0x000001c682d00000, 0x000001c682d00000|100%| O|  |TAMS 0x000001c682d00000, 0x000001c682c00000| Untracked 
|  95|0x000001c682d00000, 0x000001c682e00000, 0x000001c682e00000|100%|HS|  |TAMS 0x000001c682e00000, 0x000001c682d00000| Complete 
|  96|0x000001c682e00000, 0x000001c682f00000, 0x000001c682f00000|100%|HC|  |TAMS 0x000001c682f00000, 0x000001c682e00000| Complete 
|  97|0x000001c682f00000, 0x000001c683000000, 0x000001c683000000|100%|HC|  |TAMS 0x000001c683000000, 0x000001c682f00000| Complete 
|  98|0x000001c683000000, 0x000001c683100000, 0x000001c683100000|100%| O|  |TAMS 0x000001c683100000, 0x000001c683000000| Untracked 
|  99|0x000001c683100000, 0x000001c683200000, 0x000001c683200000|100%| O|  |TAMS 0x000001c683200000, 0x000001c683100000| Untracked 
| 100|0x000001c683200000, 0x000001c683300000, 0x000001c683300000|100%| O|  |TAMS 0x000001c683300000, 0x000001c683200000| Untracked 
| 101|0x000001c683300000, 0x000001c683400000, 0x000001c683400000|100%| O|  |TAMS 0x000001c683400000, 0x000001c683300000| Untracked 
| 102|0x000001c683400000, 0x000001c683500000, 0x000001c683500000|100%| O|  |TAMS 0x000001c683500000, 0x000001c683400000| Untracked 
| 103|0x000001c683500000, 0x000001c683600000, 0x000001c683600000|100%| O|  |TAMS 0x000001c683600000, 0x000001c683500000| Untracked 
| 104|0x000001c683600000, 0x000001c683700000, 0x000001c683700000|100%| O|  |TAMS 0x000001c683700000, 0x000001c683600000| Untracked 
| 105|0x000001c683700000, 0x000001c683800000, 0x000001c683800000|100%| O|  |TAMS 0x000001c683800000, 0x000001c683700000| Untracked 
| 106|0x000001c683800000, 0x000001c683900000, 0x000001c683900000|100%| O|  |TAMS 0x000001c683900000, 0x000001c683800000| Untracked 
| 107|0x000001c683900000, 0x000001c683a00000, 0x000001c683a00000|100%| O|  |TAMS 0x000001c683a00000, 0x000001c683900000| Untracked 
| 108|0x000001c683a00000, 0x000001c683b00000, 0x000001c683b00000|100%| O|  |TAMS 0x000001c683b00000, 0x000001c683a00000| Untracked 
| 109|0x000001c683b00000, 0x000001c683c00000, 0x000001c683c00000|100%| O|  |TAMS 0x000001c683c00000, 0x000001c683b00000| Untracked 
| 110|0x000001c683c00000, 0x000001c683d00000, 0x000001c683d00000|100%| O|  |TAMS 0x000001c683d00000, 0x000001c683c00000| Untracked 
| 111|0x000001c683d00000, 0x000001c683e00000, 0x000001c683e00000|100%| O|  |TAMS 0x000001c683e00000, 0x000001c683d00000| Untracked 
| 112|0x000001c683e00000, 0x000001c683f00000, 0x000001c683f00000|100%| O|  |TAMS 0x000001c683f00000, 0x000001c683e00000| Untracked 
| 113|0x000001c683f00000, 0x000001c684000000, 0x000001c684000000|100%| O|  |TAMS 0x000001c684000000, 0x000001c683f00000| Untracked 
| 114|0x000001c684000000, 0x000001c684100000, 0x000001c684100000|100%| O|  |TAMS 0x000001c684100000, 0x000001c684000000| Untracked 
| 115|0x000001c684100000, 0x000001c684200000, 0x000001c684200000|100%| O|  |TAMS 0x000001c684200000, 0x000001c684100000| Untracked 
| 116|0x000001c684200000, 0x000001c684300000, 0x000001c684300000|100%| O|  |TAMS 0x000001c684300000, 0x000001c684200000| Untracked 
| 117|0x000001c684300000, 0x000001c684400000, 0x000001c684400000|100%| O|  |TAMS 0x000001c684400000, 0x000001c684300000| Untracked 
| 118|0x000001c684400000, 0x000001c684500000, 0x000001c684500000|100%| O|  |TAMS 0x000001c684500000, 0x000001c684400000| Untracked 
| 119|0x000001c684500000, 0x000001c684600000, 0x000001c684600000|100%| O|  |TAMS 0x000001c684600000, 0x000001c684500000| Untracked 
| 120|0x000001c684600000, 0x000001c684700000, 0x000001c684700000|100%| O|  |TAMS 0x000001c684700000, 0x000001c684600000| Untracked 
| 121|0x000001c684700000, 0x000001c684800000, 0x000001c684800000|100%| O|  |TAMS 0x000001c684800000, 0x000001c684700000| Untracked 
| 122|0x000001c684800000, 0x000001c684900000, 0x000001c684900000|100%| O|  |TAMS 0x000001c684900000, 0x000001c684800000| Untracked 
| 123|0x000001c684900000, 0x000001c684a00000, 0x000001c684a00000|100%| O|  |TAMS 0x000001c684a00000, 0x000001c684900000| Untracked 
| 124|0x000001c684a00000, 0x000001c684b00000, 0x000001c684b00000|100%| O|  |TAMS 0x000001c684b00000, 0x000001c684a00000| Untracked 
| 125|0x000001c684b00000, 0x000001c684c00000, 0x000001c684c00000|100%| O|  |TAMS 0x000001c684c00000, 0x000001c684b00000| Untracked 
| 126|0x000001c684c00000, 0x000001c684d00000, 0x000001c684d00000|100%| O|  |TAMS 0x000001c684d00000, 0x000001c684c00000| Untracked 
| 127|0x000001c684d00000, 0x000001c684e00000, 0x000001c684e00000|100%| O|  |TAMS 0x000001c684e00000, 0x000001c684d00000| Untracked 
| 128|0x000001c684e00000, 0x000001c684f00000, 0x000001c684f00000|100%| O|  |TAMS 0x000001c684f00000, 0x000001c684e00000| Untracked 
| 129|0x000001c684f00000, 0x000001c685000000, 0x000001c685000000|100%| O|  |TAMS 0x000001c685000000, 0x000001c684f00000| Untracked 
| 130|0x000001c685000000, 0x000001c685100000, 0x000001c685100000|100%| O|  |TAMS 0x000001c685100000, 0x000001c685000000| Untracked 
| 131|0x000001c685100000, 0x000001c685200000, 0x000001c685200000|100%| O|  |TAMS 0x000001c685200000, 0x000001c685100000| Untracked 
| 132|0x000001c685200000, 0x000001c685300000, 0x000001c685300000|100%| O|  |TAMS 0x000001c685300000, 0x000001c685200000| Untracked 
| 133|0x000001c685300000, 0x000001c685400000, 0x000001c685400000|100%| O|  |TAMS 0x000001c685400000, 0x000001c685300000| Untracked 
| 134|0x000001c685400000, 0x000001c685500000, 0x000001c685500000|100%| O|  |TAMS 0x000001c685500000, 0x000001c685400000| Untracked 
| 135|0x000001c685500000, 0x000001c685600000, 0x000001c685600000|100%| O|  |TAMS 0x000001c685600000, 0x000001c685500000| Untracked 
| 136|0x000001c685600000, 0x000001c685700000, 0x000001c685700000|100%| O|  |TAMS 0x000001c685700000, 0x000001c685600000| Untracked 
| 137|0x000001c685700000, 0x000001c685800000, 0x000001c685800000|100%| O|  |TAMS 0x000001c685800000, 0x000001c685700000| Untracked 
| 138|0x000001c685800000, 0x000001c685900000, 0x000001c685900000|100%| O|  |TAMS 0x000001c685900000, 0x000001c685800000| Untracked 
| 139|0x000001c685900000, 0x000001c685a00000, 0x000001c685a00000|100%| O|  |TAMS 0x000001c685a00000, 0x000001c685900000| Untracked 
| 140|0x000001c685a00000, 0x000001c685b00000, 0x000001c685b00000|100%| O|  |TAMS 0x000001c685b00000, 0x000001c685a00000| Untracked 
| 141|0x000001c685b00000, 0x000001c685c00000, 0x000001c685c00000|100%| O|  |TAMS 0x000001c685c00000, 0x000001c685b00000| Untracked 
| 142|0x000001c685c00000, 0x000001c685d00000, 0x000001c685d00000|100%| O|  |TAMS 0x000001c685d00000, 0x000001c685c00000| Untracked 
| 143|0x000001c685d00000, 0x000001c685e00000, 0x000001c685e00000|100%| O|  |TAMS 0x000001c685e00000, 0x000001c685d00000| Untracked 
| 144|0x000001c685e00000, 0x000001c685f00000, 0x000001c685f00000|100%| O|  |TAMS 0x000001c685f00000, 0x000001c685e00000| Untracked 
| 145|0x000001c685f00000, 0x000001c686000000, 0x000001c686000000|100%| O|  |TAMS 0x000001c686000000, 0x000001c685f00000| Untracked 
| 146|0x000001c686000000, 0x000001c686100000, 0x000001c686100000|100%| O|  |TAMS 0x000001c686100000, 0x000001c686000000| Untracked 
| 147|0x000001c686100000, 0x000001c686200000, 0x000001c686200000|100%| O|  |TAMS 0x000001c686200000, 0x000001c686100000| Untracked 
| 148|0x000001c686200000, 0x000001c686300000, 0x000001c686300000|100%| O|  |TAMS 0x000001c686300000, 0x000001c686200000| Untracked 
| 149|0x000001c686300000, 0x000001c686400000, 0x000001c686400000|100%| O|  |TAMS 0x000001c686400000, 0x000001c686300000| Untracked 
| 150|0x000001c686400000, 0x000001c686500000, 0x000001c686500000|100%|HS|  |TAMS 0x000001c686500000, 0x000001c686400000| Complete 
| 151|0x000001c686500000, 0x000001c686600000, 0x000001c686600000|100%|HC|  |TAMS 0x000001c686600000, 0x000001c686500000| Complete 
| 152|0x000001c686600000, 0x000001c686700000, 0x000001c686700000|100%| O|  |TAMS 0x000001c686700000, 0x000001c686600000| Untracked 
| 153|0x000001c686700000, 0x000001c686800000, 0x000001c686800000|100%| O|  |TAMS 0x000001c686800000, 0x000001c686700000| Untracked 
| 154|0x000001c686800000, 0x000001c686900000, 0x000001c686900000|100%| O|  |TAMS 0x000001c686900000, 0x000001c686800000| Untracked 
| 155|0x000001c686900000, 0x000001c686a00000, 0x000001c686a00000|100%| O|  |TAMS 0x000001c686a00000, 0x000001c686900000| Untracked 
| 156|0x000001c686a00000, 0x000001c686b00000, 0x000001c686b00000|100%| O|  |TAMS 0x000001c686b00000, 0x000001c686a00000| Untracked 
| 157|0x000001c686b00000, 0x000001c686c00000, 0x000001c686c00000|100%| O|  |TAMS 0x000001c686c00000, 0x000001c686b00000| Untracked 
| 158|0x000001c686c00000, 0x000001c686d00000, 0x000001c686d00000|100%| O|  |TAMS 0x000001c686d00000, 0x000001c686c00000| Untracked 
| 159|0x000001c686d00000, 0x000001c686e00000, 0x000001c686e00000|100%| O|  |TAMS 0x000001c686e00000, 0x000001c686d00000| Untracked 
| 160|0x000001c686e00000, 0x000001c686f00000, 0x000001c686f00000|100%| O|  |TAMS 0x000001c686f00000, 0x000001c686e00000| Untracked 
| 161|0x000001c686f00000, 0x000001c687000000, 0x000001c687000000|100%| O|  |TAMS 0x000001c687000000, 0x000001c686f00000| Untracked 
| 162|0x000001c687000000, 0x000001c687100000, 0x000001c687100000|100%| O|  |TAMS 0x000001c687100000, 0x000001c687000000| Untracked 
| 163|0x000001c687100000, 0x000001c687200000, 0x000001c687200000|100%| O|  |TAMS 0x000001c687200000, 0x000001c687100000| Untracked 
| 164|0x000001c687200000, 0x000001c687300000, 0x000001c687300000|100%| O|  |TAMS 0x000001c687300000, 0x000001c687200000| Untracked 
| 165|0x000001c687300000, 0x000001c687400000, 0x000001c687400000|100%| O|  |TAMS 0x000001c687400000, 0x000001c687300000| Untracked 
| 166|0x000001c687400000, 0x000001c687500000, 0x000001c687500000|100%| O|  |TAMS 0x000001c687500000, 0x000001c687400000| Untracked 
| 167|0x000001c687500000, 0x000001c687600000, 0x000001c687600000|100%| O|  |TAMS 0x000001c687600000, 0x000001c687500000| Untracked 
| 168|0x000001c687600000, 0x000001c687700000, 0x000001c687700000|100%| O|  |TAMS 0x000001c687700000, 0x000001c687600000| Untracked 
| 169|0x000001c687700000, 0x000001c687800000, 0x000001c687800000|100%| O|  |TAMS 0x000001c687800000, 0x000001c687700000| Untracked 
| 170|0x000001c687800000, 0x000001c687900000, 0x000001c687900000|100%| O|  |TAMS 0x000001c687900000, 0x000001c687800000| Untracked 
| 171|0x000001c687900000, 0x000001c687a00000, 0x000001c687a00000|100%| O|  |TAMS 0x000001c687a00000, 0x000001c687900000| Untracked 
| 172|0x000001c687a00000, 0x000001c687b00000, 0x000001c687b00000|100%| O|  |TAMS 0x000001c687b00000, 0x000001c687a00000| Untracked 
| 173|0x000001c687b00000, 0x000001c687c00000, 0x000001c687c00000|100%| O|  |TAMS 0x000001c687c00000, 0x000001c687b00000| Untracked 
| 174|0x000001c687c00000, 0x000001c687d00000, 0x000001c687d00000|100%| O|  |TAMS 0x000001c687d00000, 0x000001c687c00000| Untracked 
| 175|0x000001c687d00000, 0x000001c687e00000, 0x000001c687e00000|100%| O|  |TAMS 0x000001c687e00000, 0x000001c687d00000| Untracked 
| 176|0x000001c687e00000, 0x000001c687f00000, 0x000001c687f00000|100%| O|  |TAMS 0x000001c687f00000, 0x000001c687e00000| Untracked 
| 177|0x000001c687f00000, 0x000001c688000000, 0x000001c688000000|100%| O|  |TAMS 0x000001c688000000, 0x000001c687f00000| Untracked 
| 178|0x000001c688000000, 0x000001c688100000, 0x000001c688100000|100%| O|  |TAMS 0x000001c688100000, 0x000001c688000000| Untracked 
| 179|0x000001c688100000, 0x000001c688200000, 0x000001c688200000|100%| O|  |TAMS 0x000001c688200000, 0x000001c688100000| Untracked 
| 180|0x000001c688200000, 0x000001c688300000, 0x000001c688300000|100%| O|  |TAMS 0x000001c688300000, 0x000001c688200000| Untracked 
| 181|0x000001c688300000, 0x000001c688400000, 0x000001c688400000|100%| O|  |TAMS 0x000001c688400000, 0x000001c688300000| Untracked 
| 182|0x000001c688400000, 0x000001c688500000, 0x000001c688500000|100%| O|  |TAMS 0x000001c688500000, 0x000001c688400000| Untracked 
| 183|0x000001c688500000, 0x000001c688600000, 0x000001c688600000|100%| O|  |TAMS 0x000001c688600000, 0x000001c688500000| Untracked 
| 184|0x000001c688600000, 0x000001c688700000, 0x000001c688700000|100%| O|  |TAMS 0x000001c688700000, 0x000001c688600000| Untracked 
| 185|0x000001c688700000, 0x000001c688800000, 0x000001c688800000|100%| O|  |TAMS 0x000001c688800000, 0x000001c688700000| Untracked 
| 186|0x000001c688800000, 0x000001c688900000, 0x000001c688900000|100%| O|  |TAMS 0x000001c688900000, 0x000001c688800000| Untracked 
| 187|0x000001c688900000, 0x000001c688a00000, 0x000001c688a00000|100%| O|  |TAMS 0x000001c688a00000, 0x000001c688900000| Untracked 
| 188|0x000001c688a00000, 0x000001c688b00000, 0x000001c688b00000|100%| O|  |TAMS 0x000001c688b00000, 0x000001c688a00000| Untracked 
| 189|0x000001c688b00000, 0x000001c688c00000, 0x000001c688c00000|100%| O|  |TAMS 0x000001c688c00000, 0x000001c688b00000| Untracked 
| 190|0x000001c688c00000, 0x000001c688d00000, 0x000001c688d00000|100%| O|  |TAMS 0x000001c688d00000, 0x000001c688c00000| Untracked 
| 191|0x000001c688d00000, 0x000001c688e00000, 0x000001c688e00000|100%| O|  |TAMS 0x000001c688e00000, 0x000001c688d00000| Untracked 
| 192|0x000001c688e00000, 0x000001c688f00000, 0x000001c688f00000|100%| O|  |TAMS 0x000001c688f00000, 0x000001c688e00000| Untracked 
| 193|0x000001c688f00000, 0x000001c689000000, 0x000001c689000000|100%| O|  |TAMS 0x000001c689000000, 0x000001c688f00000| Untracked 
| 194|0x000001c689000000, 0x000001c689100000, 0x000001c689100000|100%| O|  |TAMS 0x000001c689100000, 0x000001c689000000| Untracked 
| 195|0x000001c689100000, 0x000001c689200000, 0x000001c689200000|100%| O|  |TAMS 0x000001c689200000, 0x000001c689100000| Untracked 
| 196|0x000001c689200000, 0x000001c689300000, 0x000001c689300000|100%| O|  |TAMS 0x000001c689300000, 0x000001c689200000| Untracked 
| 197|0x000001c689300000, 0x000001c689400000, 0x000001c689400000|100%| O|  |TAMS 0x000001c689400000, 0x000001c689300000| Untracked 
| 198|0x000001c689400000, 0x000001c689500000, 0x000001c689500000|100%| O|  |TAMS 0x000001c689500000, 0x000001c689400000| Untracked 
| 199|0x000001c689500000, 0x000001c689600000, 0x000001c689600000|100%| O|  |TAMS 0x000001c689600000, 0x000001c689500000| Untracked 
| 200|0x000001c689600000, 0x000001c689700000, 0x000001c689700000|100%| O|  |TAMS 0x000001c689700000, 0x000001c689600000| Untracked 
| 201|0x000001c689700000, 0x000001c689800000, 0x000001c689800000|100%| O|  |TAMS 0x000001c689800000, 0x000001c689700000| Untracked 
| 202|0x000001c689800000, 0x000001c689900000, 0x000001c689900000|100%| O|  |TAMS 0x000001c689900000, 0x000001c689800000| Untracked 
| 203|0x000001c689900000, 0x000001c689a00000, 0x000001c689a00000|100%|HS|  |TAMS 0x000001c689900000, 0x000001c689900000| Complete 
| 204|0x000001c689a00000, 0x000001c689b00000, 0x000001c689b00000|100%|HS|  |TAMS 0x000001c689a00000, 0x000001c689a00000| Complete 
| 205|0x000001c689b00000, 0x000001c689c00000, 0x000001c689c00000|100%| O|  |TAMS 0x000001c689c00000, 0x000001c689b00000| Untracked 
| 206|0x000001c689c00000, 0x000001c689d00000, 0x000001c689d00000|100%| O|  |TAMS 0x000001c689d00000, 0x000001c689c00000| Untracked 
| 207|0x000001c689d00000, 0x000001c689e00000, 0x000001c689e00000|100%| O|  |TAMS 0x000001c689e00000, 0x000001c689d00000| Untracked 
| 208|0x000001c689e00000, 0x000001c689f00000, 0x000001c689f00000|100%| O|  |TAMS 0x000001c689f00000, 0x000001c689e00000| Untracked 
| 209|0x000001c689f00000, 0x000001c68a000000, 0x000001c68a000000|100%| O|  |TAMS 0x000001c68a000000, 0x000001c689f00000| Untracked 
| 210|0x000001c68a000000, 0x000001c68a100000, 0x000001c68a100000|100%| O|  |TAMS 0x000001c68a100000, 0x000001c68a000000| Untracked 
| 211|0x000001c68a100000, 0x000001c68a200000, 0x000001c68a200000|100%| O|  |TAMS 0x000001c68a200000, 0x000001c68a100000| Untracked 
| 212|0x000001c68a200000, 0x000001c68a300000, 0x000001c68a300000|100%| O|  |TAMS 0x000001c68a300000, 0x000001c68a200000| Untracked 
| 213|0x000001c68a300000, 0x000001c68a400000, 0x000001c68a400000|100%| O|  |TAMS 0x000001c68a400000, 0x000001c68a300000| Untracked 
| 214|0x000001c68a400000, 0x000001c68a500000, 0x000001c68a500000|100%| O|  |TAMS 0x000001c68a400000, 0x000001c68a400000| Untracked 
| 215|0x000001c68a500000, 0x000001c68a600000, 0x000001c68a600000|100%| O|  |TAMS 0x000001c68a500000, 0x000001c68a500000| Untracked 
| 216|0x000001c68a600000, 0x000001c68a700000, 0x000001c68a700000|100%| O|  |TAMS 0x000001c68a700000, 0x000001c68a600000| Untracked 
| 217|0x000001c68a700000, 0x000001c68a800000, 0x000001c68a800000|100%| O|  |TAMS 0x000001c68a800000, 0x000001c68a700000| Untracked 
| 218|0x000001c68a800000, 0x000001c68a900000, 0x000001c68a900000|100%| O|  |TAMS 0x000001c68a900000, 0x000001c68a800000| Untracked 
| 219|0x000001c68a900000, 0x000001c68aa00000, 0x000001c68aa00000|100%| O|  |TAMS 0x000001c68aa00000, 0x000001c68a900000| Untracked 
| 220|0x000001c68aa00000, 0x000001c68ab00000, 0x000001c68ab00000|100%| O|  |TAMS 0x000001c68ab00000, 0x000001c68aa00000| Untracked 
| 221|0x000001c68ab00000, 0x000001c68ac00000, 0x000001c68ac00000|100%| O|  |TAMS 0x000001c68ac00000, 0x000001c68ab00000| Untracked 
| 222|0x000001c68ac00000, 0x000001c68ad00000, 0x000001c68ad00000|100%| O|  |TAMS 0x000001c68ad00000, 0x000001c68ac00000| Untracked 
| 223|0x000001c68ad00000, 0x000001c68ae00000, 0x000001c68ae00000|100%| O|  |TAMS 0x000001c68ae00000, 0x000001c68ad00000| Untracked 
| 224|0x000001c68ae00000, 0x000001c68af00000, 0x000001c68af00000|100%| O|  |TAMS 0x000001c68af00000, 0x000001c68ae00000| Untracked 
| 225|0x000001c68af00000, 0x000001c68b000000, 0x000001c68b000000|100%| O|  |TAMS 0x000001c68b000000, 0x000001c68af00000| Untracked 
| 226|0x000001c68b000000, 0x000001c68b100000, 0x000001c68b100000|100%| O|  |TAMS 0x000001c68b100000, 0x000001c68b000000| Untracked 
| 227|0x000001c68b100000, 0x000001c68b200000, 0x000001c68b200000|100%| O|  |TAMS 0x000001c68b200000, 0x000001c68b100000| Untracked 
| 228|0x000001c68b200000, 0x000001c68b300000, 0x000001c68b300000|100%| O|  |TAMS 0x000001c68b300000, 0x000001c68b200000| Untracked 
| 229|0x000001c68b300000, 0x000001c68b400000, 0x000001c68b400000|100%| O|  |TAMS 0x000001c68b400000, 0x000001c68b300000| Untracked 
| 230|0x000001c68b400000, 0x000001c68b500000, 0x000001c68b500000|100%| O|  |TAMS 0x000001c68b500000, 0x000001c68b400000| Untracked 
| 231|0x000001c68b500000, 0x000001c68b600000, 0x000001c68b600000|100%| O|  |TAMS 0x000001c68b500000, 0x000001c68b500000| Untracked 
| 232|0x000001c68b600000, 0x000001c68b700000, 0x000001c68b700000|100%| O|  |TAMS 0x000001c68b700000, 0x000001c68b600000| Untracked 
| 233|0x000001c68b700000, 0x000001c68b800000, 0x000001c68b800000|100%| O|  |TAMS 0x000001c68b800000, 0x000001c68b700000| Untracked 
| 234|0x000001c68b800000, 0x000001c68b900000, 0x000001c68b900000|100%| O|  |TAMS 0x000001c68b900000, 0x000001c68b800000| Untracked 
| 235|0x000001c68b900000, 0x000001c68ba00000, 0x000001c68ba00000|100%| O|  |TAMS 0x000001c68ba00000, 0x000001c68b900000| Untracked 
| 236|0x000001c68ba00000, 0x000001c68bb00000, 0x000001c68bb00000|100%| O|  |TAMS 0x000001c68bb00000, 0x000001c68ba00000| Untracked 
| 237|0x000001c68bb00000, 0x000001c68bc00000, 0x000001c68bc00000|100%| O|  |TAMS 0x000001c68bc00000, 0x000001c68bb00000| Untracked 
| 238|0x000001c68bc00000, 0x000001c68bd00000, 0x000001c68bd00000|100%| O|  |TAMS 0x000001c68bd00000, 0x000001c68bc00000| Untracked 
| 239|0x000001c68bd00000, 0x000001c68be00000, 0x000001c68be00000|100%| O|  |TAMS 0x000001c68be00000, 0x000001c68bd00000| Untracked 
| 240|0x000001c68be00000, 0x000001c68bf00000, 0x000001c68bf00000|100%| O|  |TAMS 0x000001c68bf00000, 0x000001c68be00000| Untracked 
| 241|0x000001c68bf00000, 0x000001c68c000000, 0x000001c68c000000|100%| O|  |TAMS 0x000001c68c000000, 0x000001c68bf00000| Untracked 
| 242|0x000001c68c000000, 0x000001c68c100000, 0x000001c68c100000|100%| O|  |TAMS 0x000001c68c100000, 0x000001c68c000000| Untracked 
| 243|0x000001c68c100000, 0x000001c68c200000, 0x000001c68c200000|100%| O|  |TAMS 0x000001c68c200000, 0x000001c68c100000| Untracked 
| 244|0x000001c68c200000, 0x000001c68c300000, 0x000001c68c300000|100%| O|  |TAMS 0x000001c68c300000, 0x000001c68c200000| Untracked 
| 245|0x000001c68c300000, 0x000001c68c400000, 0x000001c68c400000|100%| O|  |TAMS 0x000001c68c400000, 0x000001c68c300000| Untracked 
| 246|0x000001c68c400000, 0x000001c68c500000, 0x000001c68c500000|100%| O|  |TAMS 0x000001c68c500000, 0x000001c68c400000| Untracked 
| 247|0x000001c68c500000, 0x000001c68c600000, 0x000001c68c600000|100%| O|  |TAMS 0x000001c68c600000, 0x000001c68c500000| Untracked 
| 248|0x000001c68c600000, 0x000001c68c700000, 0x000001c68c700000|100%| O|  |TAMS 0x000001c68c700000, 0x000001c68c600000| Untracked 
| 249|0x000001c68c700000, 0x000001c68c800000, 0x000001c68c800000|100%| O|  |TAMS 0x000001c68c800000, 0x000001c68c700000| Untracked 
| 250|0x000001c68c800000, 0x000001c68c900000, 0x000001c68c900000|100%| O|  |TAMS 0x000001c68c900000, 0x000001c68c800000| Untracked 
| 251|0x000001c68c900000, 0x000001c68ca00000, 0x000001c68ca00000|100%| O|  |TAMS 0x000001c68ca00000, 0x000001c68c900000| Untracked 
| 252|0x000001c68ca00000, 0x000001c68cb00000, 0x000001c68cb00000|100%| O|  |TAMS 0x000001c68cb00000, 0x000001c68ca00000| Untracked 
| 253|0x000001c68cb00000, 0x000001c68cc00000, 0x000001c68cc00000|100%| O|  |TAMS 0x000001c68cc00000, 0x000001c68cb00000| Untracked 
| 254|0x000001c68cc00000, 0x000001c68cd00000, 0x000001c68cd00000|100%| O|  |TAMS 0x000001c68cd00000, 0x000001c68cc00000| Untracked 
| 255|0x000001c68cd00000, 0x000001c68ce00000, 0x000001c68ce00000|100%| O|  |TAMS 0x000001c68ce00000, 0x000001c68cd00000| Untracked 
| 256|0x000001c68ce00000, 0x000001c68cf00000, 0x000001c68cf00000|100%| O|  |TAMS 0x000001c68cf00000, 0x000001c68ce00000| Untracked 
| 257|0x000001c68cf00000, 0x000001c68d000000, 0x000001c68d000000|100%| O|  |TAMS 0x000001c68d000000, 0x000001c68cf00000| Untracked 
| 258|0x000001c68d000000, 0x000001c68d100000, 0x000001c68d100000|100%| O|  |TAMS 0x000001c68d100000, 0x000001c68d000000| Untracked 
| 259|0x000001c68d100000, 0x000001c68d200000, 0x000001c68d200000|100%| O|  |TAMS 0x000001c68d200000, 0x000001c68d100000| Untracked 
| 260|0x000001c68d200000, 0x000001c68d300000, 0x000001c68d300000|100%| O|  |TAMS 0x000001c68d300000, 0x000001c68d200000| Untracked 
| 261|0x000001c68d300000, 0x000001c68d400000, 0x000001c68d400000|100%| O|  |TAMS 0x000001c68d400000, 0x000001c68d300000| Untracked 
| 262|0x000001c68d400000, 0x000001c68d500000, 0x000001c68d500000|100%| O|  |TAMS 0x000001c68d500000, 0x000001c68d400000| Untracked 
| 263|0x000001c68d500000, 0x000001c68d600000, 0x000001c68d600000|100%| O|  |TAMS 0x000001c68d600000, 0x000001c68d500000| Untracked 
| 264|0x000001c68d600000, 0x000001c68d700000, 0x000001c68d700000|100%| O|  |TAMS 0x000001c68d700000, 0x000001c68d600000| Untracked 
| 265|0x000001c68d700000, 0x000001c68d800000, 0x000001c68d800000|100%| O|  |TAMS 0x000001c68d800000, 0x000001c68d700000| Untracked 
| 266|0x000001c68d800000, 0x000001c68d900000, 0x000001c68d900000|100%| O|  |TAMS 0x000001c68d900000, 0x000001c68d800000| Untracked 
| 267|0x000001c68d900000, 0x000001c68da00000, 0x000001c68da00000|100%| O|  |TAMS 0x000001c68d900000, 0x000001c68d900000| Untracked 
| 268|0x000001c68da00000, 0x000001c68db00000, 0x000001c68db00000|100%| O|  |TAMS 0x000001c68da50a00, 0x000001c68da00000| Untracked 
| 269|0x000001c68db00000, 0x000001c68dc00000, 0x000001c68dc00000|100%| O|  |TAMS 0x000001c68db00000, 0x000001c68db00000| Untracked 
| 270|0x000001c68dc00000, 0x000001c68dd00000, 0x000001c68dd00000|100%| O|  |TAMS 0x000001c68dc00000, 0x000001c68dc00000| Untracked 
| 271|0x000001c68dd00000, 0x000001c68de00000, 0x000001c68de00000|100%| O|  |TAMS 0x000001c68dd00000, 0x000001c68dd00000| Untracked 
| 272|0x000001c68de00000, 0x000001c68df00000, 0x000001c68df00000|100%| O|  |TAMS 0x000001c68de00000, 0x000001c68de00000| Untracked 
| 273|0x000001c68df00000, 0x000001c68e000000, 0x000001c68e000000|100%| O|  |TAMS 0x000001c68df00000, 0x000001c68df00000| Untracked 
| 274|0x000001c68e000000, 0x000001c68e100000, 0x000001c68e100000|100%| O|  |TAMS 0x000001c68e000000, 0x000001c68e000000| Untracked 
| 275|0x000001c68e100000, 0x000001c68e200000, 0x000001c68e200000|100%| O|  |TAMS 0x000001c68e100000, 0x000001c68e100000| Untracked 
| 276|0x000001c68e200000, 0x000001c68e300000, 0x000001c68e300000|100%| O|  |TAMS 0x000001c68e200000, 0x000001c68e200000| Untracked 
| 277|0x000001c68e300000, 0x000001c68e400000, 0x000001c68e400000|100%| O|  |TAMS 0x000001c68e300000, 0x000001c68e300000| Untracked 
| 278|0x000001c68e400000, 0x000001c68e500000, 0x000001c68e500000|100%| O|  |TAMS 0x000001c68e400000, 0x000001c68e400000| Untracked 
| 279|0x000001c68e500000, 0x000001c68e600000, 0x000001c68e600000|100%| O|  |TAMS 0x000001c68e500000, 0x000001c68e500000| Untracked 
| 280|0x000001c68e600000, 0x000001c68e700000, 0x000001c68e700000|100%| O|  |TAMS 0x000001c68e600000, 0x000001c68e600000| Untracked 
| 281|0x000001c68e700000, 0x000001c68e800000, 0x000001c68e800000|100%| O|  |TAMS 0x000001c68e700000, 0x000001c68e700000| Untracked 
| 282|0x000001c68e800000, 0x000001c68e900000, 0x000001c68e900000|100%| O|  |TAMS 0x000001c68e800000, 0x000001c68e800000| Untracked 
| 283|0x000001c68e900000, 0x000001c68ea00000, 0x000001c68ea00000|100%| O|  |TAMS 0x000001c68e900000, 0x000001c68e900000| Untracked 
| 284|0x000001c68ea00000, 0x000001c68eb00000, 0x000001c68eb00000|100%| O|  |TAMS 0x000001c68ea00000, 0x000001c68ea00000| Untracked 
| 285|0x000001c68eb00000, 0x000001c68ec00000, 0x000001c68ec00000|100%| O|  |TAMS 0x000001c68eb00000, 0x000001c68eb00000| Untracked 
| 286|0x000001c68ec00000, 0x000001c68ed00000, 0x000001c68ed00000|100%| O|  |TAMS 0x000001c68ec00000, 0x000001c68ec00000| Untracked 
| 287|0x000001c68ed00000, 0x000001c68ee00000, 0x000001c68ee00000|100%| O|  |TAMS 0x000001c68ed00000, 0x000001c68ed00000| Untracked 
| 288|0x000001c68ee00000, 0x000001c68ef00000, 0x000001c68ef00000|100%| O|  |TAMS 0x000001c68ee00000, 0x000001c68ee00000| Untracked 
| 289|0x000001c68ef00000, 0x000001c68f000000, 0x000001c68f000000|100%| O|  |TAMS 0x000001c68ef00000, 0x000001c68ef00000| Untracked 
| 290|0x000001c68f000000, 0x000001c68f100000, 0x000001c68f100000|100%| O|  |TAMS 0x000001c68f000000, 0x000001c68f000000| Untracked 
| 291|0x000001c68f100000, 0x000001c68f200000, 0x000001c68f200000|100%| O|  |TAMS 0x000001c68f100000, 0x000001c68f100000| Untracked 
| 292|0x000001c68f200000, 0x000001c68f300000, 0x000001c68f300000|100%| O|  |TAMS 0x000001c68f200000, 0x000001c68f200000| Untracked 
| 293|0x000001c68f300000, 0x000001c68f400000, 0x000001c68f400000|100%| O|  |TAMS 0x000001c68f300000, 0x000001c68f300000| Untracked 
| 294|0x000001c68f400000, 0x000001c68f500000, 0x000001c68f500000|100%| O|  |TAMS 0x000001c68f400000, 0x000001c68f400000| Untracked 
| 295|0x000001c68f500000, 0x000001c68f600000, 0x000001c68f600000|100%| O|  |TAMS 0x000001c68f500000, 0x000001c68f500000| Untracked 
| 296|0x000001c68f600000, 0x000001c68f700000, 0x000001c68f700000|100%| O|  |TAMS 0x000001c68f600000, 0x000001c68f600000| Untracked 
| 297|0x000001c68f700000, 0x000001c68f800000, 0x000001c68f800000|100%| O|  |TAMS 0x000001c68f700000, 0x000001c68f700000| Untracked 
| 298|0x000001c68f800000, 0x000001c68f900000, 0x000001c68f900000|100%| O|  |TAMS 0x000001c68f800000, 0x000001c68f800000| Untracked 
| 299|0x000001c68f900000, 0x000001c68fa00000, 0x000001c68fa00000|100%| O|  |TAMS 0x000001c68f900000, 0x000001c68f900000| Untracked 
| 300|0x000001c68fa00000, 0x000001c68fb00000, 0x000001c68fb00000|100%| O|  |TAMS 0x000001c68fa00000, 0x000001c68fa00000| Untracked 
| 301|0x000001c68fb00000, 0x000001c68fc00000, 0x000001c68fc00000|100%| O|  |TAMS 0x000001c68fb00000, 0x000001c68fb00000| Untracked 
| 302|0x000001c68fc00000, 0x000001c68fd00000, 0x000001c68fd00000|100%| O|  |TAMS 0x000001c68fc00000, 0x000001c68fc00000| Untracked 
| 303|0x000001c68fd00000, 0x000001c68fe00000, 0x000001c68fe00000|100%| O|  |TAMS 0x000001c68fd00000, 0x000001c68fd00000| Untracked 
| 304|0x000001c68fe00000, 0x000001c68ff00000, 0x000001c68ff00000|100%| O|  |TAMS 0x000001c68fe00000, 0x000001c68fe00000| Untracked 
| 305|0x000001c68ff00000, 0x000001c690000000, 0x000001c690000000|100%| O|  |TAMS 0x000001c68ff00000, 0x000001c68ff00000| Untracked 
| 306|0x000001c690000000, 0x000001c690100000, 0x000001c690100000|100%| O|  |TAMS 0x000001c690000000, 0x000001c690000000| Untracked 
| 307|0x000001c690100000, 0x000001c690200000, 0x000001c690200000|100%| O|  |TAMS 0x000001c690100000, 0x000001c690100000| Untracked 
| 308|0x000001c690200000, 0x000001c690300000, 0x000001c690300000|100%| O|  |TAMS 0x000001c690200000, 0x000001c690200000| Untracked 
| 309|0x000001c690300000, 0x000001c690400000, 0x000001c690400000|100%| O|  |TAMS 0x000001c690300000, 0x000001c690300000| Untracked 
| 310|0x000001c690400000, 0x000001c690500000, 0x000001c690500000|100%| O|  |TAMS 0x000001c690400000, 0x000001c690400000| Untracked 
| 311|0x000001c690500000, 0x000001c690600000, 0x000001c690600000|100%| O|  |TAMS 0x000001c690500000, 0x000001c690500000| Untracked 
| 312|0x000001c690600000, 0x000001c690700000, 0x000001c690700000|100%| O|  |TAMS 0x000001c690600000, 0x000001c690600000| Untracked 
| 313|0x000001c690700000, 0x000001c690800000, 0x000001c690800000|100%| O|  |TAMS 0x000001c690700000, 0x000001c690700000| Untracked 
| 314|0x000001c690800000, 0x000001c690900000, 0x000001c690900000|100%| O|  |TAMS 0x000001c690800000, 0x000001c690800000| Untracked 
| 315|0x000001c690900000, 0x000001c690a00000, 0x000001c690a00000|100%| O|  |TAMS 0x000001c690900000, 0x000001c690900000| Untracked 
| 316|0x000001c690a00000, 0x000001c690b00000, 0x000001c690b00000|100%| O|  |TAMS 0x000001c690a00000, 0x000001c690a00000| Untracked 
| 317|0x000001c690b00000, 0x000001c690c00000, 0x000001c690c00000|100%| O|  |TAMS 0x000001c690b00000, 0x000001c690b00000| Untracked 
| 318|0x000001c690c00000, 0x000001c690d00000, 0x000001c690d00000|100%| O|  |TAMS 0x000001c690c00000, 0x000001c690c00000| Untracked 
| 319|0x000001c690d00000, 0x000001c690e00000, 0x000001c690e00000|100%| O|  |TAMS 0x000001c690d00000, 0x000001c690d00000| Untracked 
| 320|0x000001c690e00000, 0x000001c690f00000, 0x000001c690f00000|100%| O|  |TAMS 0x000001c690e00000, 0x000001c690e00000| Untracked 
| 321|0x000001c690f00000, 0x000001c691000000, 0x000001c691000000|100%| O|  |TAMS 0x000001c690f00000, 0x000001c690f00000| Untracked 
| 322|0x000001c691000000, 0x000001c691100000, 0x000001c691100000|100%| O|  |TAMS 0x000001c691000000, 0x000001c691000000| Untracked 
| 323|0x000001c691100000, 0x000001c691200000, 0x000001c691200000|100%| O|  |TAMS 0x000001c691100000, 0x000001c691100000| Untracked 
| 324|0x000001c691200000, 0x000001c691300000, 0x000001c691300000|100%| O|  |TAMS 0x000001c691200000, 0x000001c691200000| Untracked 
| 325|0x000001c691300000, 0x000001c691400000, 0x000001c691400000|100%| O|  |TAMS 0x000001c691300000, 0x000001c691300000| Untracked 
| 326|0x000001c691400000, 0x000001c691500000, 0x000001c691500000|100%| O|  |TAMS 0x000001c691400000, 0x000001c691400000| Untracked 
| 327|0x000001c691500000, 0x000001c691600000, 0x000001c691600000|100%| O|  |TAMS 0x000001c691500000, 0x000001c691500000| Untracked 
| 328|0x000001c691600000, 0x000001c691700000, 0x000001c691700000|100%| O|  |TAMS 0x000001c691600000, 0x000001c691600000| Untracked 
| 329|0x000001c691700000, 0x000001c691800000, 0x000001c691800000|100%| O|  |TAMS 0x000001c691700000, 0x000001c691700000| Untracked 
| 330|0x000001c691800000, 0x000001c691900000, 0x000001c691900000|100%| O|  |TAMS 0x000001c691800000, 0x000001c691800000| Untracked 
| 331|0x000001c691900000, 0x000001c691a00000, 0x000001c691a00000|100%| O|  |TAMS 0x000001c691900000, 0x000001c691900000| Untracked 
| 332|0x000001c691a00000, 0x000001c691b00000, 0x000001c691b00000|100%| O|  |TAMS 0x000001c691a00000, 0x000001c691a00000| Untracked 
| 333|0x000001c691b00000, 0x000001c691c00000, 0x000001c691c00000|100%| O|  |TAMS 0x000001c691b00000, 0x000001c691b00000| Untracked 
| 334|0x000001c691c00000, 0x000001c691d00000, 0x000001c691d00000|100%| O|  |TAMS 0x000001c691c00000, 0x000001c691c00000| Untracked 
| 335|0x000001c691d00000, 0x000001c691e00000, 0x000001c691e00000|100%| O|  |TAMS 0x000001c691d00000, 0x000001c691d00000| Untracked 
| 336|0x000001c691e00000, 0x000001c691f00000, 0x000001c691f00000|100%| O|  |TAMS 0x000001c691e00000, 0x000001c691e00000| Untracked 
| 337|0x000001c691f00000, 0x000001c692000000, 0x000001c692000000|100%| O|  |TAMS 0x000001c691f00000, 0x000001c691f00000| Untracked 
| 338|0x000001c692000000, 0x000001c692100000, 0x000001c692100000|100%| O|  |TAMS 0x000001c692000000, 0x000001c692000000| Untracked 
| 339|0x000001c692100000, 0x000001c692200000, 0x000001c692200000|100%| O|  |TAMS 0x000001c692100000, 0x000001c692100000| Untracked 
| 340|0x000001c692200000, 0x000001c692300000, 0x000001c692300000|100%| O|  |TAMS 0x000001c692200000, 0x000001c692200000| Untracked 
| 341|0x000001c692300000, 0x000001c692400000, 0x000001c692400000|100%| O|  |TAMS 0x000001c692300000, 0x000001c692300000| Untracked 
| 342|0x000001c692400000, 0x000001c692500000, 0x000001c692500000|100%| O|  |TAMS 0x000001c692400000, 0x000001c692400000| Untracked 
| 343|0x000001c692500000, 0x000001c692600000, 0x000001c692600000|100%| O|  |TAMS 0x000001c692500000, 0x000001c692500000| Untracked 
| 344|0x000001c692600000, 0x000001c692700000, 0x000001c692700000|100%| O|  |TAMS 0x000001c692600000, 0x000001c692600000| Untracked 
| 345|0x000001c692700000, 0x000001c692800000, 0x000001c692800000|100%| O|  |TAMS 0x000001c692700000, 0x000001c692700000| Untracked 
| 346|0x000001c692800000, 0x000001c692900000, 0x000001c692900000|100%| O|  |TAMS 0x000001c692800000, 0x000001c692800000| Untracked 
| 347|0x000001c692900000, 0x000001c692a00000, 0x000001c692a00000|100%| O|  |TAMS 0x000001c692900000, 0x000001c692900000| Untracked 
| 348|0x000001c692a00000, 0x000001c692b00000, 0x000001c692b00000|100%| O|  |TAMS 0x000001c692a00000, 0x000001c692a00000| Untracked 
| 349|0x000001c692b00000, 0x000001c692c00000, 0x000001c692c00000|100%| O|  |TAMS 0x000001c692b00000, 0x000001c692b00000| Untracked 
| 350|0x000001c692c00000, 0x000001c692d00000, 0x000001c692d00000|100%| O|  |TAMS 0x000001c692c00000, 0x000001c692c00000| Untracked 
| 351|0x000001c692d00000, 0x000001c692e00000, 0x000001c692e00000|100%| O|  |TAMS 0x000001c692d00000, 0x000001c692d00000| Untracked 
| 352|0x000001c692e00000, 0x000001c692f00000, 0x000001c692f00000|100%| O|  |TAMS 0x000001c692e00000, 0x000001c692e00000| Untracked 
| 353|0x000001c692f00000, 0x000001c693000000, 0x000001c693000000|100%| O|  |TAMS 0x000001c692f00000, 0x000001c692f00000| Untracked 
| 354|0x000001c693000000, 0x000001c693100000, 0x000001c693100000|100%| O|  |TAMS 0x000001c693000000, 0x000001c693000000| Untracked 
| 355|0x000001c693100000, 0x000001c693200000, 0x000001c693200000|100%| O|  |TAMS 0x000001c693100000, 0x000001c693100000| Untracked 
| 356|0x000001c693200000, 0x000001c693300000, 0x000001c693300000|100%| O|  |TAMS 0x000001c693200000, 0x000001c693200000| Untracked 
| 357|0x000001c693300000, 0x000001c693400000, 0x000001c693400000|100%| O|  |TAMS 0x000001c693300000, 0x000001c693300000| Untracked 
| 358|0x000001c693400000, 0x000001c693500000, 0x000001c693500000|100%| O|  |TAMS 0x000001c693400000, 0x000001c693400000| Untracked 
| 359|0x000001c693500000, 0x000001c693600000, 0x000001c693600000|100%| O|  |TAMS 0x000001c693500000, 0x000001c693500000| Untracked 
| 360|0x000001c693600000, 0x000001c693700000, 0x000001c693700000|100%| O|  |TAMS 0x000001c693600000, 0x000001c693600000| Untracked 
| 361|0x000001c693700000, 0x000001c693800000, 0x000001c693800000|100%| O|  |TAMS 0x000001c693700000, 0x000001c693700000| Untracked 
| 362|0x000001c693800000, 0x000001c693900000, 0x000001c693900000|100%| O|  |TAMS 0x000001c693800000, 0x000001c693800000| Untracked 
| 363|0x000001c693900000, 0x000001c693a00000, 0x000001c693a00000|100%| O|  |TAMS 0x000001c693900000, 0x000001c693900000| Untracked 
| 364|0x000001c693a00000, 0x000001c693b00000, 0x000001c693b00000|100%| O|  |TAMS 0x000001c693a00000, 0x000001c693a00000| Untracked 
| 365|0x000001c693b00000, 0x000001c693c00000, 0x000001c693c00000|100%| O|  |TAMS 0x000001c693b00000, 0x000001c693b00000| Untracked 
| 366|0x000001c693c00000, 0x000001c693d00000, 0x000001c693d00000|100%| O|  |TAMS 0x000001c693c00000, 0x000001c693c00000| Untracked 
| 367|0x000001c693d00000, 0x000001c693e00000, 0x000001c693e00000|100%| O|  |TAMS 0x000001c693d00000, 0x000001c693d00000| Untracked 
| 368|0x000001c693e00000, 0x000001c693f00000, 0x000001c693f00000|100%| O|  |TAMS 0x000001c693e00000, 0x000001c693e00000| Untracked 
| 369|0x000001c693f00000, 0x000001c694000000, 0x000001c694000000|100%| O|  |TAMS 0x000001c693f00000, 0x000001c693f00000| Untracked 
| 370|0x000001c694000000, 0x000001c694100000, 0x000001c694100000|100%| O|  |TAMS 0x000001c694000000, 0x000001c694000000| Untracked 
| 371|0x000001c694100000, 0x000001c694200000, 0x000001c694200000|100%| O|  |TAMS 0x000001c694100000, 0x000001c694100000| Untracked 
| 372|0x000001c694200000, 0x000001c694279600, 0x000001c694300000| 47%| O|  |TAMS 0x000001c694200000, 0x000001c694200000| Untracked 
| 373|0x000001c694300000, 0x000001c694300000, 0x000001c694400000|  0%| F|  |TAMS 0x000001c694300000, 0x000001c694300000| Untracked 
| 374|0x000001c694400000, 0x000001c694400000, 0x000001c694500000|  0%| F|  |TAMS 0x000001c694400000, 0x000001c694400000| Untracked 
| 375|0x000001c694500000, 0x000001c694500000, 0x000001c694600000|  0%| F|  |TAMS 0x000001c694500000, 0x000001c694500000| Untracked 
| 376|0x000001c694600000, 0x000001c694600000, 0x000001c694700000|  0%| F|  |TAMS 0x000001c694600000, 0x000001c694600000| Untracked 
| 377|0x000001c694700000, 0x000001c694700000, 0x000001c694800000|  0%| F|  |TAMS 0x000001c694700000, 0x000001c694700000| Untracked 
| 378|0x000001c694800000, 0x000001c694800000, 0x000001c694900000|  0%| F|  |TAMS 0x000001c694800000, 0x000001c694800000| Untracked 
| 379|0x000001c694900000, 0x000001c694900000, 0x000001c694a00000|  0%| F|  |TAMS 0x000001c694900000, 0x000001c694900000| Untracked 
| 380|0x000001c694a00000, 0x000001c694a00000, 0x000001c694b00000|  0%| F|  |TAMS 0x000001c694a00000, 0x000001c694a00000| Untracked 
| 381|0x000001c694b00000, 0x000001c694b00000, 0x000001c694c00000|  0%| F|  |TAMS 0x000001c694b00000, 0x000001c694b00000| Untracked 
| 382|0x000001c694c00000, 0x000001c694c00000, 0x000001c694d00000|  0%| F|  |TAMS 0x000001c694c00000, 0x000001c694c00000| Untracked 
| 383|0x000001c694d00000, 0x000001c694d00000, 0x000001c694e00000|  0%| F|  |TAMS 0x000001c694d00000, 0x000001c694d00000| Untracked 
| 384|0x000001c694e00000, 0x000001c694e00000, 0x000001c694f00000|  0%| F|  |TAMS 0x000001c694e00000, 0x000001c694e00000| Untracked 
| 385|0x000001c694f00000, 0x000001c694f00000, 0x000001c695000000|  0%| F|  |TAMS 0x000001c694f00000, 0x000001c694f00000| Untracked 
| 386|0x000001c695000000, 0x000001c695000000, 0x000001c695100000|  0%| F|  |TAMS 0x000001c695000000, 0x000001c695000000| Untracked 
| 387|0x000001c695100000, 0x000001c695100000, 0x000001c695200000|  0%| F|  |TAMS 0x000001c695100000, 0x000001c695100000| Untracked 
| 388|0x000001c695200000, 0x000001c695200000, 0x000001c695300000|  0%| F|  |TAMS 0x000001c695200000, 0x000001c695200000| Untracked 
| 389|0x000001c695300000, 0x000001c695300000, 0x000001c695400000|  0%| F|  |TAMS 0x000001c695300000, 0x000001c695300000| Untracked 
| 390|0x000001c695400000, 0x000001c695400000, 0x000001c695500000|  0%| F|  |TAMS 0x000001c695400000, 0x000001c695400000| Untracked 
| 391|0x000001c695500000, 0x000001c695500000, 0x000001c695600000|  0%| F|  |TAMS 0x000001c695500000, 0x000001c695500000| Untracked 
| 392|0x000001c695600000, 0x000001c695600000, 0x000001c695700000|  0%| F|  |TAMS 0x000001c695600000, 0x000001c695600000| Untracked 
| 393|0x000001c695700000, 0x000001c695700000, 0x000001c695800000|  0%| F|  |TAMS 0x000001c695700000, 0x000001c695700000| Untracked 
| 394|0x000001c695800000, 0x000001c695800000, 0x000001c695900000|  0%| F|  |TAMS 0x000001c695800000, 0x000001c695800000| Untracked 
| 395|0x000001c695900000, 0x000001c695900000, 0x000001c695a00000|  0%| F|  |TAMS 0x000001c695900000, 0x000001c695900000| Untracked 
| 396|0x000001c695a00000, 0x000001c695a00000, 0x000001c695b00000|  0%| F|  |TAMS 0x000001c695a00000, 0x000001c695a00000| Untracked 
| 397|0x000001c695b00000, 0x000001c695b00000, 0x000001c695c00000|  0%| F|  |TAMS 0x000001c695b00000, 0x000001c695b00000| Untracked 
| 398|0x000001c695c00000, 0x000001c695c00000, 0x000001c695d00000|  0%| F|  |TAMS 0x000001c695c00000, 0x000001c695c00000| Untracked 
| 399|0x000001c695d00000, 0x000001c695d00000, 0x000001c695e00000|  0%| F|  |TAMS 0x000001c695d00000, 0x000001c695d00000| Untracked 
| 400|0x000001c695e00000, 0x000001c695e00000, 0x000001c695f00000|  0%| F|  |TAMS 0x000001c695e00000, 0x000001c695e00000| Untracked 
| 401|0x000001c695f00000, 0x000001c695f00000, 0x000001c696000000|  0%| F|  |TAMS 0x000001c695f00000, 0x000001c695f00000| Untracked 
| 402|0x000001c696000000, 0x000001c696000000, 0x000001c696100000|  0%| F|  |TAMS 0x000001c696000000, 0x000001c696000000| Untracked 
| 403|0x000001c696100000, 0x000001c696100000, 0x000001c696200000|  0%| F|  |TAMS 0x000001c696100000, 0x000001c696100000| Untracked 
| 404|0x000001c696200000, 0x000001c696200000, 0x000001c696300000|  0%| F|  |TAMS 0x000001c696200000, 0x000001c696200000| Untracked 
| 405|0x000001c696300000, 0x000001c696300000, 0x000001c696400000|  0%| F|  |TAMS 0x000001c696300000, 0x000001c696300000| Untracked 
| 406|0x000001c696400000, 0x000001c696400000, 0x000001c696500000|  0%| F|  |TAMS 0x000001c696400000, 0x000001c696400000| Untracked 
| 407|0x000001c696500000, 0x000001c696500000, 0x000001c696600000|  0%| F|  |TAMS 0x000001c696500000, 0x000001c696500000| Untracked 
| 408|0x000001c696600000, 0x000001c696600000, 0x000001c696700000|  0%| F|  |TAMS 0x000001c696600000, 0x000001c696600000| Untracked 
| 409|0x000001c696700000, 0x000001c696700000, 0x000001c696800000|  0%| F|  |TAMS 0x000001c696700000, 0x000001c696700000| Untracked 
| 410|0x000001c696800000, 0x000001c696800000, 0x000001c696900000|  0%| F|  |TAMS 0x000001c696800000, 0x000001c696800000| Untracked 
| 411|0x000001c696900000, 0x000001c696900000, 0x000001c696a00000|  0%| F|  |TAMS 0x000001c696900000, 0x000001c696900000| Untracked 
| 412|0x000001c696a00000, 0x000001c696a00000, 0x000001c696b00000|  0%| F|  |TAMS 0x000001c696a00000, 0x000001c696a00000| Untracked 
| 413|0x000001c696b00000, 0x000001c696b00000, 0x000001c696c00000|  0%| F|  |TAMS 0x000001c696b00000, 0x000001c696b00000| Untracked 
| 414|0x000001c696c00000, 0x000001c696c00000, 0x000001c696d00000|  0%| F|  |TAMS 0x000001c696c00000, 0x000001c696c00000| Untracked 
| 415|0x000001c696d00000, 0x000001c696d00000, 0x000001c696e00000|  0%| F|  |TAMS 0x000001c696d00000, 0x000001c696d00000| Untracked 
| 416|0x000001c696e00000, 0x000001c696e00000, 0x000001c696f00000|  0%| F|  |TAMS 0x000001c696e00000, 0x000001c696e00000| Untracked 
| 417|0x000001c696f00000, 0x000001c696f00000, 0x000001c697000000|  0%| F|  |TAMS 0x000001c696f00000, 0x000001c696f00000| Untracked 
| 418|0x000001c697000000, 0x000001c697000000, 0x000001c697100000|  0%| F|  |TAMS 0x000001c697000000, 0x000001c697000000| Untracked 
| 419|0x000001c697100000, 0x000001c697100000, 0x000001c697200000|  0%| F|  |TAMS 0x000001c697100000, 0x000001c697100000| Untracked 
| 420|0x000001c697200000, 0x000001c697200000, 0x000001c697300000|  0%| F|  |TAMS 0x000001c697200000, 0x000001c697200000| Untracked 
| 421|0x000001c697300000, 0x000001c697300000, 0x000001c697400000|  0%| F|  |TAMS 0x000001c697300000, 0x000001c697300000| Untracked 
| 422|0x000001c697400000, 0x000001c697400000, 0x000001c697500000|  0%| F|  |TAMS 0x000001c697400000, 0x000001c697400000| Untracked 
| 423|0x000001c697500000, 0x000001c697500000, 0x000001c697600000|  0%| F|  |TAMS 0x000001c697500000, 0x000001c697500000| Untracked 
| 424|0x000001c697600000, 0x000001c697600000, 0x000001c697700000|  0%| F|  |TAMS 0x000001c697600000, 0x000001c697600000| Untracked 
| 425|0x000001c697700000, 0x000001c697700000, 0x000001c697800000|  0%| F|  |TAMS 0x000001c697700000, 0x000001c697700000| Untracked 
| 426|0x000001c697800000, 0x000001c697800000, 0x000001c697900000|  0%| F|  |TAMS 0x000001c697800000, 0x000001c697800000| Untracked 
| 427|0x000001c697900000, 0x000001c697900000, 0x000001c697a00000|  0%| F|  |TAMS 0x000001c697900000, 0x000001c697900000| Untracked 
| 428|0x000001c697a00000, 0x000001c697a00000, 0x000001c697b00000|  0%| F|  |TAMS 0x000001c697a00000, 0x000001c697a00000| Untracked 
| 429|0x000001c697b00000, 0x000001c697b00000, 0x000001c697c00000|  0%| F|  |TAMS 0x000001c697b00000, 0x000001c697b00000| Untracked 
| 430|0x000001c697c00000, 0x000001c697c00000, 0x000001c697d00000|  0%| F|  |TAMS 0x000001c697c00000, 0x000001c697c00000| Untracked 
| 431|0x000001c697d00000, 0x000001c697d00000, 0x000001c697e00000|  0%| F|  |TAMS 0x000001c697d00000, 0x000001c697d00000| Untracked 
| 432|0x000001c697e00000, 0x000001c697e00000, 0x000001c697f00000|  0%| F|  |TAMS 0x000001c697e00000, 0x000001c697e00000| Untracked 
| 433|0x000001c697f00000, 0x000001c697f00000, 0x000001c698000000|  0%| F|  |TAMS 0x000001c697f00000, 0x000001c697f00000| Untracked 
| 434|0x000001c698000000, 0x000001c698000000, 0x000001c698100000|  0%| F|  |TAMS 0x000001c698000000, 0x000001c698000000| Untracked 
| 435|0x000001c698100000, 0x000001c698100000, 0x000001c698200000|  0%| F|  |TAMS 0x000001c698100000, 0x000001c698100000| Untracked 
| 436|0x000001c698200000, 0x000001c698200000, 0x000001c698300000|  0%| F|  |TAMS 0x000001c698200000, 0x000001c698200000| Untracked 
| 437|0x000001c698300000, 0x000001c698300000, 0x000001c698400000|  0%| F|  |TAMS 0x000001c698300000, 0x000001c698300000| Untracked 
| 438|0x000001c698400000, 0x000001c698400000, 0x000001c698500000|  0%| F|  |TAMS 0x000001c698400000, 0x000001c698400000| Untracked 
| 439|0x000001c698500000, 0x000001c698500000, 0x000001c698600000|  0%| F|  |TAMS 0x000001c698500000, 0x000001c698500000| Untracked 
| 440|0x000001c698600000, 0x000001c698600000, 0x000001c698700000|  0%| F|  |TAMS 0x000001c698600000, 0x000001c698600000| Untracked 
| 441|0x000001c698700000, 0x000001c698700000, 0x000001c698800000|  0%| F|  |TAMS 0x000001c698700000, 0x000001c698700000| Untracked 
| 442|0x000001c698800000, 0x000001c698800000, 0x000001c698900000|  0%| F|  |TAMS 0x000001c698800000, 0x000001c698800000| Untracked 
| 443|0x000001c698900000, 0x000001c698900000, 0x000001c698a00000|  0%| F|  |TAMS 0x000001c698900000, 0x000001c698900000| Untracked 
| 444|0x000001c698a00000, 0x000001c698a00000, 0x000001c698b00000|  0%| F|  |TAMS 0x000001c698a00000, 0x000001c698a00000| Untracked 
| 445|0x000001c698b00000, 0x000001c698b00000, 0x000001c698c00000|  0%| F|  |TAMS 0x000001c698b00000, 0x000001c698b00000| Untracked 
| 446|0x000001c698c00000, 0x000001c698c00000, 0x000001c698d00000|  0%| F|  |TAMS 0x000001c698c00000, 0x000001c698c00000| Untracked 
| 447|0x000001c698d00000, 0x000001c698d00000, 0x000001c698e00000|  0%| F|  |TAMS 0x000001c698d00000, 0x000001c698d00000| Untracked 
| 448|0x000001c698e00000, 0x000001c698e00000, 0x000001c698f00000|  0%| F|  |TAMS 0x000001c698e00000, 0x000001c698e00000| Untracked 
| 449|0x000001c698f00000, 0x000001c698f00000, 0x000001c699000000|  0%| F|  |TAMS 0x000001c698f00000, 0x000001c698f00000| Untracked 
| 450|0x000001c699000000, 0x000001c699000000, 0x000001c699100000|  0%| F|  |TAMS 0x000001c699000000, 0x000001c699000000| Untracked 
| 451|0x000001c699100000, 0x000001c699100000, 0x000001c699200000|  0%| F|  |TAMS 0x000001c699100000, 0x000001c699100000| Untracked 
| 452|0x000001c699200000, 0x000001c699200000, 0x000001c699300000|  0%| F|  |TAMS 0x000001c699200000, 0x000001c699200000| Untracked 
| 453|0x000001c699300000, 0x000001c699300000, 0x000001c699400000|  0%| F|  |TAMS 0x000001c699300000, 0x000001c699300000| Untracked 
| 454|0x000001c699400000, 0x000001c699400000, 0x000001c699500000|  0%| F|  |TAMS 0x000001c699400000, 0x000001c699400000| Untracked 
| 455|0x000001c699500000, 0x000001c699600000, 0x000001c699600000|100%| S|CS|TAMS 0x000001c699500000, 0x000001c699500000| Complete 
| 456|0x000001c699600000, 0x000001c699700000, 0x000001c699700000|100%| S|CS|TAMS 0x000001c699600000, 0x000001c699600000| Complete 
| 457|0x000001c699700000, 0x000001c699800000, 0x000001c699800000|100%| S|CS|TAMS 0x000001c699700000, 0x000001c699700000| Complete 
| 458|0x000001c699800000, 0x000001c699900000, 0x000001c699900000|100%| S|CS|TAMS 0x000001c699800000, 0x000001c699800000| Complete 
| 459|0x000001c699900000, 0x000001c699a00000, 0x000001c699a00000|100%| S|CS|TAMS 0x000001c699900000, 0x000001c699900000| Complete 
| 460|0x000001c699a00000, 0x000001c699b00000, 0x000001c699b00000|100%| S|CS|TAMS 0x000001c699a00000, 0x000001c699a00000| Complete 
| 461|0x000001c699b00000, 0x000001c699b00000, 0x000001c699c00000|  0%| F|  |TAMS 0x000001c699b00000, 0x000001c699b00000| Untracked 
| 462|0x000001c699c00000, 0x000001c699c00000, 0x000001c699d00000|  0%| F|  |TAMS 0x000001c699c00000, 0x000001c699c00000| Untracked 
| 463|0x000001c699d00000, 0x000001c699d00000, 0x000001c699e00000|  0%| F|  |TAMS 0x000001c699d00000, 0x000001c699d00000| Untracked 
| 464|0x000001c699e00000, 0x000001c699e00000, 0x000001c699f00000|  0%| F|  |TAMS 0x000001c699e00000, 0x000001c699e00000| Untracked 
| 465|0x000001c699f00000, 0x000001c699f00000, 0x000001c69a000000|  0%| F|  |TAMS 0x000001c699f00000, 0x000001c699f00000| Untracked 
| 466|0x000001c69a000000, 0x000001c69a000000, 0x000001c69a100000|  0%| F|  |TAMS 0x000001c69a000000, 0x000001c69a000000| Untracked 
| 467|0x000001c69a100000, 0x000001c69a100000, 0x000001c69a200000|  0%| F|  |TAMS 0x000001c69a100000, 0x000001c69a100000| Untracked 
| 468|0x000001c69a200000, 0x000001c69a200000, 0x000001c69a300000|  0%| F|  |TAMS 0x000001c69a200000, 0x000001c69a200000| Untracked 
| 469|0x000001c69a300000, 0x000001c69a300000, 0x000001c69a400000|  0%| F|  |TAMS 0x000001c69a300000, 0x000001c69a300000| Untracked 
| 470|0x000001c69a400000, 0x000001c69a400000, 0x000001c69a500000|  0%| F|  |TAMS 0x000001c69a400000, 0x000001c69a400000| Untracked 
| 471|0x000001c69a500000, 0x000001c69a500000, 0x000001c69a600000|  0%| F|  |TAMS 0x000001c69a500000, 0x000001c69a500000| Untracked 
| 472|0x000001c69a600000, 0x000001c69a600000, 0x000001c69a700000|  0%| F|  |TAMS 0x000001c69a600000, 0x000001c69a600000| Untracked 
| 473|0x000001c69a700000, 0x000001c69a700000, 0x000001c69a800000|  0%| F|  |TAMS 0x000001c69a700000, 0x000001c69a700000| Untracked 
| 474|0x000001c69a800000, 0x000001c69a800000, 0x000001c69a900000|  0%| F|  |TAMS 0x000001c69a800000, 0x000001c69a800000| Untracked 
| 475|0x000001c69a900000, 0x000001c69aa00000, 0x000001c69aa00000|100%| S|CS|TAMS 0x000001c69a900000, 0x000001c69a900000| Complete 
| 476|0x000001c69aa00000, 0x000001c69ab00000, 0x000001c69ab00000|100%| S|CS|TAMS 0x000001c69aa00000, 0x000001c69aa00000| Complete 
| 477|0x000001c69ab00000, 0x000001c69ac00000, 0x000001c69ac00000|100%| S|CS|TAMS 0x000001c69ab00000, 0x000001c69ab00000| Complete 
| 478|0x000001c69ac00000, 0x000001c69ad00000, 0x000001c69ad00000|100%| S|CS|TAMS 0x000001c69ac00000, 0x000001c69ac00000| Complete 
| 479|0x000001c69ad00000, 0x000001c69ae00000, 0x000001c69ae00000|100%| S|CS|TAMS 0x000001c69ad00000, 0x000001c69ad00000| Complete 
| 480|0x000001c69ae00000, 0x000001c69af00000, 0x000001c69af00000|100%| S|CS|TAMS 0x000001c69ae00000, 0x000001c69ae00000| Complete 
| 481|0x000001c69af00000, 0x000001c69b000000, 0x000001c69b000000|100%| S|CS|TAMS 0x000001c69af00000, 0x000001c69af00000| Complete 
| 482|0x000001c69b000000, 0x000001c69b100000, 0x000001c69b100000|100%| S|CS|TAMS 0x000001c69b000000, 0x000001c69b000000| Complete 
| 483|0x000001c69b100000, 0x000001c69b100000, 0x000001c69b200000|  0%| F|  |TAMS 0x000001c69b100000, 0x000001c69b100000| Untracked 
| 484|0x000001c69b200000, 0x000001c69b200000, 0x000001c69b300000|  0%| F|  |TAMS 0x000001c69b200000, 0x000001c69b200000| Untracked 
| 485|0x000001c69b300000, 0x000001c69b300000, 0x000001c69b400000|  0%| F|  |TAMS 0x000001c69b300000, 0x000001c69b300000| Untracked 
| 486|0x000001c69b400000, 0x000001c69b400000, 0x000001c69b500000|  0%| F|  |TAMS 0x000001c69b400000, 0x000001c69b400000| Untracked 
| 487|0x000001c69b500000, 0x000001c69b500000, 0x000001c69b600000|  0%| F|  |TAMS 0x000001c69b500000, 0x000001c69b500000| Untracked 
| 488|0x000001c69b600000, 0x000001c69b600000, 0x000001c69b700000|  0%| F|  |TAMS 0x000001c69b600000, 0x000001c69b600000| Untracked 
| 489|0x000001c69b700000, 0x000001c69b700000, 0x000001c69b800000|  0%| F|  |TAMS 0x000001c69b700000, 0x000001c69b700000| Untracked 
| 490|0x000001c69b800000, 0x000001c69b800000, 0x000001c69b900000|  0%| F|  |TAMS 0x000001c69b800000, 0x000001c69b800000| Untracked 
| 491|0x000001c69b900000, 0x000001c69b900000, 0x000001c69ba00000|  0%| F|  |TAMS 0x000001c69b900000, 0x000001c69b900000| Untracked 
| 492|0x000001c69ba00000, 0x000001c69ba00000, 0x000001c69bb00000|  0%| F|  |TAMS 0x000001c69ba00000, 0x000001c69ba00000| Untracked 
| 493|0x000001c69bb00000, 0x000001c69bb00000, 0x000001c69bc00000|  0%| F|  |TAMS 0x000001c69bb00000, 0x000001c69bb00000| Untracked 
| 494|0x000001c69bc00000, 0x000001c69bc00000, 0x000001c69bd00000|  0%| F|  |TAMS 0x000001c69bc00000, 0x000001c69bc00000| Untracked 
| 495|0x000001c69bd00000, 0x000001c69bd00000, 0x000001c69be00000|  0%| F|  |TAMS 0x000001c69bd00000, 0x000001c69bd00000| Untracked 
| 496|0x000001c69be00000, 0x000001c69be00000, 0x000001c69bf00000|  0%| F|  |TAMS 0x000001c69be00000, 0x000001c69be00000| Untracked 
| 497|0x000001c69bf00000, 0x000001c69bf00000, 0x000001c69c000000|  0%| F|  |TAMS 0x000001c69bf00000, 0x000001c69bf00000| Untracked 
| 498|0x000001c69c000000, 0x000001c69c000000, 0x000001c69c100000|  0%| F|  |TAMS 0x000001c69c000000, 0x000001c69c000000| Untracked 
| 499|0x000001c69c100000, 0x000001c69c100000, 0x000001c69c200000|  0%| F|  |TAMS 0x000001c69c100000, 0x000001c69c100000| Untracked 
| 500|0x000001c69c200000, 0x000001c69c200000, 0x000001c69c300000|  0%| F|  |TAMS 0x000001c69c200000, 0x000001c69c200000| Untracked 
| 501|0x000001c69c300000, 0x000001c69c300000, 0x000001c69c400000|  0%| F|  |TAMS 0x000001c69c300000, 0x000001c69c300000| Untracked 
| 502|0x000001c69c400000, 0x000001c69c400000, 0x000001c69c500000|  0%| F|  |TAMS 0x000001c69c400000, 0x000001c69c400000| Untracked 
| 503|0x000001c69c500000, 0x000001c69c500000, 0x000001c69c600000|  0%| F|  |TAMS 0x000001c69c500000, 0x000001c69c500000| Untracked 
| 504|0x000001c69c600000, 0x000001c69c600000, 0x000001c69c700000|  0%| F|  |TAMS 0x000001c69c600000, 0x000001c69c600000| Untracked 
| 505|0x000001c69c700000, 0x000001c69c700000, 0x000001c69c800000|  0%| F|  |TAMS 0x000001c69c700000, 0x000001c69c700000| Untracked 
| 506|0x000001c69c800000, 0x000001c69c800000, 0x000001c69c900000|  0%| F|  |TAMS 0x000001c69c800000, 0x000001c69c800000| Untracked 
| 507|0x000001c69c900000, 0x000001c69c900000, 0x000001c69ca00000|  0%| F|  |TAMS 0x000001c69c900000, 0x000001c69c900000| Untracked 
| 508|0x000001c69ca00000, 0x000001c69ca00000, 0x000001c69cb00000|  0%| F|  |TAMS 0x000001c69ca00000, 0x000001c69ca00000| Untracked 
| 509|0x000001c69cb00000, 0x000001c69cb00000, 0x000001c69cc00000|  0%| F|  |TAMS 0x000001c69cb00000, 0x000001c69cb00000| Untracked 
| 510|0x000001c69cc00000, 0x000001c69cc00000, 0x000001c69cd00000|  0%| F|  |TAMS 0x000001c69cc00000, 0x000001c69cc00000| Untracked 
| 511|0x000001c69cd00000, 0x000001c69cd00000, 0x000001c69ce00000|  0%| F|  |TAMS 0x000001c69cd00000, 0x000001c69cd00000| Untracked 
| 512|0x000001c69ce00000, 0x000001c69ce00000, 0x000001c69cf00000|  0%| F|  |TAMS 0x000001c69ce00000, 0x000001c69ce00000| Untracked 
| 513|0x000001c69cf00000, 0x000001c69cf00000, 0x000001c69d000000|  0%| F|  |TAMS 0x000001c69cf00000, 0x000001c69cf00000| Untracked 
| 514|0x000001c69d000000, 0x000001c69d000000, 0x000001c69d100000|  0%| F|  |TAMS 0x000001c69d000000, 0x000001c69d000000| Untracked 
| 515|0x000001c69d100000, 0x000001c69d100000, 0x000001c69d200000|  0%| F|  |TAMS 0x000001c69d100000, 0x000001c69d100000| Untracked 
| 516|0x000001c69d200000, 0x000001c69d200000, 0x000001c69d300000|  0%| F|  |TAMS 0x000001c69d200000, 0x000001c69d200000| Untracked 
| 517|0x000001c69d300000, 0x000001c69d300000, 0x000001c69d400000|  0%| F|  |TAMS 0x000001c69d300000, 0x000001c69d300000| Untracked 
| 518|0x000001c69d400000, 0x000001c69d400000, 0x000001c69d500000|  0%| F|  |TAMS 0x000001c69d400000, 0x000001c69d400000| Untracked 
| 519|0x000001c69d500000, 0x000001c69d500000, 0x000001c69d600000|  0%| F|  |TAMS 0x000001c69d500000, 0x000001c69d500000| Untracked 
| 520|0x000001c69d600000, 0x000001c69d600000, 0x000001c69d700000|  0%| F|  |TAMS 0x000001c69d600000, 0x000001c69d600000| Untracked 
| 521|0x000001c69d700000, 0x000001c69d700000, 0x000001c69d800000|  0%| F|  |TAMS 0x000001c69d700000, 0x000001c69d700000| Untracked 
| 522|0x000001c69d800000, 0x000001c69d800000, 0x000001c69d900000|  0%| F|  |TAMS 0x000001c69d800000, 0x000001c69d800000| Untracked 
| 523|0x000001c69d900000, 0x000001c69d900000, 0x000001c69da00000|  0%| F|  |TAMS 0x000001c69d900000, 0x000001c69d900000| Untracked 
| 524|0x000001c69da00000, 0x000001c69da00000, 0x000001c69db00000|  0%| F|  |TAMS 0x000001c69da00000, 0x000001c69da00000| Untracked 
| 525|0x000001c69db00000, 0x000001c69db00000, 0x000001c69dc00000|  0%| F|  |TAMS 0x000001c69db00000, 0x000001c69db00000| Untracked 
| 526|0x000001c69dc00000, 0x000001c69dc00000, 0x000001c69dd00000|  0%| F|  |TAMS 0x000001c69dc00000, 0x000001c69dc00000| Untracked 
| 527|0x000001c69dd00000, 0x000001c69dd00000, 0x000001c69de00000|  0%| F|  |TAMS 0x000001c69dd00000, 0x000001c69dd00000| Untracked 
| 528|0x000001c69de00000, 0x000001c69de00000, 0x000001c69df00000|  0%| F|  |TAMS 0x000001c69de00000, 0x000001c69de00000| Untracked 
| 529|0x000001c69df00000, 0x000001c69df00000, 0x000001c69e000000|  0%| F|  |TAMS 0x000001c69df00000, 0x000001c69df00000| Untracked 
| 530|0x000001c69e000000, 0x000001c69e000000, 0x000001c69e100000|  0%| F|  |TAMS 0x000001c69e000000, 0x000001c69e000000| Untracked 
| 531|0x000001c69e100000, 0x000001c69e100000, 0x000001c69e200000|  0%| F|  |TAMS 0x000001c69e100000, 0x000001c69e100000| Untracked 
| 532|0x000001c69e200000, 0x000001c69e200000, 0x000001c69e300000|  0%| F|  |TAMS 0x000001c69e200000, 0x000001c69e200000| Untracked 
| 533|0x000001c69e300000, 0x000001c69e300000, 0x000001c69e400000|  0%| F|  |TAMS 0x000001c69e300000, 0x000001c69e300000| Untracked 
| 534|0x000001c69e400000, 0x000001c69e400000, 0x000001c69e500000|  0%| F|  |TAMS 0x000001c69e400000, 0x000001c69e400000| Untracked 
| 535|0x000001c69e500000, 0x000001c69e500000, 0x000001c69e600000|  0%| F|  |TAMS 0x000001c69e500000, 0x000001c69e500000| Untracked 
| 536|0x000001c69e600000, 0x000001c69e600000, 0x000001c69e700000|  0%| F|  |TAMS 0x000001c69e600000, 0x000001c69e600000| Untracked 
| 537|0x000001c69e700000, 0x000001c69e700000, 0x000001c69e800000|  0%| F|  |TAMS 0x000001c69e700000, 0x000001c69e700000| Untracked 
| 538|0x000001c69e800000, 0x000001c69e800000, 0x000001c69e900000|  0%| F|  |TAMS 0x000001c69e800000, 0x000001c69e800000| Untracked 
| 539|0x000001c69e900000, 0x000001c69e900000, 0x000001c69ea00000|  0%| F|  |TAMS 0x000001c69e900000, 0x000001c69e900000| Untracked 
| 540|0x000001c69ea00000, 0x000001c69ea00000, 0x000001c69eb00000|  0%| F|  |TAMS 0x000001c69ea00000, 0x000001c69ea00000| Untracked 
| 541|0x000001c69eb00000, 0x000001c69eb00000, 0x000001c69ec00000|  0%| F|  |TAMS 0x000001c69eb00000, 0x000001c69eb00000| Untracked 
| 542|0x000001c69ec00000, 0x000001c69ec00000, 0x000001c69ed00000|  0%| F|  |TAMS 0x000001c69ec00000, 0x000001c69ec00000| Untracked 
| 543|0x000001c69ed00000, 0x000001c69ed00000, 0x000001c69ee00000|  0%| F|  |TAMS 0x000001c69ed00000, 0x000001c69ed00000| Untracked 
| 544|0x000001c69ee00000, 0x000001c69ee00000, 0x000001c69ef00000|  0%| F|  |TAMS 0x000001c69ee00000, 0x000001c69ee00000| Untracked 
| 545|0x000001c69ef00000, 0x000001c69ef00000, 0x000001c69f000000|  0%| F|  |TAMS 0x000001c69ef00000, 0x000001c69ef00000| Untracked 
| 546|0x000001c69f000000, 0x000001c69f000000, 0x000001c69f100000|  0%| F|  |TAMS 0x000001c69f000000, 0x000001c69f000000| Untracked 
| 547|0x000001c69f100000, 0x000001c69f100000, 0x000001c69f200000|  0%| F|  |TAMS 0x000001c69f100000, 0x000001c69f100000| Untracked 
| 548|0x000001c69f200000, 0x000001c69f200000, 0x000001c69f300000|  0%| F|  |TAMS 0x000001c69f200000, 0x000001c69f200000| Untracked 
| 549|0x000001c69f300000, 0x000001c69f300000, 0x000001c69f400000|  0%| F|  |TAMS 0x000001c69f300000, 0x000001c69f300000| Untracked 
| 550|0x000001c69f400000, 0x000001c69f400000, 0x000001c69f500000|  0%| F|  |TAMS 0x000001c69f400000, 0x000001c69f400000| Untracked 
| 551|0x000001c69f500000, 0x000001c69f500000, 0x000001c69f600000|  0%| F|  |TAMS 0x000001c69f500000, 0x000001c69f500000| Untracked 
| 552|0x000001c69f600000, 0x000001c69f600000, 0x000001c69f700000|  0%| F|  |TAMS 0x000001c69f600000, 0x000001c69f600000| Untracked 
| 553|0x000001c69f700000, 0x000001c69f700000, 0x000001c69f800000|  0%| F|  |TAMS 0x000001c69f700000, 0x000001c69f700000| Untracked 
| 554|0x000001c69f800000, 0x000001c69f800000, 0x000001c69f900000|  0%| F|  |TAMS 0x000001c69f800000, 0x000001c69f800000| Untracked 
| 555|0x000001c69f900000, 0x000001c69f900000, 0x000001c69fa00000|  0%| F|  |TAMS 0x000001c69f900000, 0x000001c69f900000| Untracked 
| 556|0x000001c69fa00000, 0x000001c69fa00000, 0x000001c69fb00000|  0%| F|  |TAMS 0x000001c69fa00000, 0x000001c69fa00000| Untracked 
| 557|0x000001c69fb00000, 0x000001c69fb00000, 0x000001c69fc00000|  0%| F|  |TAMS 0x000001c69fb00000, 0x000001c69fb00000| Untracked 
| 558|0x000001c69fc00000, 0x000001c69fc00000, 0x000001c69fd00000|  0%| F|  |TAMS 0x000001c69fc00000, 0x000001c69fc00000| Untracked 
| 559|0x000001c69fd00000, 0x000001c69fd00000, 0x000001c69fe00000|  0%| F|  |TAMS 0x000001c69fd00000, 0x000001c69fd00000| Untracked 
| 560|0x000001c69fe00000, 0x000001c69fe00000, 0x000001c69ff00000|  0%| F|  |TAMS 0x000001c69fe00000, 0x000001c69fe00000| Untracked 
| 561|0x000001c69ff00000, 0x000001c69ff00000, 0x000001c6a0000000|  0%| F|  |TAMS 0x000001c69ff00000, 0x000001c69ff00000| Untracked 
| 562|0x000001c6a0000000, 0x000001c6a0000000, 0x000001c6a0100000|  0%| F|  |TAMS 0x000001c6a0000000, 0x000001c6a0000000| Untracked 
| 563|0x000001c6a0100000, 0x000001c6a0100000, 0x000001c6a0200000|  0%| F|  |TAMS 0x000001c6a0100000, 0x000001c6a0100000| Untracked 
| 564|0x000001c6a0200000, 0x000001c6a0200000, 0x000001c6a0300000|  0%| F|  |TAMS 0x000001c6a0200000, 0x000001c6a0200000| Untracked 
| 565|0x000001c6a0300000, 0x000001c6a0300000, 0x000001c6a0400000|  0%| F|  |TAMS 0x000001c6a0300000, 0x000001c6a0300000| Untracked 
| 566|0x000001c6a0400000, 0x000001c6a0400000, 0x000001c6a0500000|  0%| F|  |TAMS 0x000001c6a0400000, 0x000001c6a0400000| Untracked 
| 567|0x000001c6a0500000, 0x000001c6a0500000, 0x000001c6a0600000|  0%| F|  |TAMS 0x000001c6a0500000, 0x000001c6a0500000| Untracked 
| 568|0x000001c6a0600000, 0x000001c6a0600000, 0x000001c6a0700000|  0%| F|  |TAMS 0x000001c6a0600000, 0x000001c6a0600000| Untracked 
| 569|0x000001c6a0700000, 0x000001c6a0700000, 0x000001c6a0800000|  0%| F|  |TAMS 0x000001c6a0700000, 0x000001c6a0700000| Untracked 
| 570|0x000001c6a0800000, 0x000001c6a0800000, 0x000001c6a0900000|  0%| F|  |TAMS 0x000001c6a0800000, 0x000001c6a0800000| Untracked 
| 571|0x000001c6a0900000, 0x000001c6a0900000, 0x000001c6a0a00000|  0%| F|  |TAMS 0x000001c6a0900000, 0x000001c6a0900000| Untracked 
| 572|0x000001c6a0a00000, 0x000001c6a0a00000, 0x000001c6a0b00000|  0%| F|  |TAMS 0x000001c6a0a00000, 0x000001c6a0a00000| Untracked 
| 573|0x000001c6a0b00000, 0x000001c6a0b00000, 0x000001c6a0c00000|  0%| F|  |TAMS 0x000001c6a0b00000, 0x000001c6a0b00000| Untracked 

Card table byte_map: [0x000001c6fd200000,0x000001c6fd600000] _byte_map_base: 0x000001c619e19000

Marking Bits (Prev, Next): (CMBitMap*) 0x000001c67c247890, (CMBitMap*) 0x000001c67c2478d0
 Prev Bits: [0x000001c6fda00000, 0x000001c6ffa00000)
 Next Bits: [0x000001c617e80000, 0x000001c619e80000)

Polling page: 0x000001c67b9a0000

Metaspace:

Usage:
  118.94 MB used.

Virtual space:
    128.00 MB reserved,     120.19 MB ( 94%) committed,  2 nodes.

Chunk freelists:
3.39 MB

MaxMetaspaceSize: unlimited
No class space
Initial GC threshold: 21.00 MB
Current GC threshold: 196.19 MB
CDS: off
MetaspaceReclaimPolicy: balanced
 - commit_granule_bytes: 65536.
 - commit_granule_words: 8192.
 - virtual_space_node_default_size: 8388608.
 - enlarge_chunks_in_place: 1.
 - new_chunks_are_fully_committed: 0.
 - uncommit_free_chunks: 1.
 - use_allocation_guard: 0.


Internal statistics:

num_allocs_failed_limit: 9.
num_arena_births: 2450.
num_arena_deaths: 3.
num_vsnodes_births: 2.
num_vsnodes_deaths: 0.
num_space_committed: 1922.
num_space_uncommitted: 0.
num_chunks_returned_to_freelist: 15.
num_chunks_taken_from_freelist: 8510.
num_chunk_merges: 10.
num_chunk_splits: 6270.
num_chunks_enlarged: 4719.
num_inconsistent_stats: 0.

CodeHeap 'non-profiled nmethods': size=119168Kb used=8296Kb max_used=8296Kb free=110871Kb
 bounds [0x000001c610a20000, 0x000001c611240000, 0x000001c617e80000]
CodeHeap 'profiled nmethods': size=119104Kb used=25990Kb max_used=25990Kb free=93114Kb
 bounds [0x000001c6095d0000, 0x000001c60af40000, 0x000001c610a20000]
CodeHeap 'non-nmethods': size=7488Kb used=3477Kb max_used=3501Kb free=4010Kb
 bounds [0x000001c608e80000, 0x000001c6091f0000, 0x000001c6095d0000]
 total_blobs=14215 nmethods=13372 adapters=750
 compilation: enabled
              stopped_count=0, restarted_count=0
 full_count=0

Compilation events (20 events):
Event: 15.513 Thread 0x000001c623349b90 15751       4       com.android.tools.r8.internal.B40$b::<init> (40 bytes)
Event: 15.513 Thread 0x000001c621080390 15912       3       com.android.tools.r8.internal.vd::b (25 bytes)
Event: 15.513 Thread 0x000001c621080390 nmethod 15912 0x000001c60af2f090 code [0x000001c60af2f240, 0x000001c60af2f3f8]
Event: 15.516 Thread 0x000001c6220e7010 15914       3       com.android.tools.r8.graph.p4::a (67 bytes)
Event: 15.516 Thread 0x000001c621080390 15915       3       com.android.tools.r8.internal.kb::<init> (79 bytes)
Event: 15.516 Thread 0x000001c621080390 nmethod 15915 0x000001c60af2f510 code [0x000001c60af2f6c0, 0x000001c60af2f998]
Event: 15.516 Thread 0x000001c623349b90 nmethod 15751 0x000001c611231790 code [0x000001c611231900, 0x000001c611231b38]
Event: 15.516 Thread 0x000001c623349b90 15815       4       com.android.tools.r8.graph.p4::a (121 bytes)
Event: 15.518 Thread 0x000001c6220e7010 nmethod 15914 0x000001c60af2fa90 code [0x000001c60af2fda0, 0x000001c60af31318]
Event: 15.519 Thread 0x000001c623348c60 nmethod 15753 0x000001c611231b90 code [0x000001c611231d80, 0x000001c6112328c0]
Event: 15.520 Thread 0x000001c623348c60 15826       4       com.android.tools.r8.graph.p4::a (956 bytes)
Event: 15.521 Thread 0x000001c62107d880 nmethod 15605 0x000001c611233190 code [0x000001c6112334c0, 0x000001c611236d48]
Event: 15.523 Thread 0x000001c62107d880 15916       4       com.android.tools.r8.graph.p4::a (165 bytes)
Event: 15.526 Thread 0x000001c623349680 nmethod 15807 0x000001c611238690 code [0x000001c6112388a0, 0x000001c611239740]
Event: 15.526 Thread 0x000001c6211db150 15920       3       java.lang.invoke.DelegatingMethodHandle$Holder::reinvoke_L (18 bytes)
Event: 15.527 Thread 0x000001c6211db150 nmethod 15920 0x000001c60af31a90 code [0x000001c60af31c60, 0x000001c60af32138]
Event: 15.528 Thread 0x000001c623349680 15918 %     4       java.util.IdentityHashMap::resize @ 104 (153 bytes)
Event: 15.529 Thread 0x000001c6220e7010 15921   !   3       com.android.tools.r8.internal.Jx::a (72 bytes)
Event: 15.529 Thread 0x000001c62117b600 15922       3       com.android.tools.r8.internal.Ro0$$Lambda$2311/0x000001c62b00dc40::accept (11 bytes)
Event: 15.529 Thread 0x000001c62117b600 nmethod 15922 0x000001c60af32290 code [0x000001c60af32440, 0x000001c60af32608]

GC Heap History (20 events):
Event: 14.559 GC heap after
{Heap after GC invocations=74 (full 0):
 garbage-first heap   total 306176K, used 235029K [0x000001c67ce00000, 0x000001c6fce00000)
  region size 1024K, 5 young (5120K), 5 survivors (5120K)
 Metaspace       used 117645K, committed 118976K, reserved 131072K
}
Event: 14.592 GC heap before
{Heap before GC invocations=74 (full 0):
 garbage-first heap   total 306176K, used 259605K [0x000001c67ce00000, 0x000001c6fce00000)
  region size 1024K, 29 young (29696K), 5 survivors (5120K)
 Metaspace       used 118094K, committed 119424K, reserved 131072K
}
Event: 14.594 GC heap after
{Heap after GC invocations=75 (full 0):
 garbage-first heap   total 368640K, used 241473K [0x000001c67ce00000, 0x000001c6fce00000)
  region size 1024K, 4 young (4096K), 4 survivors (4096K)
 Metaspace       used 118094K, committed 119424K, reserved 131072K
}
Event: 14.684 GC heap before
{Heap before GC invocations=75 (full 0):
 garbage-first heap   total 368640K, used 298817K [0x000001c67ce00000, 0x000001c6fce00000)
  region size 1024K, 60 young (61440K), 4 survivors (4096K)
 Metaspace       used 118719K, committed 120000K, reserved 131072K
}
Event: 14.688 GC heap after
{Heap after GC invocations=76 (full 0):
 garbage-first heap   total 368640K, used 256638K [0x000001c67ce00000, 0x000001c6fce00000)
  region size 1024K, 8 young (8192K), 8 survivors (8192K)
 Metaspace       used 118719K, committed 120000K, reserved 131072K
}
Event: 14.728 GC heap before
{Heap before GC invocations=76 (full 0):
 garbage-first heap   total 368640K, used 302718K [0x000001c67ce00000, 0x000001c6fce00000)
  region size 1024K, 54 young (55296K), 8 survivors (8192K)
 Metaspace       used 118787K, committed 120064K, reserved 131072K
}
Event: 14.732 GC heap after
{Heap after GC invocations=77 (full 0):
 garbage-first heap   total 368640K, used 269916K [0x000001c67ce00000, 0x000001c6fce00000)
  region size 1024K, 7 young (7168K), 7 survivors (7168K)
 Metaspace       used 118787K, committed 120064K, reserved 131072K
}
Event: 14.763 GC heap before
{Heap before GC invocations=77 (full 0):
 garbage-first heap   total 368640K, used 306780K [0x000001c67ce00000, 0x000001c6fce00000)
  region size 1024K, 44 young (45056K), 7 survivors (7168K)
 Metaspace       used 118900K, committed 120192K, reserved 131072K
}
Event: 14.767 GC heap after
{Heap after GC invocations=78 (full 0):
 garbage-first heap   total 368640K, used 280898K [0x000001c67ce00000, 0x000001c6fce00000)
  region size 1024K, 6 young (6144K), 6 survivors (6144K)
 Metaspace       used 118900K, committed 120192K, reserved 131072K
}
Event: 14.795 GC heap before
{Heap before GC invocations=78 (full 0):
 garbage-first heap   total 368640K, used 310594K [0x000001c67ce00000, 0x000001c6fce00000)
  region size 1024K, 36 young (36864K), 6 survivors (6144K)
 Metaspace       used 119026K, committed 120320K, reserved 131072K
}
Event: 14.800 GC heap after
{Heap after GC invocations=79 (full 0):
 garbage-first heap   total 587776K, used 289792K [0x000001c67ce00000, 0x000001c6fce00000)
  region size 1024K, 5 young (5120K), 5 survivors (5120K)
 Metaspace       used 119026K, committed 120320K, reserved 131072K
}
Event: 15.035 GC heap before
{Heap before GC invocations=80 (full 0):
 garbage-first heap   total 587776K, used 441344K [0x000001c67ce00000, 0x000001c6fce00000)
  region size 1024K, 154 young (157696K), 5 survivors (5120K)
 Metaspace       used 119644K, committed 120960K, reserved 131072K
}
Event: 15.051 GC heap after
{Heap after GC invocations=81 (full 0):
 garbage-first heap   total 587776K, used 325880K [0x000001c67ce00000, 0x000001c6fce00000)
  region size 1024K, 20 young (20480K), 20 survivors (20480K)
 Metaspace       used 119644K, committed 120960K, reserved 131072K
}
Event: 15.062 GC heap before
{Heap before GC invocations=81 (full 0):
 garbage-first heap   total 587776K, used 334072K [0x000001c67ce00000, 0x000001c6fce00000)
  region size 1024K, 28 young (28672K), 20 survivors (20480K)
 Metaspace       used 119691K, committed 120960K, reserved 131072K
}
Event: 15.068 GC heap after
{Heap after GC invocations=82 (full 0):
 garbage-first heap   total 587776K, used 326808K [0x000001c67ce00000, 0x000001c6fce00000)
  region size 1024K, 4 young (4096K), 4 survivors (4096K)
 Metaspace       used 119691K, committed 120960K, reserved 131072K
}
Event: 15.178 GC heap before
{Heap before GC invocations=82 (full 0):
 garbage-first heap   total 587776K, used 439448K [0x000001c67ce00000, 0x000001c6fce00000)
  region size 1024K, 113 young (115712K), 4 survivors (4096K)
 Metaspace       used 120189K, committed 121472K, reserved 131072K
}
Event: 15.188 GC heap after
{Heap after GC invocations=83 (full 0):
 garbage-first heap   total 587776K, used 353544K [0x000001c67ce00000, 0x000001c6fce00000)
  region size 1024K, 15 young (15360K), 15 survivors (15360K)
 Metaspace       used 120189K, committed 121472K, reserved 131072K
}
Event: 15.361 GC heap before
{Heap before GC invocations=83 (full 0):
 garbage-first heap   total 587776K, used 453896K [0x000001c67ce00000, 0x000001c6fce00000)
  region size 1024K, 114 young (116736K), 15 survivors (15360K)
 Metaspace       used 121120K, committed 122432K, reserved 131072K
}
Event: 15.371 GC heap after
{Heap after GC invocations=84 (full 0):
 garbage-first heap   total 587776K, used 375654K [0x000001c67ce00000, 0x000001c6fce00000)
  region size 1024K, 15 young (15360K), 15 survivors (15360K)
 Metaspace       used 121120K, committed 122432K, reserved 131072K
}
Event: 15.530 GC heap before
{Heap before GC invocations=84 (full 0):
 garbage-first heap   total 587776K, used 467814K [0x000001c67ce00000, 0x000001c6fce00000)
  region size 1024K, 106 young (108544K), 15 survivors (15360K)
 Metaspace       used 121793K, committed 123072K, reserved 131072K
}

Deoptimization events (20 events):
Event: 15.447 Thread 0x000001c62d37e350 DEOPT PACKING pc=0x000001c60aeb127e sp=0x00000027239f73f0
Event: 15.447 Thread 0x000001c62d37e350 DEOPT UNPACKING pc=0x000001c608ed2b43 sp=0x00000027239f6860 mode 0
Event: 15.448 Thread 0x000001c62dc857e0 DEOPT PACKING pc=0x000001c60aeb127e sp=0x00000027253f9790
Event: 15.448 Thread 0x000001c62dc857e0 DEOPT UNPACKING pc=0x000001c608ed2b43 sp=0x00000027253f8c00 mode 0
Event: 15.449 Thread 0x000001c62d37e350 DEOPT PACKING pc=0x000001c60aeb127e sp=0x00000027239f7810
Event: 15.449 Thread 0x000001c62d37e350 DEOPT UNPACKING pc=0x000001c608ed2b43 sp=0x00000027239f6c80 mode 0
Event: 15.449 Thread 0x000001c62dc857e0 DEOPT PACKING pc=0x000001c60aeb127e sp=0x00000027253f9790
Event: 15.449 Thread 0x000001c62dc857e0 DEOPT UNPACKING pc=0x000001c608ed2b43 sp=0x00000027253f8c00 mode 0
Event: 15.450 Thread 0x000001c62dc87990 DEOPT PACKING pc=0x000001c60aeb127e sp=0x00000027255f9c30
Event: 15.450 Thread 0x000001c62dc87990 DEOPT UNPACKING pc=0x000001c608ed2b43 sp=0x00000027255f90a0 mode 0
Event: 15.451 Thread 0x000001c62dc857e0 DEOPT PACKING pc=0x000001c60aeb127e sp=0x00000027253f9790
Event: 15.451 Thread 0x000001c62dc857e0 DEOPT UNPACKING pc=0x000001c608ed2b43 sp=0x00000027253f8c00 mode 0
Event: 15.451 Thread 0x000001c62dc857e0 DEOPT PACKING pc=0x000001c60aeb127e sp=0x00000027253f9790
Event: 15.451 Thread 0x000001c62dc857e0 DEOPT UNPACKING pc=0x000001c608ed2b43 sp=0x00000027253f8c00 mode 0
Event: 15.452 Thread 0x000001c62dc87990 DEOPT PACKING pc=0x000001c60aeb127e sp=0x00000027255f9840
Event: 15.452 Thread 0x000001c62dc87990 DEOPT UNPACKING pc=0x000001c608ed2b43 sp=0x00000027255f8cb0 mode 0
Event: 15.478 Thread 0x000001c62d37e350 Uncommon trap: trap_request=0xffffff45 fr.pc=0x000001c6111e3dfc relative=0x000000000000065c
Event: 15.478 Thread 0x000001c62d37e350 Uncommon trap: reason=unstable_if action=reinterpret pc=0x000001c6111e3dfc method=com.android.tools.r8.internal.xq0.e(Ljava/lang/String;)Lcom/android/tools/r8/internal/xq0; @ 11 c2
Event: 15.478 Thread 0x000001c62d37e350 DEOPT PACKING pc=0x000001c6111e3dfc sp=0x00000027239f77a0
Event: 15.478 Thread 0x000001c62d37e350 DEOPT UNPACKING pc=0x000001c608ed23a3 sp=0x00000027239f76b8 mode 2

Classes loaded (20 events):
Event: 13.818 Loading class com/sun/org/apache/xerces/internal/dom/AttributeMap
Event: 13.819 Loading class com/sun/org/apache/xerces/internal/dom/NamedNodeMapImpl
Event: 13.819 Loading class com/sun/org/apache/xerces/internal/dom/NamedNodeMapImpl done
Event: 13.819 Loading class com/sun/org/apache/xerces/internal/dom/AttributeMap done
Event: 13.819 Loading class com/sun/org/apache/xerces/internal/dom/DeferredAttrNSImpl
Event: 13.819 Loading class com/sun/org/apache/xerces/internal/dom/AttrNSImpl
Event: 13.820 Loading class com/sun/org/apache/xerces/internal/dom/AttrImpl
Event: 13.820 Loading class com/sun/org/apache/xerces/internal/dom/AttrImpl done
Event: 13.820 Loading class com/sun/org/apache/xerces/internal/dom/AttrNSImpl done
Event: 13.820 Loading class com/sun/org/apache/xerces/internal/dom/DeferredAttrNSImpl done
Event: 13.918 Loading class java/util/concurrent/locks/ReentrantReadWriteLock$Sync$HoldCounter
Event: 13.919 Loading class java/util/concurrent/locks/ReentrantReadWriteLock$Sync$HoldCounter done
Event: 13.996 Loading class java/util/zip/ZipFile$ZipEntryIterator
Event: 13.997 Loading class java/util/zip/ZipFile$ZipEntryIterator done
Event: 14.105 Loading class java/util/zip/ZipInputStream
Event: 14.105 Loading class java/util/zip/ZipInputStream done
Event: 14.255 Loading class java/io/UTFDataFormatException
Event: 14.255 Loading class java/io/UTFDataFormatException done
Event: 14.388 Loading class java/util/concurrent/RejectedExecutionException
Event: 14.388 Loading class java/util/concurrent/RejectedExecutionException done

Classes unloaded (3 events):
Event: 14.851 Thread 0x000001c62101b020 Unloading class 0x000001c62ac9d000 'java/lang/invoke/LambdaForm$DMH+0x000001c62ac9d000'
Event: 14.851 Thread 0x000001c62101b020 Unloading class 0x000001c62ac9d400 'java/lang/invoke/LambdaForm$DMH+0x000001c62ac9d400'
Event: 14.851 Thread 0x000001c62101b020 Unloading class 0x000001c62a754c00 'java/lang/invoke/LambdaForm$DMH+0x000001c62a754c00'

Classes redefined (0 events):
No events

Internal exceptions (20 events):
Event: 14.035 Thread 0x000001c62c698cc0 Exception <a 'sun/nio/fs/WindowsException'{0x000001c689352c18}> (0x000001c689352c18) 
thrown [s\src\hotspot\share\prims\jni.cpp, line 516]
Event: 14.185 Thread 0x000001c62d37e350 Exception <a 'sun/nio/fs/WindowsException'{0x000001c68c3b6108}> (0x000001c68c3b6108) 
thrown [s\src\hotspot\share\prims\jni.cpp, line 516]
Event: 14.185 Thread 0x000001c62dc85310 Exception <a 'sun/nio/fs/WindowsException'{0x000001c68c4540c8}> (0x000001c68c4540c8) 
thrown [s\src\hotspot\share\prims\jni.cpp, line 516]
Event: 14.234 Thread 0x000001c62dc87990 Exception <a 'sun/nio/fs/WindowsException'{0x000001c68bf279e0}> (0x000001c68bf279e0) 
thrown [s\src\hotspot\share\prims\jni.cpp, line 516]
Event: 14.511 Thread 0x000001c62d37e350 Exception <a 'java/lang/NoSuchMethodError'{0x000001c68d688940}: 'java.lang.Object java.lang.invoke.DirectMethodHandle$Holder.invokeStaticInit(java.lang.Object, java.lang.Object, java.lang.Object, java.lang.Object, java.lang.Object, java.lang.Object, java.lang.Object, java.lang.Object, java.lang.Object, java.lang.Object, java.lang.Object, java.lang.Object, java.lang.Object, java.lang.Object, java.lang.Object, java.lang.Object, java.lang.Object, java.lang.Object, java.lang.Object, java.lang.Object, int, java
Event: 14.545 Thread 0x000001c62dc87990 Exception <a 'java/lang/IncompatibleClassChangeError'{0x000001c68e40a708}: Found class java.lang.Object, but interface was expected> (0x000001c68e40a708) 
thrown [s\src\hotspot\share\interpreter\linkResolver.cpp, line 826]
Event: 14.545 Thread 0x000001c62d37e350 Exception <a 'java/lang/IncompatibleClassChangeError'{0x000001c68f1060b0}: Found class java.lang.Object, but interface was expected> (0x000001c68f1060b0) 
thrown [s\src\hotspot\share\interpreter\linkResolver.cpp, line 826]
Event: 14.810 Thread 0x000001c62dc857e0 Exception <a 'sun/nio/fs/WindowsException'{0x000001c6a0654520}> (0x000001c6a0654520) 
thrown [s\src\hotspot\share\prims\jni.cpp, line 516]
Event: 15.191 Thread 0x000001c62dc85310 Exception <a 'java/lang/IncompatibleClassChangeError'{0x000001c6a0bef030}: Found class java.lang.Object, but interface was expected> (0x000001c6a0bef030) 
thrown [s\src\hotspot\share\interpreter\linkResolver.cpp, line 826]
Event: 15.191 Thread 0x000001c62dc87990 Exception <a 'java/lang/IncompatibleClassChangeError'{0x000001c6a0b26068}: Found class java.lang.Object, but interface was expected> (0x000001c6a0b26068) 
thrown [s\src\hotspot\share\interpreter\linkResolver.cpp, line 826]
Event: 15.191 Thread 0x000001c62d37e350 Exception <a 'java/lang/IncompatibleClassChangeError'{0x000001c6a0b01308}: Found class java.lang.Object, but interface was expected> (0x000001c6a0b01308) 
thrown [s\src\hotspot\share\interpreter\linkResolver.cpp, line 826]
Event: 15.219 Thread 0x000001c62dc85310 Implicit null exception at 0x000001c6111c6db8 to 0x000001c6111c83a8
Event: 15.219 Thread 0x000001c62d37e350 Implicit null exception at 0x000001c6111c6db8 to 0x000001c6111c83a8
Event: 15.219 Thread 0x000001c62dc87990 Implicit null exception at 0x000001c6111c6db8 to 0x000001c6111c83a8
Event: 15.220 Thread 0x000001c62dc85310 Implicit null exception at 0x000001c6111bd219 to 0x000001c6111bd328
Event: 15.220 Thread 0x000001c62d37e350 Implicit null exception at 0x000001c6111bd219 to 0x000001c6111bd328
Event: 15.220 Thread 0x000001c62dc87990 Implicit null exception at 0x000001c6111bd219 to 0x000001c6111bd328
Event: 15.220 Thread 0x000001c62dc85310 Implicit null exception at 0x000001c6111bd219 to 0x000001c6111bd328
Event: 15.220 Thread 0x000001c62d37e350 Implicit null exception at 0x000001c6111bd219 to 0x000001c6111bd328
Event: 15.220 Thread 0x000001c62dc87990 Implicit null exception at 0x000001c6111bd219 to 0x000001c6111bd328

VM Operations (20 events):
Event: 15.051 Executing VM operation: G1CollectForAllocation done
Event: 15.061 Executing VM operation: G1CollectForAllocation
Event: 15.068 Executing VM operation: G1CollectForAllocation done
Event: 15.178 Executing VM operation: G1CollectForAllocation
Event: 15.188 Executing VM operation: G1CollectForAllocation done
Event: 15.218 Executing VM operation: HandshakeAllThreads
Event: 15.218 Executing VM operation: HandshakeAllThreads done
Event: 15.266 Executing VM operation: HandshakeAllThreads
Event: 15.266 Executing VM operation: HandshakeAllThreads done
Event: 15.313 Executing VM operation: HandshakeAllThreads
Event: 15.314 Executing VM operation: HandshakeAllThreads done
Event: 15.316 Executing VM operation: HandshakeAllThreads
Event: 15.316 Executing VM operation: HandshakeAllThreads done
Event: 15.318 Executing VM operation: HandshakeAllThreads
Event: 15.318 Executing VM operation: HandshakeAllThreads done
Event: 15.361 Executing VM operation: G1CollectForAllocation
Event: 15.371 Executing VM operation: G1CollectForAllocation done
Event: 15.484 Executing VM operation: HandshakeAllThreads
Event: 15.484 Executing VM operation: HandshakeAllThreads done
Event: 15.529 Executing VM operation: G1CollectForAllocation

Events (20 events):
Event: 14.667 Thread 0x000001c621080c80 flushing nmethod 0x000001c610d78d10
Event: 14.667 Thread 0x000001c621080c80 flushing nmethod 0x000001c610d8a090
Event: 14.667 Thread 0x000001c621080c80 flushing nmethod 0x000001c610d9e610
Event: 14.667 Thread 0x000001c621080c80 flushing nmethod 0x000001c610db4d90
Event: 14.667 Thread 0x000001c621080c80 flushing nmethod 0x000001c610db5290
Event: 14.669 Thread 0x000001c621080c80 flushing nmethod 0x000001c610ec6790
Event: 14.670 Thread 0x000001c621080c80 flushing nmethod 0x000001c610f76610
Event: 14.670 Thread 0x000001c621080c80 flushing nmethod 0x000001c610f86590
Event: 14.672 Thread 0x000001c621080c80 flushing nmethod 0x000001c61106f710
Event: 14.673 Thread 0x000001c621080c80 flushing nmethod 0x000001c611081e10
Event: 14.679 Thread 0x000001c621080c80 flushing nmethod 0x000001c609984790
Event: 14.682 Thread 0x000001c621080c80 flushing nmethod 0x000001c609bc0f10
Event: 14.695 Thread 0x000001c621080c80 flushing nmethod 0x000001c60a225790
Event: 14.695 Thread 0x000001c621080c80 flushing nmethod 0x000001c60a239a10
Event: 14.696 Thread 0x000001c621080c80 flushing nmethod 0x000001c60a304610
Event: 14.697 Thread 0x000001c621080c80 flushing nmethod 0x000001c60a378810
Event: 14.697 Thread 0x000001c621080c80 flushing nmethod 0x000001c60a378e90
Event: 14.702 Thread 0x000001c621080c80 flushing nmethod 0x000001c60a6bee10
Event: 14.724 Thread 0x000001c62cd06600 Thread added: 0x000001c62cd06600
Event: 14.737 Thread 0x000001c62cd07020 Thread added: 0x000001c62cd07020


Dynamic libraries:
0x00007ff68f9a0000 - 0x00007ff68f9ad000 	D:\Program Files\JDK18\bin\java.exe
0x00007ffa1fd80000 - 0x00007ffa1ffe7000 	C:\WINDOWS\SYSTEM32\ntdll.dll
0x00007ffa1ea70000 - 0x00007ffa1eb39000 	C:\WINDOWS\System32\KERNEL32.DLL
0x00007ffa1d2f0000 - 0x00007ffa1d6e7000 	C:\WINDOWS\System32\KERNELBASE.dll
0x00007ffa1d1a0000 - 0x00007ffa1d2eb000 	C:\WINDOWS\System32\ucrtbase.dll
0x00007ff9fe600000 - 0x00007ff9fe617000 	D:\Program Files\JDK18\bin\jli.dll
0x00007ffa02eb0000 - 0x00007ffa02ec5000 	D:\Program Files\JDK18\bin\VCRUNTIME140.dll
0x00007ffa1e5b0000 - 0x00007ffa1e776000 	C:\WINDOWS\System32\USER32.dll
0x00007ffa1d7b0000 - 0x00007ffa1d7d7000 	C:\WINDOWS\System32\win32u.dll
0x00007ffa03800000 - 0x00007ffa03a92000 	C:\WINDOWS\WinSxS\amd64_microsoft.windows.common-controls_6595b64144ccf1df_6.0.26100.8457_none_3e0b2faee331e92d\COMCTL32.dll
0x00007ffa1dc40000 - 0x00007ffa1dc6b000 	C:\WINDOWS\System32\GDI32.dll
0x00007ffa1eb60000 - 0x00007ffa1ec09000 	C:\WINDOWS\System32\msvcrt.dll
0x00007ffa1d920000 - 0x00007ffa1da4c000 	C:\WINDOWS\System32\gdi32full.dll
0x00007ffa1d870000 - 0x00007ffa1d913000 	C:\WINDOWS\System32\msvcp_win.dll
0x00007ffa1e780000 - 0x00007ffa1e7b2000 	C:\WINDOWS\System32\IMM32.DLL
0x00007ff99f3f0000 - 0x00007ff99f48b000 	D:\Program Files\JDK18\bin\msvcp140.dll
0x00007ff99bf70000 - 0x00007ff99cbea000 	D:\Program Files\JDK18\bin\server\jvm.dll
0x00007ffa1e4f0000 - 0x00007ffa1e5a6000 	C:\WINDOWS\System32\ADVAPI32.dll
0x00007ffa1fb00000 - 0x00007ffa1fba7000 	C:\WINDOWS\System32\sechost.dll
0x00007ffa1ec10000 - 0x00007ffa1ed28000 	C:\WINDOWS\System32\RPCRT4.dll
0x00007ffa1fd30000 - 0x00007ffa1fd38000 	C:\WINDOWS\System32\PSAPI.DLL
0x00007ffa0fa50000 - 0x00007ffa0fa86000 	C:\WINDOWS\SYSTEM32\WINMM.dll
0x00007ffa15a10000 - 0x00007ffa15a1b000 	C:\WINDOWS\SYSTEM32\VERSION.dll
0x00007ffa09180000 - 0x00007ffa0918a000 	C:\WINDOWS\SYSTEM32\WSOCK32.dll
0x00007ffa1de90000 - 0x00007ffa1df10000 	C:\WINDOWS\System32\WS2_32.dll
0x00007ffa1b4d0000 - 0x00007ffa1b4eb000 	C:\WINDOWS\SYSTEM32\kernel.appcore.dll
0x00007ff9ef3b0000 - 0x00007ff9ef3ba000 	D:\Program Files\JDK18\bin\jimage.dll
0x00007ffa1a540000 - 0x00007ffa1a782000 	C:\WINDOWS\SYSTEM32\DBGHELP.DLL
0x00007ffa1df20000 - 0x00007ffa1e2a3000 	C:\WINDOWS\System32\combase.dll
0x00007ffa1db60000 - 0x00007ffa1dc39000 	C:\WINDOWS\System32\OLEAUT32.dll
0x00007ff9e78e0000 - 0x00007ff9e791b000 	C:\WINDOWS\SYSTEM32\dbgcore.DLL
0x00007ffa1da50000 - 0x00007ffa1daf8000 	C:\WINDOWS\System32\bcryptPrimitives.dll
0x00007ff9cd8f0000 - 0x00007ff9cd8fe000 	D:\Program Files\JDK18\bin\instrument.dll
0x00007ff9e7c60000 - 0x00007ff9e7c85000 	D:\Program Files\JDK18\bin\java.dll
0x00007ff99f310000 - 0x00007ff99f3e6000 	D:\Program Files\JDK18\bin\jsvml.dll
0x00007ffa1f380000 - 0x00007ffa1faee000 	C:\WINDOWS\System32\SHELL32.dll
0x00007ffa1c7b0000 - 0x00007ffa1d01c000 	C:\WINDOWS\System32\windows.storage.dll
0x00007ffa1e7d0000 - 0x00007ffa1e8c6000 	C:\WINDOWS\System32\SHCORE.dll
0x00007ffa1fcc0000 - 0x00007ffa1fd26000 	C:\WINDOWS\System32\shlwapi.dll
0x00007ffa1c6d0000 - 0x00007ffa1c6f9000 	C:\WINDOWS\SYSTEM32\profapi.dll
0x00007ff9ceda0000 - 0x00007ff9cedb8000 	D:\Program Files\JDK18\bin\zip.dll
0x00007ff9cede0000 - 0x00007ff9cedf3000 	D:\Program Files\JDK18\bin\net.dll
0x00007ffa169f0000 - 0x00007ffa16b19000 	C:\WINDOWS\SYSTEM32\WINHTTP.dll
0x00007ffa1ba50000 - 0x00007ffa1babc000 	C:\WINDOWS\system32\mswsock.dll
0x00007ff9cedc0000 - 0x00007ff9cedd5000 	D:\Program Files\JDK18\bin\nio.dll
0x00007ff9ef3a0000 - 0x00007ff9ef3b0000 	D:\Program Files\JDK18\bin\verify.dll
0x00007ff9c5330000 - 0x00007ff9c5357000 	C:\Users\color\.gradle\native\c067742578af261105cb4f569cf0c3c89f3d7b1fecec35dd04571415982c5e48\windows-amd64\native-platform.dll
0x00007ff99ed70000 - 0x00007ff99eeb4000 	C:\Users\color\.gradle\native\100fb08df4bc3b14c8652ba06237920a3bd2aa13389f12d3474272988ae205f9\windows-amd64\native-platform-file-events.dll
0x00007ff9ced90000 - 0x00007ff9ced99000 	D:\Program Files\JDK18\bin\management.dll
0x00007ff9cecb0000 - 0x00007ff9cecbb000 	D:\Program Files\JDK18\bin\management_ext.dll
0x00007ffa1be50000 - 0x00007ffa1be6b000 	C:\WINDOWS\SYSTEM32\CRYPTSP.dll
0x00007ffa1b430000 - 0x00007ffa1b469000 	C:\WINDOWS\system32\rsaenh.dll
0x00007ffa1bb00000 - 0x00007ffa1bb33000 	C:\WINDOWS\SYSTEM32\USERENV.dll
0x00007ffa1c6a0000 - 0x00007ffa1c6ca000 	C:\WINDOWS\SYSTEM32\bcrypt.dll
0x00007ffa1bcb0000 - 0x00007ffa1bcbc000 	C:\WINDOWS\SYSTEM32\CRYPTBASE.dll
0x00007ffa1aec0000 - 0x00007ffa1aef2000 	C:\WINDOWS\SYSTEM32\IPHLPAPI.DLL
0x00007ffa1e4e0000 - 0x00007ffa1e4ea000 	C:\WINDOWS\System32\NSI.dll
0x00007ffa16e60000 - 0x00007ffa16e7d000 	C:\WINDOWS\SYSTEM32\dhcpcsvc6.DLL
0x00007ffa16e30000 - 0x00007ffa16e55000 	C:\WINDOWS\SYSTEM32\dhcpcsvc.DLL
0x00007ffa1af50000 - 0x00007ffa1b082000 	C:\WINDOWS\SYSTEM32\DNSAPI.dll
0x00007ffa0f8d0000 - 0x00007ffa0f8de000 	D:\Program Files\JDK18\bin\sunmscapi.dll
0x00007ffa1d020000 - 0x00007ffa1d198000 	C:\WINDOWS\System32\CRYPT32.dll
0x00007ffa1bfb0000 - 0x00007ffa1bfe0000 	C:\WINDOWS\SYSTEM32\ncrypt.dll
0x00007ffa1bf60000 - 0x00007ffa1bf9f000 	C:\WINDOWS\SYSTEM32\NTASN1.dll
0x00007ff9eebe0000 - 0x00007ff9eebf8000 	C:\WINDOWS\system32\napinsp.dll
0x00007ff9eebc0000 - 0x00007ff9eebd3000 	C:\WINDOWS\System32\winrnr.dll
0x00007ff9ee3b0000 - 0x00007ff9ee3d2000 	C:\WINDOWS\system32\nlansp_c.dll
0x00007ff9e9d20000 - 0x00007ff9e9d36000 	C:\WINDOWS\system32\wshbth.dll
0x00007ffa166b0000 - 0x00007ffa166bb000 	C:\Windows\System32\rasadhlp.dll
0x00007ffa175f0000 - 0x00007ffa17676000 	C:\WINDOWS\System32\fwpuclnt.dll
0x00007ffa1b5f0000 - 0x00007ffa1b626000 	C:\WINDOWS\SYSTEM32\ntmarta.dll

dbghelp: loaded successfully - version: 4.0.5 - missing functions: none
symbol engine: initialized successfully - sym options: 0x614 - pdb path: .;D:\Program Files\JDK18\bin;C:\WINDOWS\SYSTEM32;C:\WINDOWS\WinSxS\amd64_microsoft.windows.common-controls_6595b64144ccf1df_6.0.26100.8457_none_3e0b2faee331e92d;D:\Program Files\JDK18\bin\server;C:\Users\color\.gradle\native\c067742578af261105cb4f569cf0c3c89f3d7b1fecec35dd04571415982c5e48\windows-amd64;C:\Users\color\.gradle\native\100fb08df4bc3b14c8652ba06237920a3bd2aa13389f12d3474272988ae205f9\windows-amd64

VM Arguments:
jvm_args: -XX:-UseCompressedOops -XX:-UseCompressedClassPointers --add-opens=java.base/java.util=ALL-UNNAMED --add-opens=java.base/java.lang=ALL-UNNAMED --add-opens=java.base/java.lang.invoke=ALL-UNNAMED --add-opens=java.prefs/java.util.prefs=ALL-UNNAMED --add-exports=jdk.compiler/com.sun.tools.javac.api=ALL-UNNAMED --add-exports=jdk.compiler/com.sun.tools.javac.util=ALL-UNNAMED --add-opens=java.base/java.nio.charset=ALL-UNNAMED --add-opens=java.base/java.net=ALL-UNNAMED --add-opens=java.base/java.util.concurrent.atomic=ALL-UNNAMED -Xmx2048m -Dfile.encoding=UTF-8 -Duser.country=CN -Duser.language=zh -Duser.variant -javaagent:C:\Users\color\.gradle\wrapper\dists\gradle-8.10.2-bin\a04bxjujx95o3nb99gddekhwo\gradle-8.10.2\lib\agents\gradle-instrumentation-agent-8.10.2.jar 
java_command: org.gradle.launcher.daemon.bootstrap.GradleDaemon 8.10.2
java_class_path (initial): C:\Users\color\.gradle\wrapper\dists\gradle-8.10.2-bin\a04bxjujx95o3nb99gddekhwo\gradle-8.10.2\lib\gradle-daemon-main-8.10.2.jar
Launcher Type: SUN_STANDARD

[Global flags]
     intx CICompilerCount                          = 12                                        {product} {ergonomic}
     uint ConcGCThreads                            = 4                                         {product} {ergonomic}
     uint G1ConcRefinementThreads                  = 15                                        {product} {ergonomic}
   size_t G1HeapRegionSize                         = 1048576                                   {product} {ergonomic}
    uintx GCDrainStackTargetSize                   = 64                                        {product} {ergonomic}
   size_t InitialHeapSize                          = 266338304                                 {product} {ergonomic}
   size_t MarkStackSize                            = 4194304                                   {product} {ergonomic}
   size_t MaxHeapSize                              = 2147483648                                {product} {command line}
   size_t MaxNewSize                               = 1287651328                                {product} {ergonomic}
   size_t MinHeapDeltaBytes                        = 1048576                                   {product} {ergonomic}
   size_t MinHeapSize                              = 8388608                                   {product} {ergonomic}
    uintx NonNMethodCodeHeapSize                   = 7602480                                {pd product} {ergonomic}
    uintx NonProfiledCodeHeapSize                  = 122027880                              {pd product} {ergonomic}
    uintx ProfiledCodeHeapSize                     = 122027880                              {pd product} {ergonomic}
    uintx ReservedCodeCacheSize                    = 251658240                              {pd product} {ergonomic}
     bool SegmentedCodeCache                       = true                                      {product} {ergonomic}
   size_t SoftMaxHeapSize                          = 2147483648                             {manageable} {ergonomic}
     bool UseCompressedClassPointers               = false                          {product lp64_product} {command line}
     bool UseCompressedOops                        = false                          {product lp64_product} {command line}
     bool UseG1GC                                  = true                                      {product} {ergonomic}
     bool UseLargePagesIndividualAllocation        = false                                  {pd product} {ergonomic}

Logging:
Log output configuration:
 #0: stdout all=warning uptime,level,tags foldmultilines=false
 #1: stderr all=off uptime,level,tags foldmultilines=false

Environment Variables:
JAVA_HOME=D:\Program Files\JDK18\
PATH=C:\Users\color\bin;D:\Program Files\Git\mingw64\bin;D:\Program Files\Git\usr\local\bin;D:\Program Files\Git\usr\bin;D:\Program Files\Git\usr\bin;D:\Program Files\Git\mingw64\bin;D:\Program Files\Git\usr\bin;C:\Users\color\bin;D:\Program Files\JDK18\bin;C:\Program Files\Java\jdkmicrosoft21\bin;C:\Program Files\Python311\Scripts;C:\Program Files\Python311;C:\Program Files\Common Files\Oracle\Java\javapath;D:\Program Files\bin;C:\ProgramData\Oracle\Java\javapath;C:\Windows\system32;C:\Windows;C:\Windows\System32\Wbem;C:\Windows\System32\WindowsPowerShell\v1.0;C:\Windows\System32\OpenSSH;C:\WINDOWS\system32;C:\WINDOWS;C:\WINDOWS\System32\Wbem;C:\WINDOWS\System32\WindowsPowerShell\v1.0;C:\WINDOWS\System32\OpenSSH;C:\Program Files\NVIDIA Corporation\NVIDIA app\NvDLISR;C:\Program Files\dotnet;C:\Program Files (x86)\NVIDIA Corporation\PhysX\Common;C:\Users\color\Desktop\gmapiserver\lib\ffmpeg\bin;D:\Program Files\Git\cmd;C:\Program Files\Tailscale;D:\Program Files;C:\Program Files\GitHub CLI;C:\Users\color\.local\bin;C:\Users\color\AppData\Local\Microsoft\WindowsApps;C:\ProgramData\color\GitHubDesktop\bin;D:\Microsoft VS Code\bin;D:\Program Files;C:\Users\color\.dotnet\tools;D:\project\gmapiserver\lib\ffmpeg\bin;C:\Users\color\AppData\Roaming\npm;D:\Program Files\Git\usr\bin\vendor_perl;D:\Program Files\Git\usr\bin\core_perl
USERNAME=color
SHELL=D:\Program Files\Git\usr\bin\bash.exe
OS=Windows_NT
PROCESSOR_IDENTIFIER=Intel64 Family 6 Model 154 Stepping 3, GenuineIntel



---------------  S Y S T E M  ---------------

OS:
 Windows 11 , 64 bit Build 26100 (10.0.26100.8328)
OS uptime: 0 days 19:37 hours
Hyper-V role detected

CPU: total 20 (initial active 20) (10 cores per cpu, 2 threads per core) family 6 model 154 stepping 3 microcode 0x414, cx8, cmov, fxsr, ht, mmx, 3dnowpref, sse, sse2, sse3, ssse3, sse4.1, sse4.2, popcnt, lzcnt, tsc, tscinvbit, avx, avx2, aes, erms, clmul, bmi1, bmi2, adx, sha, fma, vzeroupper, clflush, clflushopt, clwb, hv, serialize

Memory: 4k page, system-wide physical 16128M (6627M free)
TotalPageFile size 32128M (AvailPageFile size 155M)
current process WorkingSet (physical memory assigned to process): 908M, peak: 912M
current process commit charge ("private bytes"): 1004M, peak: 1303M

vm_info: OpenJDK 64-Bit Server VM (18.0.2+10) for windows-amd64 JRE (18.0.2+10), built on Jul 18 2022 14:02:19 by "" with MS VC++ 15.9 (VS2017)

END.
