#
# There is insufficient memory for the Java Runtime Environment to continue.
# Native memory allocation (malloc) failed to allocate 1093456 bytes for Chunk::new
# Possible reasons:
#   The system is out of physical RAM or swap space
#   The process is running with CompressedOops enabled, and the Java Heap may be blocking the growth of the native heap
# Possible solutions:
#   Reduce memory load on the system
#   Increase physical memory or swap space
#   Check if swap backing store is full
#   Decrease Java heap size (-Xmx/-Xms)
#   Decrease number of Java threads
#   Decrease Java thread stack sizes (-Xss)
#   Set larger code cache with -XX:ReservedCodeCacheSize=
#   JVM is running with Unscaled Compressed Oops mode in which the Java heap is
#     placed in the first 4GB address space. The Java Heap base address is the
#     maximum limit for the native heap growth. Please use -XX:HeapBaseMinAddress
#     to set the Java Heap base and to place the Java Heap above 4GB virtual address.
# This output file may be truncated or incomplete.
#
#  Out of Memory Error (arena.cpp:184), pid=15708, tid=6980
#
# JRE version: OpenJDK Runtime Environment (18.0.2+10) (build 18.0.2+10)
# Java VM: OpenJDK 64-Bit Server VM (18.0.2+10, mixed mode, sharing, tiered, compressed oops, compressed class ptrs, g1 gc, windows-amd64)
# No core dump will be written. Minidumps are not enabled by default on client versions of Windows
#

---------------  S U M M A R Y ------------

Command Line: --add-opens=java.base/java.util=ALL-UNNAMED --add-opens=java.base/java.lang=ALL-UNNAMED --add-opens=java.base/java.lang.invoke=ALL-UNNAMED --add-opens=java.prefs/java.util.prefs=ALL-UNNAMED --add-exports=jdk.compiler/com.sun.tools.javac.api=ALL-UNNAMED --add-exports=jdk.compiler/com.sun.tools.javac.util=ALL-UNNAMED --add-opens=java.base/java.nio.charset=ALL-UNNAMED --add-opens=java.base/java.net=ALL-UNNAMED --add-opens=java.base/java.util.concurrent.atomic=ALL-UNNAMED -Xmx768m -Dfile.encoding=UTF-8 -Duser.country=CN -Duser.language=zh -Duser.variant -javaagent:C:\Users\color\.gradle\wrapper\dists\gradle-8.10.2-bin\a04bxjujx95o3nb99gddekhwo\gradle-8.10.2\lib\agents\gradle-instrumentation-agent-8.10.2.jar org.gradle.launcher.daemon.bootstrap.GradleDaemon 8.10.2

Host: 12th Gen Intel(R) Core(TM) i7-12700H, 20 cores, 15G,  Windows 11 , 64 bit Build 26100 (10.0.26100.8328)
Time: Thu May 28 16:20:03 2026  Windows 11 , 64 bit Build 26100 (10.0.26100.8328) elapsed time: 18.685427 seconds (0d 0h 0m 18s)

---------------  T H R E A D  ---------------

Current thread (0x0000019b93b09440):  JavaThread "C2 CompilerThread4" daemon [_thread_in_native, id=6980, stack(0x0000008975500000,0x0000008975600000)]


Current CompileTask:
C2:  18685 17541       4       com.android.tools.r8.internal.vt0::f0 (25 bytes)

Stack: [0x0000008975500000,0x0000008975600000]
Native frames: (J=compiled Java code, j=interpreted, Vv=VM code, C=native code)
V  [jvm.dll+0x6859ca]
V  [jvm.dll+0x82ac3d]
V  [jvm.dll+0x82c50e]
V  [jvm.dll+0x82cbb3]
V  [jvm.dll+0x25ee6b]
V  [jvm.dll+0xd41d2]
V  [jvm.dll+0xd4565]
V  [jvm.dll+0x385841]
V  [jvm.dll+0x1d8d70]
V  [jvm.dll+0x233a6f]
V  [jvm.dll+0x232e57]
V  [jvm.dll+0x1c0885]
V  [jvm.dll+0x24204c]
V  [jvm.dll+0x240454]
V  [jvm.dll+0x7df5db]
V  [jvm.dll+0x7d9bba]
V  [jvm.dll+0x684845]
C  [ucrtbase.dll+0x37b0]
C  [KERNEL32.DLL+0x2e957]
C  [ntdll.dll+0x427c]


---------------  P R O C E S S  ---------------

Threads class SMR info:
_java_thread_list=0x0000019b96bd46b0, length=97, elements={
0x0000019bedd240b0, 0x0000019bfbdb4880, 0x0000019bfbdb5130, 0x0000019bfbdcf180,
0x0000019bfbdcfa30, 0x0000019bfbdd02e0, 0x0000019bfbdd0b90, 0x0000019bfbdd1770,
0x0000019bfbde1590, 0x0000019bfbde3e90, 0x0000019bfc606df0, 0x0000019bfbd96bc0,
0x0000019bfc650410, 0x0000019bfc7ab110, 0x0000019bfd2a8c90, 0x0000019bfe1dc980,
0x0000019bfc67e250, 0x0000019bfe4ad5f0, 0x0000019bfe442e10, 0x0000019bfe541fe0,
0x0000019bfe54ddb0, 0x0000019bfe3896e0, 0x0000019bfe389210, 0x0000019bfe389bb0,
0x0000019bfe38b890, 0x0000019bfe38a080, 0x0000019bfe38a550, 0x0000019bfe38aa20,
0x0000019bfe668830, 0x0000019bfe38c230, 0x0000019bfe38c700, 0x0000019bfe388d40,
0x0000019b93f8a380, 0x0000019b93f87d00, 0x0000019b93f8a850, 0x0000019b93f881d0,
0x0000019b93f89040, 0x0000019b93d01910, 0x0000019b93d00aa0, 0x0000019b93d005d0,
0x0000019b93d00f70, 0x0000019b93cfe8f0, 0x0000019b93cfedc0, 0x0000019b93d01440,
0x0000019b93cff290, 0x0000019b93d01de0, 0x0000019b93d022b0, 0x0000019b93d02c50,
0x0000019b93d02780, 0x0000019b93b05780, 0x0000019b93b05c90, 0x0000019b93b09440,
0x0000019b93d057a0, 0x0000019b93f89510, 0x0000019b961fb870, 0x0000019b961fd080,
0x0000019b961faed0, 0x0000019b961f9b90, 0x0000019b961fbd40, 0x0000019b961fd550,
0x0000019b961fcbb0, 0x0000019b961fa530, 0x0000019b9bcb27c0, 0x0000019b9bcb3160,
0x0000019b9bcb1950, 0x0000019b9bcb3630, 0x0000019b9bcb4e40, 0x0000019b9bcb3b00,
0x0000019b9bcb3fd0, 0x0000019b9bcb5310, 0x0000019b9bcb4970, 0x0000019b9bcb22f0,
0x0000019b9bcb2c90, 0x0000019b93f88b70, 0x0000019b93f899e0, 0x0000019b93cff760,
0x0000019b9c7a9880, 0x0000019b9c7ab560, 0x0000019b9c7a9d50, 0x0000019b9c7aba30,
0x0000019b9c7a8a10, 0x0000019b9c7aabc0, 0x0000019b9c7ab090, 0x0000019b9c7a8ee0,
0x0000019b9c7abf00, 0x0000019b9c7aa220, 0x0000019b9c7a93b0, 0x0000019b9c7aa6f0,
0x0000019b9c7a8540, 0x0000019b9c7ae0b0, 0x0000019b9c7aef20, 0x0000019b9c7ad710,
0x0000019b9c7acd70, 0x0000019b9c7ad240, 0x0000019b94a711f0, 0x0000019b94a74eb0,
0x0000019bfe972380
}

Java Threads: ( => current thread )
  0x0000019bedd240b0 JavaThread "main" [_thread_blocked, id=28072, stack(0x0000008970a00000,0x0000008970b00000)]
  0x0000019bfbdb4880 JavaThread "Reference Handler" daemon [_thread_blocked, id=30976, stack(0x0000008971100000,0x0000008971200000)]
  0x0000019bfbdb5130 JavaThread "Finalizer" daemon [_thread_blocked, id=10496, stack(0x0000008971200000,0x0000008971300000)]
  0x0000019bfbdcf180 JavaThread "Signal Dispatcher" daemon [_thread_blocked, id=32936, stack(0x0000008971300000,0x0000008971400000)]
  0x0000019bfbdcfa30 JavaThread "Attach Listener" daemon [_thread_blocked, id=38200, stack(0x0000008971400000,0x0000008971500000)]
  0x0000019bfbdd02e0 JavaThread "Service Thread" daemon [_thread_blocked, id=24368, stack(0x0000008971500000,0x0000008971600000)]
  0x0000019bfbdd0b90 JavaThread "Monitor Deflation Thread" daemon [_thread_blocked, id=19196, stack(0x0000008971600000,0x0000008971700000)]
  0x0000019bfbdd1770 JavaThread "C2 CompilerThread0" daemon [_thread_in_native, id=10116, stack(0x0000008971700000,0x0000008971800000)]
  0x0000019bfbde1590 JavaThread "C1 CompilerThread0" daemon [_thread_in_native, id=28440, stack(0x0000008971800000,0x0000008971900000)]
  0x0000019bfbde3e90 JavaThread "Sweeper thread" daemon [_thread_blocked, id=32724, stack(0x0000008971900000,0x0000008971a00000)]
  0x0000019bfc606df0 JavaThread "C1 CompilerThread1" daemon [_thread_in_native, id=14648, stack(0x0000008971a00000,0x0000008971b00000)]
  0x0000019bfbd96bc0 JavaThread "Common-Cleaner" daemon [_thread_blocked, id=11400, stack(0x0000008971b00000,0x0000008971c00000)]
  0x0000019bfc650410 JavaThread "C1 CompilerThread2" daemon [_thread_in_native, id=22984, stack(0x0000008971c00000,0x0000008971d00000)]
  0x0000019bfc7ab110 JavaThread "Notification Thread" daemon [_thread_blocked, id=12852, stack(0x0000008971e00000,0x0000008971f00000)]
  0x0000019bfd2a8c90 JavaThread "C1 CompilerThread3" daemon [_thread_in_native, id=22752, stack(0x0000008972600000,0x0000008972700000)]
  0x0000019bfe1dc980 JavaThread "Daemon health stats" [_thread_blocked, id=21412, stack(0x0000008972700000,0x0000008972800000)]
  0x0000019bfc67e250 JavaThread "Incoming local TCP Connector on port 22780" [_thread_in_native, id=13860, stack(0x0000008971d00000,0x0000008971e00000)]
  0x0000019bfe4ad5f0 JavaThread "Daemon periodic checks" [_thread_blocked, id=28524, stack(0x0000008972000000,0x0000008972100000)]
  0x0000019bfe442e10 JavaThread "Daemon" [_thread_blocked, id=33444, stack(0x0000008972800000,0x0000008972900000)]
  0x0000019bfe541fe0 JavaThread "Handler for socket connection from /127.0.0.1:22780 to /127.0.0.1:22781" [_thread_in_native, id=24600, stack(0x0000008972900000,0x0000008972a00000)]
  0x0000019bfe54ddb0 JavaThread "Cancel handler" [_thread_blocked, id=10892, stack(0x0000008972a00000,0x0000008972b00000)]
  0x0000019bfe3896e0 JavaThread "Daemon worker" [_thread_blocked, id=12556, stack(0x0000008972b00000,0x0000008972c00000)]
  0x0000019bfe389210 JavaThread "Asynchronous log dispatcher for DefaultDaemonConnection: socket connection from /127.0.0.1:22780 to /127.0.0.1:22781" [_thread_blocked, id=26184, stack(0x0000008972c00000,0x0000008972d00000)]
  0x0000019bfe389bb0 JavaThread "Stdin handler" [_thread_blocked, id=19408, stack(0x0000008972d00000,0x0000008972e00000)]
  0x0000019bfe38b890 JavaThread "Daemon client event forwarder" [_thread_blocked, id=34736, stack(0x0000008972e00000,0x0000008972f00000)]
  0x0000019bfe38a080 JavaThread "Cache worker for journal cache (C:\Users\color\.gradle\caches\journal-1)" [_thread_blocked, id=2348, stack(0x0000008972f00000,0x0000008973000000)]
  0x0000019bfe38a550 JavaThread "File lock request listener" [_thread_in_native, id=22408, stack(0x0000008973000000,0x0000008973100000)]
  0x0000019bfe38aa20 JavaThread "Cache worker for file hash cache (C:\Users\color\.gradle\caches\8.10.2\fileHashes)" [_thread_blocked, id=33132, stack(0x0000008973100000,0x0000008973200000)]
  0x0000019bfe668830 JavaThread "C2 CompilerThread1" daemon [_thread_in_native, id=35952, stack(0x0000008973200000,0x0000008973300000)]
  0x0000019bfe38c230 JavaThread "Cache worker for file hash cache (D:\project\mindustry_mobile_launcher\android\.gradle\8.10.2\fileHashes)" [_thread_blocked, id=8348, stack(0x0000008973300000,0x0000008973400000)]
  0x0000019bfe38c700 JavaThread "Cache worker for checksums cache (D:\project\mindustry_mobile_launcher\android\.gradle\8.10.2\checksums)" [_thread_blocked, id=9204, stack(0x0000008973400000,0x0000008973500000)]
  0x0000019bfe388d40 JavaThread "Cache worker for Build Output Cleanup Cache (D:\project\mindustry_mobile_launcher\android\.gradle\buildOutputCleanup)" [_thread_blocked, id=6052, stack(0x0000008974100000,0x0000008974200000)]
  0x0000019b93f8a380 JavaThread "Cache worker for file content cache (C:\Users\color\.gradle\caches\8.10.2\fileContent)" [_thread_blocked, id=22780, stack(0x0000008974500000,0x0000008974600000)]
  0x0000019b93f87d00 JavaThread "File watcher server" daemon [_thread_in_native, id=37796, stack(0x0000008974200000,0x0000008974300000)]
  0x0000019b93f8a850 JavaThread "File watcher consumer" daemon [_thread_blocked, id=18604, stack(0x0000008974300000,0x0000008974400000)]
  0x0000019b93f881d0 JavaThread "Cache worker for cache directory md-rule (C:\Users\color\.gradle\caches\8.10.2\md-rule)" [_thread_blocked, id=29864, stack(0x0000008974400000,0x0000008974500000)]
  0x0000019b93f89040 JavaThread "Cache worker for cache directory md-supplier (C:\Users\color\.gradle\caches\8.10.2\md-supplier)" [_thread_blocked, id=20680, stack(0x0000008974600000,0x0000008974700000)]
  0x0000019b93d01910 JavaThread "Unconstrained build operations" [_thread_blocked, id=30164, stack(0x0000008974900000,0x0000008974a00000)]
  0x0000019b93d00aa0 JavaThread "Unconstrained build operations Thread 2" [_thread_blocked, id=10804, stack(0x0000008974a00000,0x0000008974b00000)]
  0x0000019b93d005d0 JavaThread "Unconstrained build operations Thread 3" [_thread_blocked, id=38864, stack(0x0000008974b00000,0x0000008974c00000)]
  0x0000019b93d00f70 JavaThread "Unconstrained build operations Thread 4" [_thread_blocked, id=20240, stack(0x0000008974c00000,0x0000008974d00000)]
  0x0000019b93cfe8f0 JavaThread "Unconstrained build operations Thread 5" [_thread_blocked, id=16636, stack(0x0000008974d00000,0x0000008974e00000)]
  0x0000019b93cfedc0 JavaThread "Unconstrained build operations Thread 6" [_thread_blocked, id=3436, stack(0x0000008974e00000,0x0000008974f00000)]
  0x0000019b93d01440 JavaThread "Unconstrained build operations Thread 7" [_thread_blocked, id=32660, stack(0x0000008974f00000,0x0000008975000000)]
  0x0000019b93cff290 JavaThread "Unconstrained build operations Thread 8" [_thread_blocked, id=35460, stack(0x0000008975000000,0x0000008975100000)]
  0x0000019b93d01de0 JavaThread "Unconstrained build operations Thread 9" [_thread_blocked, id=23948, stack(0x0000008975100000,0x0000008975200000)]
  0x0000019b93d022b0 JavaThread "Configuration cache report writer" [_thread_blocked, id=27548, stack(0x0000008974800000,0x0000008974900000)]
  0x0000019b93d02c50 JavaThread "Memory manager" [_thread_blocked, id=25856, stack(0x0000008975200000,0x0000008975300000)]
  0x0000019b93d02780 JavaThread "build event listener" [_thread_blocked, id=37316, stack(0x0000008975300000,0x0000008975400000)]
  0x0000019b93b05780 JavaThread "C2 CompilerThread2" daemon [_thread_in_native, id=37244, stack(0x0000008974700000,0x0000008974800000)]
  0x0000019b93b05c90 JavaThread "C2 CompilerThread3" daemon [_thread_in_native, id=37988, stack(0x0000008975400000,0x0000008975500000)]
=>0x0000019b93b09440 JavaThread "C2 CompilerThread4" daemon [_thread_in_native, id=6980, stack(0x0000008975500000,0x0000008975600000)]
  0x0000019b93d057a0 JavaThread "pool-3-thread-1" [_thread_blocked, id=15660, stack(0x0000008975600000,0x0000008975700000)]
  0x0000019b93f89510 JavaThread "build event listener" [_thread_blocked, id=11332, stack(0x0000008975700000,0x0000008975800000)]
  0x0000019b961fb870 JavaThread "Unconstrained build operations Thread 10" [_thread_blocked, id=33520, stack(0x0000008975b00000,0x0000008975c00000)]
  0x0000019b961fd080 JavaThread "Unconstrained build operations Thread 11" [_thread_blocked, id=35516, stack(0x0000008975c00000,0x0000008975d00000)]
  0x0000019b961faed0 JavaThread "Unconstrained build operations Thread 12" [_thread_blocked, id=26524, stack(0x0000008975d00000,0x0000008975e00000)]
  0x0000019b961f9b90 JavaThread "Unconstrained build operations Thread 13" [_thread_blocked, id=35228, stack(0x0000008975e00000,0x0000008975f00000)]
  0x0000019b961fbd40 JavaThread "Unconstrained build operations Thread 14" [_thread_blocked, id=27044, stack(0x0000008975f00000,0x0000008976000000)]
  0x0000019b961fd550 JavaThread "included builds" [_thread_blocked, id=27568, stack(0x0000008976000000,0x0000008976100000)]
  0x0000019b961fcbb0 JavaThread "Execution worker" [_thread_blocked, id=35080, stack(0x0000008976100000,0x0000008976200000)]
  0x0000019b961fa530 JavaThread "Execution worker Thread 2" [_thread_blocked, id=35376, stack(0x0000008976200000,0x0000008976300000)]
  0x0000019b9bcb27c0 JavaThread "Execution worker Thread 3" [_thread_in_Java, id=9240, stack(0x0000008976300000,0x0000008976400000)]
  0x0000019b9bcb3160 JavaThread "Cache worker for execution history cache (D:\project\mindustry_mobile_launcher\android\.gradle\8.10.2\executionHistory)" [_thread_blocked, id=38752, stack(0x0000008976400000,0x0000008976500000)]
  0x0000019b9bcb1950 JavaThread "Unconstrained build operations Thread 15" [_thread_blocked, id=25468, stack(0x0000008975a00000,0x0000008975b00000)]
  0x0000019b9bcb3630 JavaThread "Unconstrained build operations Thread 16" [_thread_blocked, id=27028, stack(0x0000008976500000,0x0000008976600000)]
  0x0000019b9bcb4e40 JavaThread "Unconstrained build operations Thread 17" [_thread_blocked, id=38544, stack(0x0000008976600000,0x0000008976700000)]
  0x0000019b9bcb3b00 JavaThread "Unconstrained build operations Thread 18" [_thread_blocked, id=34968, stack(0x0000008976700000,0x0000008976800000)]
  0x0000019b9bcb3fd0 JavaThread "Unconstrained build operations Thread 19" [_thread_blocked, id=30024, stack(0x0000008976800000,0x0000008976900000)]
  0x0000019b9bcb5310 JavaThread "Unconstrained build operations Thread 20" [_thread_blocked, id=17836, stack(0x0000008976900000,0x0000008976a00000)]
  0x0000019b9bcb4970 JavaThread "Unconstrained build operations Thread 21" [_thread_blocked, id=20908, stack(0x0000008976a00000,0x0000008976b00000)]
  0x0000019b9bcb22f0 JavaThread "Unconstrained build operations Thread 22" [_thread_blocked, id=35784, stack(0x0000008976b00000,0x0000008976c00000)]
  0x0000019b9bcb2c90 JavaThread "Unconstrained build operations Thread 23" [_thread_blocked, id=4692, stack(0x0000008976c00000,0x0000008976d00000)]
  0x0000019b93f88b70 JavaThread "Unconstrained build operations Thread 24" [_thread_blocked, id=18312, stack(0x0000008976d00000,0x0000008976e00000)]
  0x0000019b93f899e0 JavaThread "Unconstrained build operations Thread 25" [_thread_blocked, id=35964, stack(0x0000008976e00000,0x0000008976f00000)]
  0x0000019b93cff760 JavaThread "Unconstrained build operations Thread 26" [_thread_blocked, id=15616, stack(0x0000008976f00000,0x0000008977000000)]
  0x0000019b9c7a9880 JavaThread "Unconstrained build operations Thread 27" [_thread_blocked, id=38644, stack(0x0000008977000000,0x0000008977100000)]
  0x0000019b9c7ab560 JavaThread "Unconstrained build operations Thread 28" [_thread_blocked, id=17864, stack(0x0000008977100000,0x0000008977200000)]
  0x0000019b9c7a9d50 JavaThread "Unconstrained build operations Thread 29" [_thread_blocked, id=27556, stack(0x0000008977200000,0x0000008977300000)]
  0x0000019b9c7aba30 JavaThread "Unconstrained build operations Thread 30" [_thread_blocked, id=10980, stack(0x0000008977300000,0x0000008977400000)]
  0x0000019b9c7a8a10 JavaThread "Unconstrained build operations Thread 31" [_thread_blocked, id=24224, stack(0x0000008977400000,0x0000008977500000)]
  0x0000019b9c7aabc0 JavaThread "Unconstrained build operations Thread 32" [_thread_blocked, id=22892, stack(0x0000008977500000,0x0000008977600000)]
  0x0000019b9c7ab090 JavaThread "Unconstrained build operations Thread 33" [_thread_blocked, id=36260, stack(0x0000008977600000,0x0000008977700000)]
  0x0000019b9c7a8ee0 JavaThread "Unconstrained build operations Thread 34" [_thread_blocked, id=33908, stack(0x0000008977700000,0x0000008977800000)]
  0x0000019b9c7abf00 JavaThread "Unconstrained build operations Thread 35" [_thread_blocked, id=23676, stack(0x0000008977800000,0x0000008977900000)]
  0x0000019b9c7aa220 JavaThread "Unconstrained build operations Thread 36" [_thread_blocked, id=13068, stack(0x0000008977900000,0x0000008977a00000)]
  0x0000019b9c7a93b0 JavaThread "Unconstrained build operations Thread 37" [_thread_blocked, id=15004, stack(0x0000008977a00000,0x0000008977b00000)]
  0x0000019b9c7aa6f0 JavaThread "Unconstrained build operations Thread 38" [_thread_in_Java, id=13904, stack(0x0000008977b00000,0x0000008977c00000)]
  0x0000019b9c7a8540 JavaThread "Unconstrained build operations Thread 39" [_thread_in_Java, id=6312, stack(0x0000008977c00000,0x0000008977d00000)]
  0x0000019b9c7ae0b0 JavaThread "Unconstrained build operations Thread 40" [_thread_blocked, id=30944, stack(0x0000008977d00000,0x0000008977e00000)]
  0x0000019b9c7aef20 JavaThread "WorkerExecutor Queue" [_thread_blocked, id=34520, stack(0x0000008977e00000,0x0000008977f00000)]
  0x0000019b9c7ad710 JavaThread "WorkerExecutor Queue Thread 2" [_thread_blocked, id=12824, stack(0x0000008977f00000,0x0000008978000000)]
  0x0000019b9c7acd70 JavaThread "WorkerExecutor Queue Thread 3" [_thread_blocked, id=21068, stack(0x0000008978000000,0x0000008978100000)]
  0x0000019b9c7ad240 JavaThread "WorkerExecutor Queue Thread 4" [_thread_blocked, id=12592, stack(0x0000008978100000,0x0000008978200000)]
  0x0000019b94a711f0 JavaThread "C2 CompilerThread5" daemon [_thread_in_native, id=21736, stack(0x0000008975800000,0x0000008975900000)]
  0x0000019b94a74eb0 JavaThread "C2 CompilerThread6" daemon [_thread_in_native, id=38096, stack(0x0000008975900000,0x0000008975a00000)]
  0x0000019bfe972380 JavaThread "C2 CompilerThread7" daemon [_thread_in_native, id=20376, stack(0x0000008978200000,0x0000008978300000)]

Other Threads:
  0x0000019bfbdab890 VMThread "VM Thread" [stack: 0x0000008971000000,0x0000008971100000] [id=2580]
  0x0000019bfc7ab5d0 WatcherThread "VM Periodic Task Thread" [stack: 0x0000008971f00000,0x0000008972000000] [id=12476]
  0x0000019bedd5d510 WorkerThread "GC Thread#0" [stack: 0x0000008970b00000,0x0000008970c00000] [id=35008]
  0x0000019bfcb011d0 WorkerThread "GC Thread#1" [stack: 0x0000008972100000,0x0000008972200000] [id=14116]
  0x0000019bfcbf4440 WorkerThread "GC Thread#2" [stack: 0x0000008972200000,0x0000008972300000] [id=21508]
  0x0000019bfcbf46e0 WorkerThread "GC Thread#3" [stack: 0x0000008972300000,0x0000008972400000] [id=35004]
  0x0000019bfcbf4980 WorkerThread "GC Thread#4" [stack: 0x0000008972400000,0x0000008972500000] [id=23276]
  0x0000019bfcbf4c20 WorkerThread "GC Thread#5" [stack: 0x0000008972500000,0x0000008972600000] [id=34612]
  0x0000019bfe1a9210 WorkerThread "GC Thread#6" [stack: 0x0000008973500000,0x0000008973600000] [id=12248]
  0x0000019bfe1a8790 WorkerThread "GC Thread#7" [stack: 0x0000008973600000,0x0000008973700000] [id=18584]
  0x0000019bfe1a7a70 WorkerThread "GC Thread#8" [stack: 0x0000008973700000,0x0000008973800000] [id=15756]
  0x0000019bfe1a8cd0 WorkerThread "GC Thread#9" [stack: 0x0000008973800000,0x0000008973900000] [id=16032]
  0x0000019bfe1a8250 WorkerThread "GC Thread#10" [stack: 0x0000008973900000,0x0000008973a00000] [id=25900]
  0x0000019bfe1a8a30 WorkerThread "GC Thread#11" [stack: 0x0000008973a00000,0x0000008973b00000] [id=21204]
  0x0000019bfe9da7c0 WorkerThread "GC Thread#12" [stack: 0x0000008973b00000,0x0000008973c00000] [id=9664]
  0x0000019bfe9daa60 WorkerThread "GC Thread#13" [stack: 0x0000008973c00000,0x0000008973d00000] [id=20420]
  0x0000019bfe9da280 WorkerThread "GC Thread#14" [stack: 0x0000008973d00000,0x0000008973e00000] [id=31228]
  0x0000019bedd64350 ConcurrentGCThread "G1 Main Marker" [stack: 0x0000008970c00000,0x0000008970d00000] [id=20664]
  0x0000019bedd64c50 WorkerThread "G1 Conc#0" [stack: 0x0000008970d00000,0x0000008970e00000] [id=23188]
  0x0000019bfe9d8300 WorkerThread "G1 Conc#1" [stack: 0x0000008973e00000,0x0000008973f00000] [id=24732]
  0x0000019bfe9da520 WorkerThread "G1 Conc#2" [stack: 0x0000008973f00000,0x0000008974000000] [id=14784]
  0x0000019bfe9db240 WorkerThread "G1 Conc#3" [stack: 0x0000008974000000,0x0000008974100000] [id=29868]
  0x0000019bedddd080 ConcurrentGCThread "G1 Refine#0" [stack: 0x0000008970e00000,0x0000008970f00000] [id=26740]
  0x0000019b94cc49d0 ConcurrentGCThread "G1 Refine#1" [stack: 0x0000008978400000,0x0000008978500000] [id=17932]
  0x0000019b94cc4ca0 ConcurrentGCThread "G1 Refine#2" [stack: 0x0000008978500000,0x0000008978600000] [id=20712]
  0x0000019b94cc3080 ConcurrentGCThread "G1 Refine#3" [stack: 0x0000008978600000,0x0000008978700000] [id=30340]
  0x0000019beddde750 ConcurrentGCThread "G1 Service" [stack: 0x0000008970f00000,0x0000008971000000] [id=31632]

Threads with active compile tasks:
C2 CompilerThread0    18712 17053       4       com.android.tools.r8.internal.f40::a (496 bytes)
C1 CompilerThread0    18712 18412       2       java.util.AbstractList$SubList$1::<init> (41 bytes)
C1 CompilerThread1    18712 18544       3       com.android.tools.r8.internal.Wm::b (3611 bytes)
C1 CompilerThread2    18712 18534 %     3       com.android.tools.r8.internal.ns::<init> @ 384 (683 bytes)
C1 CompilerThread3    18712 18533 %     3       com.android.tools.r8.internal.CQ::b @ 626 (1520 bytes)
C2 CompilerThread1    18712 17956 %     4       com.android.tools.r8.internal.CQ::b @ 2409 (4448 bytes)
C2 CompilerThread2    18712 18137 %     4       com.android.tools.r8.internal.vd::a @ 1503 (4363 bytes)
C2 CompilerThread3    18712 17589       4       com.android.tools.r8.internal.CQ::a (273 bytes)
C2 CompilerThread4    18712 17541       4       com.android.tools.r8.internal.vt0::f0 (25 bytes)
C2 CompilerThread5    18712 17918       4       com.android.tools.r8.internal.Vz::a (595 bytes)
C2 CompilerThread6    18712 17557       4       com.android.tools.r8.internal.vt0::g0 (25 bytes)
C2 CompilerThread7    18712 17818       4       com.android.tools.r8.ir.optimize.a0::a (278 bytes)

VM state: not at safepoint (normal execution)

VM Mutex/Monitor currently owned by a thread: None

Heap address: 0x00000000d0000000, size: 768 MB, Compressed Oops mode: 32-bit

CDS archive(s) mapped at: [0x0000000800000000-0x0000000800ba0000-0x0000000800ba0000), size 12189696, SharedBaseAddress: 0x0000000800000000, ArchiveRelocationMode: 0.
Compressed class space mapped at: 0x0000000800c00000-0x0000000840c00000, reserved size: 1073741824
Narrow klass base: 0x0000000800000000, Narrow klass shift: 0, Narrow klass range: 0x100000000

GC Precious Log:
 CardTable entry size: 512
 Card Set container configuration: InlinePtr #cards 5 size 8 Array Of Cards #cards 12 size 40 Howl #buckets 4 coarsen threshold 1843 Howl Bitmap #cards 512 size 80 coarsen threshold 460 Card regions per heap region 1 cards per card region 2048
 CPUs: 20 total, 20 available
 Memory: 16128M
 Large Page Support: Disabled
 NUMA Support: Disabled
 Compressed Oops: Enabled (32-bit)
 Heap Region Size: 1M
 Heap Min Capacity: 8M
 Heap Initial Capacity: 254M
 Heap Max Capacity: 768M
 Pre-touch: Disabled
 Parallel Workers: 15
 Concurrent Workers: 4
 Concurrent Refinement Workers: 15
 Periodic GC: Disabled

Heap:
 garbage-first heap   total 698368K, used 622491K [0x00000000d0000000, 0x0000000100000000)
  region size 1024K, 32 young (32768K), 5 survivors (5120K)
 Metaspace       used 119967K, committed 122432K, reserved 1179648K
  class space    used 16476K, committed 17792K, reserved 1048576K

Heap Regions: E=young(eden), S=young(survivor), O=old, HS=humongous(starts), HC=humongous(continues), CS=collection set, F=free, OA=open archive, CA=closed archive, TAMS=top-at-mark-start (previous, next)
|   0|0x00000000d0000000, 0x00000000d0100000, 0x00000000d0100000|100%| O|  |TAMS 0x00000000d0100000, 0x00000000d0000000| Untracked 
|   1|0x00000000d0100000, 0x00000000d0200000, 0x00000000d0200000|100%| O|  |TAMS 0x00000000d0200000, 0x00000000d0100000| Untracked 
|   2|0x00000000d0200000, 0x00000000d0300000, 0x00000000d0300000|100%|HS|  |TAMS 0x00000000d0300000, 0x00000000d0200000| Complete 
|   3|0x00000000d0300000, 0x00000000d0400000, 0x00000000d0400000|100%|HC|  |TAMS 0x00000000d0400000, 0x00000000d0300000| Complete 
|   4|0x00000000d0400000, 0x00000000d0500000, 0x00000000d0500000|100%|HC|  |TAMS 0x00000000d0500000, 0x00000000d0400000| Complete 
|   5|0x00000000d0500000, 0x00000000d0600000, 0x00000000d0600000|100%|HC|  |TAMS 0x00000000d0600000, 0x00000000d0500000| Complete 
|   6|0x00000000d0600000, 0x00000000d0700000, 0x00000000d0700000|100%| O|  |TAMS 0x00000000d0700000, 0x00000000d0600000| Untracked 
|   7|0x00000000d0700000, 0x00000000d0800000, 0x00000000d0800000|100%|HS|  |TAMS 0x00000000d0800000, 0x00000000d0700000| Complete 
|   8|0x00000000d0800000, 0x00000000d0900000, 0x00000000d0900000|100%| O|  |TAMS 0x00000000d0900000, 0x00000000d0800000| Untracked 
|   9|0x00000000d0900000, 0x00000000d0a00000, 0x00000000d0a00000|100%| O|  |TAMS 0x00000000d0a00000, 0x00000000d0900000| Untracked 
|  10|0x00000000d0a00000, 0x00000000d0b00000, 0x00000000d0b00000|100%| O|  |TAMS 0x00000000d0b00000, 0x00000000d0a00000| Untracked 
|  11|0x00000000d0b00000, 0x00000000d0c00000, 0x00000000d0c00000|100%| O|  |TAMS 0x00000000d0c00000, 0x00000000d0b00000| Untracked 
|  12|0x00000000d0c00000, 0x00000000d0d00000, 0x00000000d0d00000|100%| O|  |TAMS 0x00000000d0d00000, 0x00000000d0c00000| Untracked 
|  13|0x00000000d0d00000, 0x00000000d0e00000, 0x00000000d0e00000|100%| O|  |TAMS 0x00000000d0e00000, 0x00000000d0d00000| Untracked 
|  14|0x00000000d0e00000, 0x00000000d0f00000, 0x00000000d0f00000|100%| O|  |TAMS 0x00000000d0f00000, 0x00000000d0e00000| Untracked 
|  15|0x00000000d0f00000, 0x00000000d1000000, 0x00000000d1000000|100%| O|  |TAMS 0x00000000d1000000, 0x00000000d0f00000| Untracked 
|  16|0x00000000d1000000, 0x00000000d1100000, 0x00000000d1100000|100%| O|  |TAMS 0x00000000d1100000, 0x00000000d1000000| Untracked 
|  17|0x00000000d1100000, 0x00000000d1200000, 0x00000000d1200000|100%| O|  |TAMS 0x00000000d1200000, 0x00000000d1100000| Untracked 
|  18|0x00000000d1200000, 0x00000000d1300000, 0x00000000d1300000|100%| O|  |TAMS 0x00000000d1300000, 0x00000000d1200000| Untracked 
|  19|0x00000000d1300000, 0x00000000d1400000, 0x00000000d1400000|100%| O|  |TAMS 0x00000000d1400000, 0x00000000d1300000| Untracked 
|  20|0x00000000d1400000, 0x00000000d1500000, 0x00000000d1500000|100%| O|  |TAMS 0x00000000d1500000, 0x00000000d1400000| Untracked 
|  21|0x00000000d1500000, 0x00000000d1600000, 0x00000000d1600000|100%| O|  |TAMS 0x00000000d1600000, 0x00000000d1500000| Untracked 
|  22|0x00000000d1600000, 0x00000000d1700000, 0x00000000d1700000|100%| O|  |TAMS 0x00000000d1700000, 0x00000000d1600000| Untracked 
|  23|0x00000000d1700000, 0x00000000d1800000, 0x00000000d1800000|100%| O|  |TAMS 0x00000000d1800000, 0x00000000d1700000| Untracked 
|  24|0x00000000d1800000, 0x00000000d1900000, 0x00000000d1900000|100%| O|  |TAMS 0x00000000d1900000, 0x00000000d1800000| Untracked 
|  25|0x00000000d1900000, 0x00000000d1a00000, 0x00000000d1a00000|100%| O|  |TAMS 0x00000000d1a00000, 0x00000000d1900000| Untracked 
|  26|0x00000000d1a00000, 0x00000000d1b00000, 0x00000000d1b00000|100%| O|  |TAMS 0x00000000d1b00000, 0x00000000d1a00000| Untracked 
|  27|0x00000000d1b00000, 0x00000000d1c00000, 0x00000000d1c00000|100%|HS|  |TAMS 0x00000000d1c00000, 0x00000000d1b00000| Complete 
|  28|0x00000000d1c00000, 0x00000000d1d00000, 0x00000000d1d00000|100%| O|  |TAMS 0x00000000d1d00000, 0x00000000d1c00000| Untracked 
|  29|0x00000000d1d00000, 0x00000000d1e00000, 0x00000000d1e00000|100%| O|  |TAMS 0x00000000d1e00000, 0x00000000d1d00000| Untracked 
|  30|0x00000000d1e00000, 0x00000000d1f00000, 0x00000000d1f00000|100%| O|  |TAMS 0x00000000d1f00000, 0x00000000d1e00000| Untracked 
|  31|0x00000000d1f00000, 0x00000000d2000000, 0x00000000d2000000|100%| O|  |TAMS 0x00000000d2000000, 0x00000000d1f00000| Untracked 
|  32|0x00000000d2000000, 0x00000000d2100000, 0x00000000d2100000|100%| O|  |TAMS 0x00000000d2100000, 0x00000000d2000000| Untracked 
|  33|0x00000000d2100000, 0x00000000d2200000, 0x00000000d2200000|100%| O|  |TAMS 0x00000000d2200000, 0x00000000d2100000| Untracked 
|  34|0x00000000d2200000, 0x00000000d2300000, 0x00000000d2300000|100%| O|  |TAMS 0x00000000d2300000, 0x00000000d2200000| Untracked 
|  35|0x00000000d2300000, 0x00000000d2400000, 0x00000000d2400000|100%| O|  |TAMS 0x00000000d2400000, 0x00000000d2300000| Untracked 
|  36|0x00000000d2400000, 0x00000000d2500000, 0x00000000d2500000|100%| O|  |TAMS 0x00000000d2500000, 0x00000000d2400000| Untracked 
|  37|0x00000000d2500000, 0x00000000d2600000, 0x00000000d2600000|100%| O|  |TAMS 0x00000000d2600000, 0x00000000d2500000| Untracked 
|  38|0x00000000d2600000, 0x00000000d2700000, 0x00000000d2700000|100%| O|  |TAMS 0x00000000d2700000, 0x00000000d2600000| Untracked 
|  39|0x00000000d2700000, 0x00000000d2800000, 0x00000000d2800000|100%| O|  |TAMS 0x00000000d2800000, 0x00000000d2700000| Untracked 
|  40|0x00000000d2800000, 0x00000000d2900000, 0x00000000d2900000|100%| O|  |TAMS 0x00000000d2900000, 0x00000000d2800000| Untracked 
|  41|0x00000000d2900000, 0x00000000d2a00000, 0x00000000d2a00000|100%| O|  |TAMS 0x00000000d2a00000, 0x00000000d2900000| Untracked 
|  42|0x00000000d2a00000, 0x00000000d2b00000, 0x00000000d2b00000|100%| O|  |TAMS 0x00000000d2b00000, 0x00000000d2a00000| Untracked 
|  43|0x00000000d2b00000, 0x00000000d2c00000, 0x00000000d2c00000|100%| O|  |TAMS 0x00000000d2c00000, 0x00000000d2b00000| Untracked 
|  44|0x00000000d2c00000, 0x00000000d2d00000, 0x00000000d2d00000|100%| O|  |TAMS 0x00000000d2d00000, 0x00000000d2c00000| Untracked 
|  45|0x00000000d2d00000, 0x00000000d2e00000, 0x00000000d2e00000|100%| O|  |TAMS 0x00000000d2e00000, 0x00000000d2d00000| Untracked 
|  46|0x00000000d2e00000, 0x00000000d2f00000, 0x00000000d2f00000|100%| O|  |TAMS 0x00000000d2f00000, 0x00000000d2e00000| Untracked 
|  47|0x00000000d2f00000, 0x00000000d3000000, 0x00000000d3000000|100%| O|  |TAMS 0x00000000d3000000, 0x00000000d2f00000| Untracked 
|  48|0x00000000d3000000, 0x00000000d3100000, 0x00000000d3100000|100%|HS|  |TAMS 0x00000000d3100000, 0x00000000d3000000| Complete 
|  49|0x00000000d3100000, 0x00000000d3200000, 0x00000000d3200000|100%|HS|  |TAMS 0x00000000d3200000, 0x00000000d3100000| Complete 
|  50|0x00000000d3200000, 0x00000000d3300000, 0x00000000d3300000|100%|HC|  |TAMS 0x00000000d3300000, 0x00000000d3200000| Complete 
|  51|0x00000000d3300000, 0x00000000d3400000, 0x00000000d3400000|100%|HS|  |TAMS 0x00000000d3400000, 0x00000000d3300000| Complete 
|  52|0x00000000d3400000, 0x00000000d3500000, 0x00000000d3500000|100%|HC|  |TAMS 0x00000000d3500000, 0x00000000d3400000| Complete 
|  53|0x00000000d3500000, 0x00000000d3600000, 0x00000000d3600000|100%|HS|  |TAMS 0x00000000d3600000, 0x00000000d3500000| Complete 
|  54|0x00000000d3600000, 0x00000000d3700000, 0x00000000d3700000|100%|HS|  |TAMS 0x00000000d3700000, 0x00000000d3600000| Complete 
|  55|0x00000000d3700000, 0x00000000d3800000, 0x00000000d3800000|100%|HC|  |TAMS 0x00000000d3800000, 0x00000000d3700000| Complete 
|  56|0x00000000d3800000, 0x00000000d3900000, 0x00000000d3900000|100%|HC|  |TAMS 0x00000000d3900000, 0x00000000d3800000| Complete 
|  57|0x00000000d3900000, 0x00000000d3a00000, 0x00000000d3a00000|100%|HS|  |TAMS 0x00000000d3a00000, 0x00000000d3900000| Complete 
|  58|0x00000000d3a00000, 0x00000000d3b00000, 0x00000000d3b00000|100%| O|  |TAMS 0x00000000d3b00000, 0x00000000d3a00000| Untracked 
|  59|0x00000000d3b00000, 0x00000000d3c00000, 0x00000000d3c00000|100%|HS|  |TAMS 0x00000000d3c00000, 0x00000000d3b00000| Complete 
|  60|0x00000000d3c00000, 0x00000000d3d00000, 0x00000000d3d00000|100%|HS|  |TAMS 0x00000000d3d00000, 0x00000000d3c00000| Complete 
|  61|0x00000000d3d00000, 0x00000000d3e00000, 0x00000000d3e00000|100%| O|  |TAMS 0x00000000d3e00000, 0x00000000d3d00000| Untracked 
|  62|0x00000000d3e00000, 0x00000000d3f00000, 0x00000000d3f00000|100%| O|  |TAMS 0x00000000d3f00000, 0x00000000d3e00000| Untracked 
|  63|0x00000000d3f00000, 0x00000000d4000000, 0x00000000d4000000|100%|HS|  |TAMS 0x00000000d4000000, 0x00000000d3f00000| Complete 
|  64|0x00000000d4000000, 0x00000000d4100000, 0x00000000d4100000|100%| O|  |TAMS 0x00000000d4100000, 0x00000000d4000000| Untracked 
|  65|0x00000000d4100000, 0x00000000d4200000, 0x00000000d4200000|100%| O|  |TAMS 0x00000000d4200000, 0x00000000d4100000| Untracked 
|  66|0x00000000d4200000, 0x00000000d4300000, 0x00000000d4300000|100%| O|  |TAMS 0x00000000d4300000, 0x00000000d4200000| Untracked 
|  67|0x00000000d4300000, 0x00000000d4400000, 0x00000000d4400000|100%| O|  |TAMS 0x00000000d4400000, 0x00000000d4300000| Untracked 
|  68|0x00000000d4400000, 0x00000000d4500000, 0x00000000d4500000|100%| O|  |TAMS 0x00000000d4500000, 0x00000000d4400000| Untracked 
|  69|0x00000000d4500000, 0x00000000d4600000, 0x00000000d4600000|100%| O|  |TAMS 0x00000000d4600000, 0x00000000d4500000| Untracked 
|  70|0x00000000d4600000, 0x00000000d4700000, 0x00000000d4700000|100%| O|  |TAMS 0x00000000d4700000, 0x00000000d4600000| Untracked 
|  71|0x00000000d4700000, 0x00000000d4800000, 0x00000000d4800000|100%| O|  |TAMS 0x00000000d4800000, 0x00000000d4700000| Untracked 
|  72|0x00000000d4800000, 0x00000000d4900000, 0x00000000d4900000|100%| O|  |TAMS 0x00000000d4900000, 0x00000000d4800000| Untracked 
|  73|0x00000000d4900000, 0x00000000d4a00000, 0x00000000d4a00000|100%| O|  |TAMS 0x00000000d4a00000, 0x00000000d4900000| Untracked 
|  74|0x00000000d4a00000, 0x00000000d4b00000, 0x00000000d4b00000|100%| O|  |TAMS 0x00000000d4b00000, 0x00000000d4a00000| Untracked 
|  75|0x00000000d4b00000, 0x00000000d4c00000, 0x00000000d4c00000|100%| O|  |TAMS 0x00000000d4c00000, 0x00000000d4b00000| Untracked 
|  76|0x00000000d4c00000, 0x00000000d4d00000, 0x00000000d4d00000|100%| O|  |TAMS 0x00000000d4d00000, 0x00000000d4c00000| Untracked 
|  77|0x00000000d4d00000, 0x00000000d4e00000, 0x00000000d4e00000|100%| O|  |TAMS 0x00000000d4e00000, 0x00000000d4d00000| Untracked 
|  78|0x00000000d4e00000, 0x00000000d4f00000, 0x00000000d4f00000|100%|HS|  |TAMS 0x00000000d4f00000, 0x00000000d4e00000| Complete 
|  79|0x00000000d4f00000, 0x00000000d5000000, 0x00000000d5000000|100%|HC|  |TAMS 0x00000000d5000000, 0x00000000d4f00000| Complete 
|  80|0x00000000d5000000, 0x00000000d5100000, 0x00000000d5100000|100%|HC|  |TAMS 0x00000000d5100000, 0x00000000d5000000| Complete 
|  81|0x00000000d5100000, 0x00000000d5200000, 0x00000000d5200000|100%| O|  |TAMS 0x00000000d5200000, 0x00000000d5100000| Untracked 
|  82|0x00000000d5200000, 0x00000000d5300000, 0x00000000d5300000|100%| O|  |TAMS 0x00000000d5300000, 0x00000000d5200000| Untracked 
|  83|0x00000000d5300000, 0x00000000d5400000, 0x00000000d5400000|100%| O|  |TAMS 0x00000000d5400000, 0x00000000d5300000| Untracked 
|  84|0x00000000d5400000, 0x00000000d5500000, 0x00000000d5500000|100%| O|  |TAMS 0x00000000d5500000, 0x00000000d5400000| Untracked 
|  85|0x00000000d5500000, 0x00000000d5600000, 0x00000000d5600000|100%| O|  |TAMS 0x00000000d5600000, 0x00000000d5500000| Untracked 
|  86|0x00000000d5600000, 0x00000000d5700000, 0x00000000d5700000|100%| O|  |TAMS 0x00000000d5700000, 0x00000000d5600000| Untracked 
|  87|0x00000000d5700000, 0x00000000d5800000, 0x00000000d5800000|100%| O|  |TAMS 0x00000000d5800000, 0x00000000d5700000| Untracked 
|  88|0x00000000d5800000, 0x00000000d5900000, 0x00000000d5900000|100%| O|  |TAMS 0x00000000d5900000, 0x00000000d5800000| Untracked 
|  89|0x00000000d5900000, 0x00000000d5a00000, 0x00000000d5a00000|100%| O|  |TAMS 0x00000000d5a00000, 0x00000000d5900000| Untracked 
|  90|0x00000000d5a00000, 0x00000000d5b00000, 0x00000000d5b00000|100%| O|  |TAMS 0x00000000d5b00000, 0x00000000d5a00000| Untracked 
|  91|0x00000000d5b00000, 0x00000000d5c00000, 0x00000000d5c00000|100%| O|  |TAMS 0x00000000d5c00000, 0x00000000d5b00000| Untracked 
|  92|0x00000000d5c00000, 0x00000000d5d00000, 0x00000000d5d00000|100%| O|  |TAMS 0x00000000d5d00000, 0x00000000d5c00000| Untracked 
|  93|0x00000000d5d00000, 0x00000000d5e00000, 0x00000000d5e00000|100%| O|  |TAMS 0x00000000d5e00000, 0x00000000d5d00000| Untracked 
|  94|0x00000000d5e00000, 0x00000000d5f00000, 0x00000000d5f00000|100%| O|  |TAMS 0x00000000d5f00000, 0x00000000d5e00000| Untracked 
|  95|0x00000000d5f00000, 0x00000000d6000000, 0x00000000d6000000|100%| O|  |TAMS 0x00000000d6000000, 0x00000000d5f00000| Untracked 
|  96|0x00000000d6000000, 0x00000000d6100000, 0x00000000d6100000|100%| O|  |TAMS 0x00000000d6100000, 0x00000000d6000000| Untracked 
|  97|0x00000000d6100000, 0x00000000d6200000, 0x00000000d6200000|100%| O|  |TAMS 0x00000000d6200000, 0x00000000d6100000| Untracked 
|  98|0x00000000d6200000, 0x00000000d6300000, 0x00000000d6300000|100%| O|  |TAMS 0x00000000d6300000, 0x00000000d6200000| Untracked 
|  99|0x00000000d6300000, 0x00000000d6400000, 0x00000000d6400000|100%| O|  |TAMS 0x00000000d6400000, 0x00000000d6300000| Untracked 
| 100|0x00000000d6400000, 0x00000000d6500000, 0x00000000d6500000|100%| O|  |TAMS 0x00000000d6500000, 0x00000000d6400000| Untracked 
| 101|0x00000000d6500000, 0x00000000d6600000, 0x00000000d6600000|100%| O|  |TAMS 0x00000000d6600000, 0x00000000d6500000| Untracked 
| 102|0x00000000d6600000, 0x00000000d6700000, 0x00000000d6700000|100%| O|  |TAMS 0x00000000d6700000, 0x00000000d6600000| Untracked 
| 103|0x00000000d6700000, 0x00000000d6800000, 0x00000000d6800000|100%| O|  |TAMS 0x00000000d6800000, 0x00000000d6700000| Untracked 
| 104|0x00000000d6800000, 0x00000000d6900000, 0x00000000d6900000|100%| O|  |TAMS 0x00000000d6900000, 0x00000000d6800000| Untracked 
| 105|0x00000000d6900000, 0x00000000d6a00000, 0x00000000d6a00000|100%| O|  |TAMS 0x00000000d6a00000, 0x00000000d6900000| Untracked 
| 106|0x00000000d6a00000, 0x00000000d6b00000, 0x00000000d6b00000|100%| O|  |TAMS 0x00000000d6b00000, 0x00000000d6a00000| Untracked 
| 107|0x00000000d6b00000, 0x00000000d6c00000, 0x00000000d6c00000|100%| O|  |TAMS 0x00000000d6c00000, 0x00000000d6b00000| Untracked 
| 108|0x00000000d6c00000, 0x00000000d6d00000, 0x00000000d6d00000|100%| O|  |TAMS 0x00000000d6d00000, 0x00000000d6c00000| Untracked 
| 109|0x00000000d6d00000, 0x00000000d6e00000, 0x00000000d6e00000|100%| O|  |TAMS 0x00000000d6e00000, 0x00000000d6d00000| Untracked 
| 110|0x00000000d6e00000, 0x00000000d6f00000, 0x00000000d6f00000|100%| O|  |TAMS 0x00000000d6f00000, 0x00000000d6e00000| Untracked 
| 111|0x00000000d6f00000, 0x00000000d7000000, 0x00000000d7000000|100%| O|  |TAMS 0x00000000d7000000, 0x00000000d6f00000| Untracked 
| 112|0x00000000d7000000, 0x00000000d7100000, 0x00000000d7100000|100%| O|  |TAMS 0x00000000d7100000, 0x00000000d7000000| Untracked 
| 113|0x00000000d7100000, 0x00000000d7200000, 0x00000000d7200000|100%|HS|  |TAMS 0x00000000d7200000, 0x00000000d7100000| Complete 
| 114|0x00000000d7200000, 0x00000000d7300000, 0x00000000d7300000|100%|HC|  |TAMS 0x00000000d7300000, 0x00000000d7200000| Complete 
| 115|0x00000000d7300000, 0x00000000d7400000, 0x00000000d7400000|100%| O|  |TAMS 0x00000000d7400000, 0x00000000d7300000| Untracked 
| 116|0x00000000d7400000, 0x00000000d7500000, 0x00000000d7500000|100%| O|  |TAMS 0x00000000d7500000, 0x00000000d7400000| Untracked 
| 117|0x00000000d7500000, 0x00000000d7600000, 0x00000000d7600000|100%| O|  |TAMS 0x00000000d7600000, 0x00000000d7500000| Untracked 
| 118|0x00000000d7600000, 0x00000000d7700000, 0x00000000d7700000|100%| O|  |TAMS 0x00000000d7700000, 0x00000000d7600000| Untracked 
| 119|0x00000000d7700000, 0x00000000d7800000, 0x00000000d7800000|100%| O|  |TAMS 0x00000000d7800000, 0x00000000d7700000| Untracked 
| 120|0x00000000d7800000, 0x00000000d7900000, 0x00000000d7900000|100%| O|  |TAMS 0x00000000d7900000, 0x00000000d7800000| Untracked 
| 121|0x00000000d7900000, 0x00000000d7a00000, 0x00000000d7a00000|100%| O|  |TAMS 0x00000000d7a00000, 0x00000000d7900000| Untracked 
| 122|0x00000000d7a00000, 0x00000000d7b00000, 0x00000000d7b00000|100%| O|  |TAMS 0x00000000d7b00000, 0x00000000d7a00000| Untracked 
| 123|0x00000000d7b00000, 0x00000000d7c00000, 0x00000000d7c00000|100%| O|  |TAMS 0x00000000d7c00000, 0x00000000d7b00000| Untracked 
| 124|0x00000000d7c00000, 0x00000000d7d00000, 0x00000000d7d00000|100%| O|  |TAMS 0x00000000d7d00000, 0x00000000d7c00000| Untracked 
| 125|0x00000000d7d00000, 0x00000000d7e00000, 0x00000000d7e00000|100%| O|  |TAMS 0x00000000d7e00000, 0x00000000d7d00000| Untracked 
| 126|0x00000000d7e00000, 0x00000000d7f00000, 0x00000000d7f00000|100%| O|  |TAMS 0x00000000d7f00000, 0x00000000d7e00000| Untracked 
| 127|0x00000000d7f00000, 0x00000000d8000000, 0x00000000d8000000|100%| O|  |TAMS 0x00000000d8000000, 0x00000000d7f00000| Untracked 
| 128|0x00000000d8000000, 0x00000000d8100000, 0x00000000d8100000|100%| O|  |TAMS 0x00000000d8100000, 0x00000000d8000000| Untracked 
| 129|0x00000000d8100000, 0x00000000d8200000, 0x00000000d8200000|100%| O|  |TAMS 0x00000000d8200000, 0x00000000d8100000| Untracked 
| 130|0x00000000d8200000, 0x00000000d8300000, 0x00000000d8300000|100%| O|  |TAMS 0x00000000d8300000, 0x00000000d8200000| Untracked 
| 131|0x00000000d8300000, 0x00000000d8400000, 0x00000000d8400000|100%| O|  |TAMS 0x00000000d8400000, 0x00000000d8300000| Untracked 
| 132|0x00000000d8400000, 0x00000000d8500000, 0x00000000d8500000|100%| O|  |TAMS 0x00000000d8500000, 0x00000000d8400000| Untracked 
| 133|0x00000000d8500000, 0x00000000d8600000, 0x00000000d8600000|100%| O|  |TAMS 0x00000000d8600000, 0x00000000d8500000| Untracked 
| 134|0x00000000d8600000, 0x00000000d8700000, 0x00000000d8700000|100%| O|  |TAMS 0x00000000d8700000, 0x00000000d8600000| Untracked 
| 135|0x00000000d8700000, 0x00000000d8800000, 0x00000000d8800000|100%| O|  |TAMS 0x00000000d8800000, 0x00000000d8700000| Untracked 
| 136|0x00000000d8800000, 0x00000000d8900000, 0x00000000d8900000|100%| O|  |TAMS 0x00000000d8900000, 0x00000000d8800000| Untracked 
| 137|0x00000000d8900000, 0x00000000d8a00000, 0x00000000d8a00000|100%| O|  |TAMS 0x00000000d8a00000, 0x00000000d8900000| Untracked 
| 138|0x00000000d8a00000, 0x00000000d8b00000, 0x00000000d8b00000|100%| O|  |TAMS 0x00000000d8b00000, 0x00000000d8a00000| Untracked 
| 139|0x00000000d8b00000, 0x00000000d8c00000, 0x00000000d8c00000|100%| O|  |TAMS 0x00000000d8c00000, 0x00000000d8b00000| Untracked 
| 140|0x00000000d8c00000, 0x00000000d8d00000, 0x00000000d8d00000|100%| O|  |TAMS 0x00000000d8d00000, 0x00000000d8c00000| Untracked 
| 141|0x00000000d8d00000, 0x00000000d8e00000, 0x00000000d8e00000|100%| O|  |TAMS 0x00000000d8e00000, 0x00000000d8d00000| Untracked 
| 142|0x00000000d8e00000, 0x00000000d8f00000, 0x00000000d8f00000|100%| O|  |TAMS 0x00000000d8f00000, 0x00000000d8e00000| Untracked 
| 143|0x00000000d8f00000, 0x00000000d9000000, 0x00000000d9000000|100%| O|  |TAMS 0x00000000d9000000, 0x00000000d8f00000| Untracked 
| 144|0x00000000d9000000, 0x00000000d9100000, 0x00000000d9100000|100%| O|  |TAMS 0x00000000d9100000, 0x00000000d9000000| Untracked 
| 145|0x00000000d9100000, 0x00000000d9200000, 0x00000000d9200000|100%| O|  |TAMS 0x00000000d9200000, 0x00000000d9100000| Untracked 
| 146|0x00000000d9200000, 0x00000000d9300000, 0x00000000d9300000|100%| O|  |TAMS 0x00000000d9300000, 0x00000000d9200000| Untracked 
| 147|0x00000000d9300000, 0x00000000d9400000, 0x00000000d9400000|100%| O|  |TAMS 0x00000000d9400000, 0x00000000d9300000| Untracked 
| 148|0x00000000d9400000, 0x00000000d9500000, 0x00000000d9500000|100%| O|  |TAMS 0x00000000d9500000, 0x00000000d9400000| Untracked 
| 149|0x00000000d9500000, 0x00000000d9600000, 0x00000000d9600000|100%| O|  |TAMS 0x00000000d9600000, 0x00000000d9500000| Untracked 
| 150|0x00000000d9600000, 0x00000000d9700000, 0x00000000d9700000|100%| O|  |TAMS 0x00000000d9700000, 0x00000000d9600000| Untracked 
| 151|0x00000000d9700000, 0x00000000d9800000, 0x00000000d9800000|100%| O|  |TAMS 0x00000000d9800000, 0x00000000d9700000| Untracked 
| 152|0x00000000d9800000, 0x00000000d9900000, 0x00000000d9900000|100%| O|  |TAMS 0x00000000d9900000, 0x00000000d9800000| Untracked 
| 153|0x00000000d9900000, 0x00000000d9a00000, 0x00000000d9a00000|100%| O|  |TAMS 0x00000000d9a00000, 0x00000000d9900000| Untracked 
| 154|0x00000000d9a00000, 0x00000000d9b00000, 0x00000000d9b00000|100%| O|  |TAMS 0x00000000d9b00000, 0x00000000d9a00000| Untracked 
| 155|0x00000000d9b00000, 0x00000000d9c00000, 0x00000000d9c00000|100%| O|  |TAMS 0x00000000d9c00000, 0x00000000d9b00000| Untracked 
| 156|0x00000000d9c00000, 0x00000000d9d00000, 0x00000000d9d00000|100%| O|  |TAMS 0x00000000d9d00000, 0x00000000d9c00000| Untracked 
| 157|0x00000000d9d00000, 0x00000000d9e00000, 0x00000000d9e00000|100%| O|  |TAMS 0x00000000d9e00000, 0x00000000d9d00000| Untracked 
| 158|0x00000000d9e00000, 0x00000000d9f00000, 0x00000000d9f00000|100%| O|  |TAMS 0x00000000d9f00000, 0x00000000d9e00000| Untracked 
| 159|0x00000000d9f00000, 0x00000000da000000, 0x00000000da000000|100%| O|  |TAMS 0x00000000da000000, 0x00000000d9f00000| Untracked 
| 160|0x00000000da000000, 0x00000000da100000, 0x00000000da100000|100%| O|  |TAMS 0x00000000da100000, 0x00000000da000000| Untracked 
| 161|0x00000000da100000, 0x00000000da200000, 0x00000000da200000|100%| O|  |TAMS 0x00000000da200000, 0x00000000da100000| Untracked 
| 162|0x00000000da200000, 0x00000000da300000, 0x00000000da300000|100%| O|  |TAMS 0x00000000da300000, 0x00000000da200000| Untracked 
| 163|0x00000000da300000, 0x00000000da400000, 0x00000000da400000|100%| O|  |TAMS 0x00000000da400000, 0x00000000da300000| Untracked 
| 164|0x00000000da400000, 0x00000000da500000, 0x00000000da500000|100%| O|  |TAMS 0x00000000da500000, 0x00000000da400000| Untracked 
| 165|0x00000000da500000, 0x00000000da600000, 0x00000000da600000|100%| O|  |TAMS 0x00000000da600000, 0x00000000da500000| Untracked 
| 166|0x00000000da600000, 0x00000000da700000, 0x00000000da700000|100%| O|  |TAMS 0x00000000da700000, 0x00000000da600000| Untracked 
| 167|0x00000000da700000, 0x00000000da800000, 0x00000000da800000|100%| O|  |TAMS 0x00000000da800000, 0x00000000da700000| Untracked 
| 168|0x00000000da800000, 0x00000000da900000, 0x00000000da900000|100%| O|  |TAMS 0x00000000da900000, 0x00000000da800000| Untracked 
| 169|0x00000000da900000, 0x00000000daa00000, 0x00000000daa00000|100%| O|  |TAMS 0x00000000daa00000, 0x00000000da900000| Untracked 
| 170|0x00000000daa00000, 0x00000000dab00000, 0x00000000dab00000|100%| O|  |TAMS 0x00000000dab00000, 0x00000000daa00000| Untracked 
| 171|0x00000000dab00000, 0x00000000dac00000, 0x00000000dac00000|100%| O|  |TAMS 0x00000000dac00000, 0x00000000dab00000| Untracked 
| 172|0x00000000dac00000, 0x00000000dad00000, 0x00000000dad00000|100%| O|  |TAMS 0x00000000dad00000, 0x00000000dac00000| Untracked 
| 173|0x00000000dad00000, 0x00000000dae00000, 0x00000000dae00000|100%| O|  |TAMS 0x00000000dae00000, 0x00000000dad00000| Untracked 
| 174|0x00000000dae00000, 0x00000000daf00000, 0x00000000daf00000|100%| O|  |TAMS 0x00000000daf00000, 0x00000000dae00000| Untracked 
| 175|0x00000000daf00000, 0x00000000db000000, 0x00000000db000000|100%| O|  |TAMS 0x00000000db000000, 0x00000000daf00000| Untracked 
| 176|0x00000000db000000, 0x00000000db100000, 0x00000000db100000|100%| O|  |TAMS 0x00000000db100000, 0x00000000db000000| Untracked 
| 177|0x00000000db100000, 0x00000000db200000, 0x00000000db200000|100%| O|  |TAMS 0x00000000db200000, 0x00000000db100000| Untracked 
| 178|0x00000000db200000, 0x00000000db300000, 0x00000000db300000|100%| O|  |TAMS 0x00000000db300000, 0x00000000db200000| Untracked 
| 179|0x00000000db300000, 0x00000000db400000, 0x00000000db400000|100%| O|  |TAMS 0x00000000db400000, 0x00000000db300000| Untracked 
| 180|0x00000000db400000, 0x00000000db500000, 0x00000000db500000|100%| O|  |TAMS 0x00000000db500000, 0x00000000db400000| Untracked 
| 181|0x00000000db500000, 0x00000000db600000, 0x00000000db600000|100%| O|  |TAMS 0x00000000db600000, 0x00000000db500000| Untracked 
| 182|0x00000000db600000, 0x00000000db700000, 0x00000000db700000|100%| O|  |TAMS 0x00000000db700000, 0x00000000db600000| Untracked 
| 183|0x00000000db700000, 0x00000000db800000, 0x00000000db800000|100%| O|  |TAMS 0x00000000db800000, 0x00000000db700000| Untracked 
| 184|0x00000000db800000, 0x00000000db900000, 0x00000000db900000|100%| O|  |TAMS 0x00000000db900000, 0x00000000db800000| Untracked 
| 185|0x00000000db900000, 0x00000000dba00000, 0x00000000dba00000|100%| O|  |TAMS 0x00000000dba00000, 0x00000000db900000| Untracked 
| 186|0x00000000dba00000, 0x00000000dbb00000, 0x00000000dbb00000|100%| O|  |TAMS 0x00000000dbb00000, 0x00000000dba00000| Untracked 
| 187|0x00000000dbb00000, 0x00000000dbc00000, 0x00000000dbc00000|100%| O|  |TAMS 0x00000000dbc00000, 0x00000000dbb00000| Untracked 
| 188|0x00000000dbc00000, 0x00000000dbd00000, 0x00000000dbd00000|100%| O|  |TAMS 0x00000000dbd00000, 0x00000000dbc00000| Untracked 
| 189|0x00000000dbd00000, 0x00000000dbe00000, 0x00000000dbe00000|100%| O|  |TAMS 0x00000000dbe00000, 0x00000000dbd00000| Untracked 
| 190|0x00000000dbe00000, 0x00000000dbf00000, 0x00000000dbf00000|100%| O|  |TAMS 0x00000000dbf00000, 0x00000000dbe00000| Untracked 
| 191|0x00000000dbf00000, 0x00000000dc000000, 0x00000000dc000000|100%| O|  |TAMS 0x00000000dc000000, 0x00000000dbf00000| Untracked 
| 192|0x00000000dc000000, 0x00000000dc100000, 0x00000000dc100000|100%| O|  |TAMS 0x00000000dc100000, 0x00000000dc000000| Untracked 
| 193|0x00000000dc100000, 0x00000000dc200000, 0x00000000dc200000|100%| O|  |TAMS 0x00000000dc200000, 0x00000000dc100000| Untracked 
| 194|0x00000000dc200000, 0x00000000dc300000, 0x00000000dc300000|100%| O|  |TAMS 0x00000000dc300000, 0x00000000dc200000| Untracked 
| 195|0x00000000dc300000, 0x00000000dc400000, 0x00000000dc400000|100%| O|  |TAMS 0x00000000dc400000, 0x00000000dc300000| Untracked 
| 196|0x00000000dc400000, 0x00000000dc500000, 0x00000000dc500000|100%| O|  |TAMS 0x00000000dc500000, 0x00000000dc400000| Untracked 
| 197|0x00000000dc500000, 0x00000000dc600000, 0x00000000dc600000|100%| O|  |TAMS 0x00000000dc600000, 0x00000000dc500000| Untracked 
| 198|0x00000000dc600000, 0x00000000dc700000, 0x00000000dc700000|100%| O|  |TAMS 0x00000000dc700000, 0x00000000dc600000| Untracked 
| 199|0x00000000dc700000, 0x00000000dc800000, 0x00000000dc800000|100%| O|  |TAMS 0x00000000dc800000, 0x00000000dc700000| Untracked 
| 200|0x00000000dc800000, 0x00000000dc900000, 0x00000000dc900000|100%| O|  |TAMS 0x00000000dc900000, 0x00000000dc800000| Untracked 
| 201|0x00000000dc900000, 0x00000000dca00000, 0x00000000dca00000|100%| O|  |TAMS 0x00000000dca00000, 0x00000000dc900000| Untracked 
| 202|0x00000000dca00000, 0x00000000dcb00000, 0x00000000dcb00000|100%| O|  |TAMS 0x00000000dcb00000, 0x00000000dca00000| Untracked 
| 203|0x00000000dcb00000, 0x00000000dcc00000, 0x00000000dcc00000|100%| O|  |TAMS 0x00000000dcc00000, 0x00000000dcb00000| Untracked 
| 204|0x00000000dcc00000, 0x00000000dcd00000, 0x00000000dcd00000|100%| O|  |TAMS 0x00000000dcd00000, 0x00000000dcc00000| Untracked 
| 205|0x00000000dcd00000, 0x00000000dce00000, 0x00000000dce00000|100%| O|  |TAMS 0x00000000dce00000, 0x00000000dcd00000| Untracked 
| 206|0x00000000dce00000, 0x00000000dcf00000, 0x00000000dcf00000|100%| O|  |TAMS 0x00000000dcf00000, 0x00000000dce00000| Untracked 
| 207|0x00000000dcf00000, 0x00000000dd000000, 0x00000000dd000000|100%| O|  |TAMS 0x00000000dd000000, 0x00000000dcf00000| Untracked 
| 208|0x00000000dd000000, 0x00000000dd100000, 0x00000000dd100000|100%| O|  |TAMS 0x00000000dd100000, 0x00000000dd000000| Untracked 
| 209|0x00000000dd100000, 0x00000000dd200000, 0x00000000dd200000|100%| O|  |TAMS 0x00000000dd200000, 0x00000000dd100000| Untracked 
| 210|0x00000000dd200000, 0x00000000dd300000, 0x00000000dd300000|100%| O|  |TAMS 0x00000000dd300000, 0x00000000dd200000| Untracked 
| 211|0x00000000dd300000, 0x00000000dd400000, 0x00000000dd400000|100%| O|  |TAMS 0x00000000dd400000, 0x00000000dd300000| Untracked 
| 212|0x00000000dd400000, 0x00000000dd500000, 0x00000000dd500000|100%| O|  |TAMS 0x00000000dd500000, 0x00000000dd400000| Untracked 
| 213|0x00000000dd500000, 0x00000000dd600000, 0x00000000dd600000|100%| O|  |TAMS 0x00000000dd600000, 0x00000000dd500000| Untracked 
| 214|0x00000000dd600000, 0x00000000dd700000, 0x00000000dd700000|100%| O|  |TAMS 0x00000000dd700000, 0x00000000dd600000| Untracked 
| 215|0x00000000dd700000, 0x00000000dd800000, 0x00000000dd800000|100%| O|  |TAMS 0x00000000dd800000, 0x00000000dd700000| Untracked 
| 216|0x00000000dd800000, 0x00000000dd900000, 0x00000000dd900000|100%| O|  |TAMS 0x00000000dd900000, 0x00000000dd800000| Untracked 
| 217|0x00000000dd900000, 0x00000000dda00000, 0x00000000dda00000|100%| O|  |TAMS 0x00000000dda00000, 0x00000000dd900000| Untracked 
| 218|0x00000000dda00000, 0x00000000ddb00000, 0x00000000ddb00000|100%| O|  |TAMS 0x00000000ddb00000, 0x00000000dda00000| Untracked 
| 219|0x00000000ddb00000, 0x00000000ddc00000, 0x00000000ddc00000|100%| O|  |TAMS 0x00000000ddc00000, 0x00000000ddb00000| Untracked 
| 220|0x00000000ddc00000, 0x00000000ddd00000, 0x00000000ddd00000|100%| O|  |TAMS 0x00000000ddd00000, 0x00000000ddc00000| Untracked 
| 221|0x00000000ddd00000, 0x00000000dde00000, 0x00000000dde00000|100%| O|  |TAMS 0x00000000dde00000, 0x00000000ddd00000| Untracked 
| 222|0x00000000dde00000, 0x00000000ddf00000, 0x00000000ddf00000|100%| O|  |TAMS 0x00000000ddf00000, 0x00000000dde00000| Untracked 
| 223|0x00000000ddf00000, 0x00000000de000000, 0x00000000de000000|100%| O|  |TAMS 0x00000000de000000, 0x00000000ddf00000| Untracked 
| 224|0x00000000de000000, 0x00000000de100000, 0x00000000de100000|100%| O|  |TAMS 0x00000000de100000, 0x00000000de000000| Untracked 
| 225|0x00000000de100000, 0x00000000de200000, 0x00000000de200000|100%| O|  |TAMS 0x00000000de200000, 0x00000000de100000| Untracked 
| 226|0x00000000de200000, 0x00000000de300000, 0x00000000de300000|100%| O|  |TAMS 0x00000000de300000, 0x00000000de200000| Untracked 
| 227|0x00000000de300000, 0x00000000de400000, 0x00000000de400000|100%| O|  |TAMS 0x00000000de400000, 0x00000000de300000| Untracked 
| 228|0x00000000de400000, 0x00000000de500000, 0x00000000de500000|100%| O|  |TAMS 0x00000000de500000, 0x00000000de400000| Untracked 
| 229|0x00000000de500000, 0x00000000de600000, 0x00000000de600000|100%| O|  |TAMS 0x00000000de600000, 0x00000000de500000| Untracked 
| 230|0x00000000de600000, 0x00000000de700000, 0x00000000de700000|100%| O|  |TAMS 0x00000000de700000, 0x00000000de600000| Untracked 
| 231|0x00000000de700000, 0x00000000de800000, 0x00000000de800000|100%| O|  |TAMS 0x00000000de800000, 0x00000000de700000| Untracked 
| 232|0x00000000de800000, 0x00000000de900000, 0x00000000de900000|100%| O|  |TAMS 0x00000000de900000, 0x00000000de800000| Untracked 
| 233|0x00000000de900000, 0x00000000dea00000, 0x00000000dea00000|100%| O|  |TAMS 0x00000000dea00000, 0x00000000de900000| Untracked 
| 234|0x00000000dea00000, 0x00000000deb00000, 0x00000000deb00000|100%| O|  |TAMS 0x00000000deb00000, 0x00000000dea00000| Untracked 
| 235|0x00000000deb00000, 0x00000000dec00000, 0x00000000dec00000|100%| O|  |TAMS 0x00000000dec00000, 0x00000000deb00000| Untracked 
| 236|0x00000000dec00000, 0x00000000ded00000, 0x00000000ded00000|100%| O|  |TAMS 0x00000000ded00000, 0x00000000dec00000| Untracked 
| 237|0x00000000ded00000, 0x00000000dee00000, 0x00000000dee00000|100%| O|  |TAMS 0x00000000dee00000, 0x00000000ded00000| Untracked 
| 238|0x00000000dee00000, 0x00000000def00000, 0x00000000def00000|100%| O|  |TAMS 0x00000000def00000, 0x00000000dee00000| Untracked 
| 239|0x00000000def00000, 0x00000000df000000, 0x00000000df000000|100%| O|  |TAMS 0x00000000df000000, 0x00000000def00000| Untracked 
| 240|0x00000000df000000, 0x00000000df100000, 0x00000000df100000|100%| O|  |TAMS 0x00000000df100000, 0x00000000df000000| Untracked 
| 241|0x00000000df100000, 0x00000000df200000, 0x00000000df200000|100%| O|  |TAMS 0x00000000df200000, 0x00000000df100000| Untracked 
| 242|0x00000000df200000, 0x00000000df300000, 0x00000000df300000|100%| O|  |TAMS 0x00000000df300000, 0x00000000df200000| Untracked 
| 243|0x00000000df300000, 0x00000000df400000, 0x00000000df400000|100%| O|  |TAMS 0x00000000df400000, 0x00000000df300000| Untracked 
| 244|0x00000000df400000, 0x00000000df500000, 0x00000000df500000|100%| O|  |TAMS 0x00000000df500000, 0x00000000df400000| Untracked 
| 245|0x00000000df500000, 0x00000000df600000, 0x00000000df600000|100%| O|  |TAMS 0x00000000df600000, 0x00000000df500000| Untracked 
| 246|0x00000000df600000, 0x00000000df700000, 0x00000000df700000|100%| O|  |TAMS 0x00000000df700000, 0x00000000df600000| Untracked 
| 247|0x00000000df700000, 0x00000000df800000, 0x00000000df800000|100%| O|  |TAMS 0x00000000df800000, 0x00000000df700000| Untracked 
| 248|0x00000000df800000, 0x00000000df900000, 0x00000000df900000|100%|HS|  |TAMS 0x00000000df800000, 0x00000000df800000| Complete 
| 249|0x00000000df900000, 0x00000000dfa00000, 0x00000000dfa00000|100%| O|  |TAMS 0x00000000dfa00000, 0x00000000df900000| Untracked 
| 250|0x00000000dfa00000, 0x00000000dfb00000, 0x00000000dfb00000|100%| O|  |TAMS 0x00000000dfb00000, 0x00000000dfa00000| Untracked 
| 251|0x00000000dfb00000, 0x00000000dfc00000, 0x00000000dfc00000|100%| O|  |TAMS 0x00000000dfc00000, 0x00000000dfb00000| Untracked 
| 252|0x00000000dfc00000, 0x00000000dfd00000, 0x00000000dfd00000|100%| O|  |TAMS 0x00000000dfd00000, 0x00000000dfc00000| Untracked 
| 253|0x00000000dfd00000, 0x00000000dfe00000, 0x00000000dfe00000|100%| O|  |TAMS 0x00000000dfe00000, 0x00000000dfd00000| Untracked 
| 254|0x00000000dfe00000, 0x00000000dff00000, 0x00000000dff00000|100%| O|  |TAMS 0x00000000dff00000, 0x00000000dfe00000| Untracked 
| 255|0x00000000dff00000, 0x00000000e0000000, 0x00000000e0000000|100%| O|  |TAMS 0x00000000e0000000, 0x00000000dff00000| Untracked 
| 256|0x00000000e0000000, 0x00000000e0100000, 0x00000000e0100000|100%| O|  |TAMS 0x00000000e0100000, 0x00000000e0000000| Untracked 
| 257|0x00000000e0100000, 0x00000000e0200000, 0x00000000e0200000|100%| O|  |TAMS 0x00000000e0200000, 0x00000000e0100000| Untracked 
| 258|0x00000000e0200000, 0x00000000e0300000, 0x00000000e0300000|100%| O|  |TAMS 0x00000000e0300000, 0x00000000e0200000| Untracked 
| 259|0x00000000e0300000, 0x00000000e0400000, 0x00000000e0400000|100%| O|  |TAMS 0x00000000e0400000, 0x00000000e0300000| Untracked 
| 260|0x00000000e0400000, 0x00000000e0500000, 0x00000000e0500000|100%| O|  |TAMS 0x00000000e0500000, 0x00000000e0400000| Untracked 
| 261|0x00000000e0500000, 0x00000000e0600000, 0x00000000e0600000|100%| O|  |TAMS 0x00000000e0600000, 0x00000000e0500000| Untracked 
| 262|0x00000000e0600000, 0x00000000e0700000, 0x00000000e0700000|100%| O|  |TAMS 0x00000000e0700000, 0x00000000e0600000| Untracked 
| 263|0x00000000e0700000, 0x00000000e0800000, 0x00000000e0800000|100%| O|  |TAMS 0x00000000e0800000, 0x00000000e0700000| Untracked 
| 264|0x00000000e0800000, 0x00000000e0900000, 0x00000000e0900000|100%| O|  |TAMS 0x00000000e0900000, 0x00000000e0800000| Untracked 
| 265|0x00000000e0900000, 0x00000000e0a00000, 0x00000000e0a00000|100%| O|  |TAMS 0x00000000e0a00000, 0x00000000e0900000| Untracked 
| 266|0x00000000e0a00000, 0x00000000e0b00000, 0x00000000e0b00000|100%| O|  |TAMS 0x00000000e0b00000, 0x00000000e0a00000| Untracked 
| 267|0x00000000e0b00000, 0x00000000e0c00000, 0x00000000e0c00000|100%| O|  |TAMS 0x00000000e0c00000, 0x00000000e0b00000| Untracked 
| 268|0x00000000e0c00000, 0x00000000e0d00000, 0x00000000e0d00000|100%| O|  |TAMS 0x00000000e0d00000, 0x00000000e0c00000| Untracked 
| 269|0x00000000e0d00000, 0x00000000e0e00000, 0x00000000e0e00000|100%| O|  |TAMS 0x00000000e0e00000, 0x00000000e0d00000| Untracked 
| 270|0x00000000e0e00000, 0x00000000e0f00000, 0x00000000e0f00000|100%| O|  |TAMS 0x00000000e0f00000, 0x00000000e0e00000| Untracked 
| 271|0x00000000e0f00000, 0x00000000e1000000, 0x00000000e1000000|100%| O|  |TAMS 0x00000000e1000000, 0x00000000e0f00000| Untracked 
| 272|0x00000000e1000000, 0x00000000e1100000, 0x00000000e1100000|100%| O|  |TAMS 0x00000000e1100000, 0x00000000e1000000| Untracked 
| 273|0x00000000e1100000, 0x00000000e1200000, 0x00000000e1200000|100%| O|  |TAMS 0x00000000e1200000, 0x00000000e1100000| Untracked 
| 274|0x00000000e1200000, 0x00000000e1300000, 0x00000000e1300000|100%| O|  |TAMS 0x00000000e1300000, 0x00000000e1200000| Untracked 
| 275|0x00000000e1300000, 0x00000000e1400000, 0x00000000e1400000|100%| O|  |TAMS 0x00000000e1400000, 0x00000000e1300000| Untracked 
| 276|0x00000000e1400000, 0x00000000e1500000, 0x00000000e1500000|100%| O|  |TAMS 0x00000000e1500000, 0x00000000e1400000| Untracked 
| 277|0x00000000e1500000, 0x00000000e1600000, 0x00000000e1600000|100%| O|  |TAMS 0x00000000e1600000, 0x00000000e1500000| Untracked 
| 278|0x00000000e1600000, 0x00000000e1700000, 0x00000000e1700000|100%| O|  |TAMS 0x00000000e1700000, 0x00000000e1600000| Untracked 
| 279|0x00000000e1700000, 0x00000000e1800000, 0x00000000e1800000|100%| O|  |TAMS 0x00000000e1800000, 0x00000000e1700000| Untracked 
| 280|0x00000000e1800000, 0x00000000e1900000, 0x00000000e1900000|100%| O|  |TAMS 0x00000000e1900000, 0x00000000e1800000| Untracked 
| 281|0x00000000e1900000, 0x00000000e1a00000, 0x00000000e1a00000|100%| O|  |TAMS 0x00000000e1a00000, 0x00000000e1900000| Untracked 
| 282|0x00000000e1a00000, 0x00000000e1b00000, 0x00000000e1b00000|100%| O|  |TAMS 0x00000000e1b00000, 0x00000000e1a00000| Untracked 
| 283|0x00000000e1b00000, 0x00000000e1c00000, 0x00000000e1c00000|100%| O|  |TAMS 0x00000000e1c00000, 0x00000000e1b00000| Untracked 
| 284|0x00000000e1c00000, 0x00000000e1d00000, 0x00000000e1d00000|100%| O|  |TAMS 0x00000000e1d00000, 0x00000000e1c00000| Untracked 
| 285|0x00000000e1d00000, 0x00000000e1e00000, 0x00000000e1e00000|100%| O|  |TAMS 0x00000000e1e00000, 0x00000000e1d00000| Untracked 
| 286|0x00000000e1e00000, 0x00000000e1f00000, 0x00000000e1f00000|100%| O|  |TAMS 0x00000000e1f00000, 0x00000000e1e00000| Untracked 
| 287|0x00000000e1f00000, 0x00000000e2000000, 0x00000000e2000000|100%| O|  |TAMS 0x00000000e2000000, 0x00000000e1f00000| Untracked 
| 288|0x00000000e2000000, 0x00000000e2100000, 0x00000000e2100000|100%| O|  |TAMS 0x00000000e2100000, 0x00000000e2000000| Untracked 
| 289|0x00000000e2100000, 0x00000000e2200000, 0x00000000e2200000|100%| O|  |TAMS 0x00000000e2200000, 0x00000000e2100000| Untracked 
| 290|0x00000000e2200000, 0x00000000e2300000, 0x00000000e2300000|100%| O|  |TAMS 0x00000000e2300000, 0x00000000e2200000| Untracked 
| 291|0x00000000e2300000, 0x00000000e2400000, 0x00000000e2400000|100%| O|  |TAMS 0x00000000e2400000, 0x00000000e2300000| Untracked 
| 292|0x00000000e2400000, 0x00000000e2500000, 0x00000000e2500000|100%| O|  |TAMS 0x00000000e2500000, 0x00000000e2400000| Untracked 
| 293|0x00000000e2500000, 0x00000000e2600000, 0x00000000e2600000|100%| O|  |TAMS 0x00000000e2600000, 0x00000000e2500000| Untracked 
| 294|0x00000000e2600000, 0x00000000e2700000, 0x00000000e2700000|100%| O|  |TAMS 0x00000000e2600000, 0x00000000e2600000| Untracked 
| 295|0x00000000e2700000, 0x00000000e2800000, 0x00000000e2800000|100%| O|  |TAMS 0x00000000e2800000, 0x00000000e2700000| Untracked 
| 296|0x00000000e2800000, 0x00000000e2900000, 0x00000000e2900000|100%| O|  |TAMS 0x00000000e2900000, 0x00000000e2800000| Untracked 
| 297|0x00000000e2900000, 0x00000000e2a00000, 0x00000000e2a00000|100%| O|  |TAMS 0x00000000e2a00000, 0x00000000e2900000| Untracked 
| 298|0x00000000e2a00000, 0x00000000e2b00000, 0x00000000e2b00000|100%| O|  |TAMS 0x00000000e2b00000, 0x00000000e2a00000| Untracked 
| 299|0x00000000e2b00000, 0x00000000e2c00000, 0x00000000e2c00000|100%| O|  |TAMS 0x00000000e2c00000, 0x00000000e2b00000| Untracked 
| 300|0x00000000e2c00000, 0x00000000e2d00000, 0x00000000e2d00000|100%| O|  |TAMS 0x00000000e2d00000, 0x00000000e2c00000| Untracked 
| 301|0x00000000e2d00000, 0x00000000e2e00000, 0x00000000e2e00000|100%| O|  |TAMS 0x00000000e2e00000, 0x00000000e2d00000| Untracked 
| 302|0x00000000e2e00000, 0x00000000e2f00000, 0x00000000e2f00000|100%| O|  |TAMS 0x00000000e2f00000, 0x00000000e2e00000| Untracked 
| 303|0x00000000e2f00000, 0x00000000e3000000, 0x00000000e3000000|100%| O|  |TAMS 0x00000000e2f00000, 0x00000000e2f00000| Untracked 
| 304|0x00000000e3000000, 0x00000000e3100000, 0x00000000e3100000|100%| O|  |TAMS 0x00000000e3100000, 0x00000000e3000000| Untracked 
| 305|0x00000000e3100000, 0x00000000e3200000, 0x00000000e3200000|100%| O|  |TAMS 0x00000000e3200000, 0x00000000e3100000| Untracked 
| 306|0x00000000e3200000, 0x00000000e3300000, 0x00000000e3300000|100%| O|  |TAMS 0x00000000e3300000, 0x00000000e3200000| Untracked 
| 307|0x00000000e3300000, 0x00000000e3400000, 0x00000000e3400000|100%| O|  |TAMS 0x00000000e3400000, 0x00000000e3300000| Untracked 
| 308|0x00000000e3400000, 0x00000000e3500000, 0x00000000e3500000|100%| O|  |TAMS 0x00000000e3500000, 0x00000000e3400000| Untracked 
| 309|0x00000000e3500000, 0x00000000e3600000, 0x00000000e3600000|100%| O|  |TAMS 0x00000000e3600000, 0x00000000e3500000| Untracked 
| 310|0x00000000e3600000, 0x00000000e3700000, 0x00000000e3700000|100%| O|  |TAMS 0x00000000e3700000, 0x00000000e3600000| Untracked 
| 311|0x00000000e3700000, 0x00000000e3800000, 0x00000000e3800000|100%| O|  |TAMS 0x00000000e3800000, 0x00000000e3700000| Untracked 
| 312|0x00000000e3800000, 0x00000000e3900000, 0x00000000e3900000|100%| O|  |TAMS 0x00000000e3800000, 0x00000000e3800000| Untracked 
| 313|0x00000000e3900000, 0x00000000e3a00000, 0x00000000e3a00000|100%| O|  |TAMS 0x00000000e3a00000, 0x00000000e3900000| Untracked 
| 314|0x00000000e3a00000, 0x00000000e3b00000, 0x00000000e3b00000|100%| O|  |TAMS 0x00000000e3b00000, 0x00000000e3a00000| Untracked 
| 315|0x00000000e3b00000, 0x00000000e3c00000, 0x00000000e3c00000|100%| O|  |TAMS 0x00000000e3c00000, 0x00000000e3b00000| Untracked 
| 316|0x00000000e3c00000, 0x00000000e3d00000, 0x00000000e3d00000|100%| O|  |TAMS 0x00000000e3d00000, 0x00000000e3c00000| Untracked 
| 317|0x00000000e3d00000, 0x00000000e3e00000, 0x00000000e3e00000|100%| O|  |TAMS 0x00000000e3e00000, 0x00000000e3d00000| Untracked 
| 318|0x00000000e3e00000, 0x00000000e3f00000, 0x00000000e3f00000|100%| O|  |TAMS 0x00000000e3e00000, 0x00000000e3e00000| Untracked 
| 319|0x00000000e3f00000, 0x00000000e4000000, 0x00000000e4000000|100%| O|  |TAMS 0x00000000e4000000, 0x00000000e3f00000| Untracked 
| 320|0x00000000e4000000, 0x00000000e4100000, 0x00000000e4100000|100%| O|  |TAMS 0x00000000e4100000, 0x00000000e4000000| Untracked 
| 321|0x00000000e4100000, 0x00000000e4200000, 0x00000000e4200000|100%| O|  |TAMS 0x00000000e4200000, 0x00000000e4100000| Untracked 
| 322|0x00000000e4200000, 0x00000000e4300000, 0x00000000e4300000|100%| O|  |TAMS 0x00000000e4300000, 0x00000000e4200000| Untracked 
| 323|0x00000000e4300000, 0x00000000e4400000, 0x00000000e4400000|100%| O|  |TAMS 0x00000000e4400000, 0x00000000e4300000| Untracked 
| 324|0x00000000e4400000, 0x00000000e4500000, 0x00000000e4500000|100%| O|  |TAMS 0x00000000e4500000, 0x00000000e4400000| Untracked 
| 325|0x00000000e4500000, 0x00000000e4600000, 0x00000000e4600000|100%| O|  |TAMS 0x00000000e4600000, 0x00000000e4500000| Untracked 
| 326|0x00000000e4600000, 0x00000000e4700000, 0x00000000e4700000|100%| O|  |TAMS 0x00000000e4700000, 0x00000000e4600000| Untracked 
| 327|0x00000000e4700000, 0x00000000e4800000, 0x00000000e4800000|100%| O|  |TAMS 0x00000000e4800000, 0x00000000e4700000| Untracked 
| 328|0x00000000e4800000, 0x00000000e4900000, 0x00000000e4900000|100%| O|  |TAMS 0x00000000e4900000, 0x00000000e4800000| Untracked 
| 329|0x00000000e4900000, 0x00000000e4a00000, 0x00000000e4a00000|100%| O|  |TAMS 0x00000000e4900000, 0x00000000e4900000| Untracked 
| 330|0x00000000e4a00000, 0x00000000e4b00000, 0x00000000e4b00000|100%| O|  |TAMS 0x00000000e4b00000, 0x00000000e4a00000| Untracked 
| 331|0x00000000e4b00000, 0x00000000e4c00000, 0x00000000e4c00000|100%| O|  |TAMS 0x00000000e4c00000, 0x00000000e4b00000| Untracked 
| 332|0x00000000e4c00000, 0x00000000e4d00000, 0x00000000e4d00000|100%| O|  |TAMS 0x00000000e4d00000, 0x00000000e4c00000| Untracked 
| 333|0x00000000e4d00000, 0x00000000e4e00000, 0x00000000e4e00000|100%| O|  |TAMS 0x00000000e4e00000, 0x00000000e4d00000| Untracked 
| 334|0x00000000e4e00000, 0x00000000e4f00000, 0x00000000e4f00000|100%| O|  |TAMS 0x00000000e4f00000, 0x00000000e4e00000| Untracked 
| 335|0x00000000e4f00000, 0x00000000e5000000, 0x00000000e5000000|100%| O|  |TAMS 0x00000000e5000000, 0x00000000e4f00000| Untracked 
| 336|0x00000000e5000000, 0x00000000e5100000, 0x00000000e5100000|100%| O|  |TAMS 0x00000000e5100000, 0x00000000e5000000| Untracked 
| 337|0x00000000e5100000, 0x00000000e5200000, 0x00000000e5200000|100%| O|  |TAMS 0x00000000e5200000, 0x00000000e5100000| Untracked 
| 338|0x00000000e5200000, 0x00000000e5300000, 0x00000000e5300000|100%| O|  |TAMS 0x00000000e5300000, 0x00000000e5200000| Untracked 
| 339|0x00000000e5300000, 0x00000000e5400000, 0x00000000e5400000|100%| O|  |TAMS 0x00000000e5400000, 0x00000000e5300000| Untracked 
| 340|0x00000000e5400000, 0x00000000e5500000, 0x00000000e5500000|100%| O|  |TAMS 0x00000000e5400000, 0x00000000e5400000| Untracked 
| 341|0x00000000e5500000, 0x00000000e5600000, 0x00000000e5600000|100%| O|  |TAMS 0x00000000e5600000, 0x00000000e5500000| Untracked 
| 342|0x00000000e5600000, 0x00000000e5700000, 0x00000000e5700000|100%| O|  |TAMS 0x00000000e5700000, 0x00000000e5600000| Untracked 
| 343|0x00000000e5700000, 0x00000000e5800000, 0x00000000e5800000|100%| O|  |TAMS 0x00000000e5800000, 0x00000000e5700000| Untracked 
| 344|0x00000000e5800000, 0x00000000e5900000, 0x00000000e5900000|100%| O|  |TAMS 0x00000000e5900000, 0x00000000e5800000| Untracked 
| 345|0x00000000e5900000, 0x00000000e5a00000, 0x00000000e5a00000|100%| O|  |TAMS 0x00000000e59cc600, 0x00000000e5900000| Untracked 
| 346|0x00000000e5a00000, 0x00000000e5b00000, 0x00000000e5b00000|100%| O|  |TAMS 0x00000000e5a00000, 0x00000000e5a00000| Untracked 
| 347|0x00000000e5b00000, 0x00000000e5c00000, 0x00000000e5c00000|100%| O|  |TAMS 0x00000000e5b00000, 0x00000000e5b00000| Untracked 
| 348|0x00000000e5c00000, 0x00000000e5d00000, 0x00000000e5d00000|100%| O|  |TAMS 0x00000000e5c00000, 0x00000000e5c00000| Untracked 
| 349|0x00000000e5d00000, 0x00000000e5e00000, 0x00000000e5e00000|100%| O|  |TAMS 0x00000000e5d00000, 0x00000000e5d00000| Untracked 
| 350|0x00000000e5e00000, 0x00000000e5f00000, 0x00000000e5f00000|100%| O|  |TAMS 0x00000000e5e00000, 0x00000000e5e00000| Untracked 
| 351|0x00000000e5f00000, 0x00000000e6000000, 0x00000000e6000000|100%| O|  |TAMS 0x00000000e5f00000, 0x00000000e5f00000| Untracked 
| 352|0x00000000e6000000, 0x00000000e6100000, 0x00000000e6100000|100%| O|  |TAMS 0x00000000e6000000, 0x00000000e6000000| Untracked 
| 353|0x00000000e6100000, 0x00000000e6200000, 0x00000000e6200000|100%| O|  |TAMS 0x00000000e6100000, 0x00000000e6100000| Untracked 
| 354|0x00000000e6200000, 0x00000000e6300000, 0x00000000e6300000|100%| O|  |TAMS 0x00000000e6200000, 0x00000000e6200000| Untracked 
| 355|0x00000000e6300000, 0x00000000e6400000, 0x00000000e6400000|100%| O|  |TAMS 0x00000000e6300000, 0x00000000e6300000| Untracked 
| 356|0x00000000e6400000, 0x00000000e6500000, 0x00000000e6500000|100%| O|  |TAMS 0x00000000e6400000, 0x00000000e6400000| Untracked 
| 357|0x00000000e6500000, 0x00000000e6600000, 0x00000000e6600000|100%| O|  |TAMS 0x00000000e6500000, 0x00000000e6500000| Untracked 
| 358|0x00000000e6600000, 0x00000000e6700000, 0x00000000e6700000|100%| O|  |TAMS 0x00000000e6600000, 0x00000000e6600000| Untracked 
| 359|0x00000000e6700000, 0x00000000e6800000, 0x00000000e6800000|100%| O|  |TAMS 0x00000000e6700000, 0x00000000e6700000| Untracked 
| 360|0x00000000e6800000, 0x00000000e6900000, 0x00000000e6900000|100%| O|  |TAMS 0x00000000e6800000, 0x00000000e6800000| Untracked 
| 361|0x00000000e6900000, 0x00000000e6a00000, 0x00000000e6a00000|100%| O|  |TAMS 0x00000000e6900000, 0x00000000e6900000| Untracked 
| 362|0x00000000e6a00000, 0x00000000e6b00000, 0x00000000e6b00000|100%| O|  |TAMS 0x00000000e6a00000, 0x00000000e6a00000| Untracked 
| 363|0x00000000e6b00000, 0x00000000e6c00000, 0x00000000e6c00000|100%| O|  |TAMS 0x00000000e6b00000, 0x00000000e6b00000| Untracked 
| 364|0x00000000e6c00000, 0x00000000e6d00000, 0x00000000e6d00000|100%| O|  |TAMS 0x00000000e6c00000, 0x00000000e6c00000| Untracked 
| 365|0x00000000e6d00000, 0x00000000e6e00000, 0x00000000e6e00000|100%| O|  |TAMS 0x00000000e6d00000, 0x00000000e6d00000| Untracked 
| 366|0x00000000e6e00000, 0x00000000e6f00000, 0x00000000e6f00000|100%| O|  |TAMS 0x00000000e6e00000, 0x00000000e6e00000| Untracked 
| 367|0x00000000e6f00000, 0x00000000e7000000, 0x00000000e7000000|100%| O|  |TAMS 0x00000000e6f00000, 0x00000000e6f00000| Untracked 
| 368|0x00000000e7000000, 0x00000000e7100000, 0x00000000e7100000|100%| O|  |TAMS 0x00000000e7000000, 0x00000000e7000000| Untracked 
| 369|0x00000000e7100000, 0x00000000e7200000, 0x00000000e7200000|100%| O|  |TAMS 0x00000000e7100000, 0x00000000e7100000| Untracked 
| 370|0x00000000e7200000, 0x00000000e7300000, 0x00000000e7300000|100%| O|  |TAMS 0x00000000e7200000, 0x00000000e7200000| Untracked 
| 371|0x00000000e7300000, 0x00000000e7400000, 0x00000000e7400000|100%| O|  |TAMS 0x00000000e7300000, 0x00000000e7300000| Untracked 
| 372|0x00000000e7400000, 0x00000000e7500000, 0x00000000e7500000|100%| O|  |TAMS 0x00000000e7400000, 0x00000000e7400000| Untracked 
| 373|0x00000000e7500000, 0x00000000e7600000, 0x00000000e7600000|100%| O|  |TAMS 0x00000000e7500000, 0x00000000e7500000| Untracked 
| 374|0x00000000e7600000, 0x00000000e7700000, 0x00000000e7700000|100%| O|  |TAMS 0x00000000e7600000, 0x00000000e7600000| Untracked 
| 375|0x00000000e7700000, 0x00000000e7800000, 0x00000000e7800000|100%| O|  |TAMS 0x00000000e7700000, 0x00000000e7700000| Untracked 
| 376|0x00000000e7800000, 0x00000000e7900000, 0x00000000e7900000|100%| O|  |TAMS 0x00000000e7800000, 0x00000000e7800000| Untracked 
| 377|0x00000000e7900000, 0x00000000e7a00000, 0x00000000e7a00000|100%| O|  |TAMS 0x00000000e7900000, 0x00000000e7900000| Untracked 
| 378|0x00000000e7a00000, 0x00000000e7b00000, 0x00000000e7b00000|100%| O|  |TAMS 0x00000000e7a00000, 0x00000000e7a00000| Untracked 
| 379|0x00000000e7b00000, 0x00000000e7c00000, 0x00000000e7c00000|100%| O|  |TAMS 0x00000000e7b00000, 0x00000000e7b00000| Untracked 
| 380|0x00000000e7c00000, 0x00000000e7d00000, 0x00000000e7d00000|100%| O|  |TAMS 0x00000000e7c00000, 0x00000000e7c00000| Untracked 
| 381|0x00000000e7d00000, 0x00000000e7e00000, 0x00000000e7e00000|100%| O|  |TAMS 0x00000000e7d00000, 0x00000000e7d00000| Untracked 
| 382|0x00000000e7e00000, 0x00000000e7f00000, 0x00000000e7f00000|100%| O|  |TAMS 0x00000000e7e00000, 0x00000000e7e00000| Untracked 
| 383|0x00000000e7f00000, 0x00000000e8000000, 0x00000000e8000000|100%| O|  |TAMS 0x00000000e7f00000, 0x00000000e7f00000| Untracked 
| 384|0x00000000e8000000, 0x00000000e8100000, 0x00000000e8100000|100%| O|  |TAMS 0x00000000e8000000, 0x00000000e8000000| Untracked 
| 385|0x00000000e8100000, 0x00000000e8200000, 0x00000000e8200000|100%| O|  |TAMS 0x00000000e8100000, 0x00000000e8100000| Untracked 
| 386|0x00000000e8200000, 0x00000000e8300000, 0x00000000e8300000|100%| O|  |TAMS 0x00000000e8200000, 0x00000000e8200000| Untracked 
| 387|0x00000000e8300000, 0x00000000e8400000, 0x00000000e8400000|100%| O|  |TAMS 0x00000000e8300000, 0x00000000e8300000| Untracked 
| 388|0x00000000e8400000, 0x00000000e8500000, 0x00000000e8500000|100%| O|  |TAMS 0x00000000e8400000, 0x00000000e8400000| Untracked 
| 389|0x00000000e8500000, 0x00000000e8600000, 0x00000000e8600000|100%| O|  |TAMS 0x00000000e8500000, 0x00000000e8500000| Untracked 
| 390|0x00000000e8600000, 0x00000000e8700000, 0x00000000e8700000|100%| O|  |TAMS 0x00000000e8600000, 0x00000000e8600000| Untracked 
| 391|0x00000000e8700000, 0x00000000e8800000, 0x00000000e8800000|100%| O|  |TAMS 0x00000000e8700000, 0x00000000e8700000| Untracked 
| 392|0x00000000e8800000, 0x00000000e8900000, 0x00000000e8900000|100%| O|  |TAMS 0x00000000e8800000, 0x00000000e8800000| Untracked 
| 393|0x00000000e8900000, 0x00000000e8a00000, 0x00000000e8a00000|100%| O|  |TAMS 0x00000000e8900000, 0x00000000e8900000| Untracked 
| 394|0x00000000e8a00000, 0x00000000e8b00000, 0x00000000e8b00000|100%| O|  |TAMS 0x00000000e8a00000, 0x00000000e8a00000| Untracked 
| 395|0x00000000e8b00000, 0x00000000e8c00000, 0x00000000e8c00000|100%| O|  |TAMS 0x00000000e8b00000, 0x00000000e8b00000| Untracked 
| 396|0x00000000e8c00000, 0x00000000e8d00000, 0x00000000e8d00000|100%| O|  |TAMS 0x00000000e8c00000, 0x00000000e8c00000| Untracked 
| 397|0x00000000e8d00000, 0x00000000e8e00000, 0x00000000e8e00000|100%| O|  |TAMS 0x00000000e8d00000, 0x00000000e8d00000| Untracked 
| 398|0x00000000e8e00000, 0x00000000e8f00000, 0x00000000e8f00000|100%| O|  |TAMS 0x00000000e8e00000, 0x00000000e8e00000| Untracked 
| 399|0x00000000e8f00000, 0x00000000e9000000, 0x00000000e9000000|100%| O|  |TAMS 0x00000000e8f00000, 0x00000000e8f00000| Untracked 
| 400|0x00000000e9000000, 0x00000000e9100000, 0x00000000e9100000|100%| O|  |TAMS 0x00000000e9000000, 0x00000000e9000000| Untracked 
| 401|0x00000000e9100000, 0x00000000e9200000, 0x00000000e9200000|100%| O|  |TAMS 0x00000000e9100000, 0x00000000e9100000| Untracked 
| 402|0x00000000e9200000, 0x00000000e9300000, 0x00000000e9300000|100%| O|  |TAMS 0x00000000e9200000, 0x00000000e9200000| Untracked 
| 403|0x00000000e9300000, 0x00000000e9400000, 0x00000000e9400000|100%| O|  |TAMS 0x00000000e9300000, 0x00000000e9300000| Untracked 
| 404|0x00000000e9400000, 0x00000000e9500000, 0x00000000e9500000|100%| O|  |TAMS 0x00000000e9400000, 0x00000000e9400000| Untracked 
| 405|0x00000000e9500000, 0x00000000e9600000, 0x00000000e9600000|100%| O|  |TAMS 0x00000000e9500000, 0x00000000e9500000| Untracked 
| 406|0x00000000e9600000, 0x00000000e9700000, 0x00000000e9700000|100%| O|  |TAMS 0x00000000e9600000, 0x00000000e9600000| Untracked 
| 407|0x00000000e9700000, 0x00000000e9800000, 0x00000000e9800000|100%| O|  |TAMS 0x00000000e9700000, 0x00000000e9700000| Untracked 
| 408|0x00000000e9800000, 0x00000000e9900000, 0x00000000e9900000|100%| O|  |TAMS 0x00000000e9800000, 0x00000000e9800000| Untracked 
| 409|0x00000000e9900000, 0x00000000e9a00000, 0x00000000e9a00000|100%| O|  |TAMS 0x00000000e9900000, 0x00000000e9900000| Untracked 
| 410|0x00000000e9a00000, 0x00000000e9b00000, 0x00000000e9b00000|100%| O|  |TAMS 0x00000000e9a00000, 0x00000000e9a00000| Untracked 
| 411|0x00000000e9b00000, 0x00000000e9c00000, 0x00000000e9c00000|100%| O|  |TAMS 0x00000000e9b00000, 0x00000000e9b00000| Untracked 
| 412|0x00000000e9c00000, 0x00000000e9d00000, 0x00000000e9d00000|100%| O|  |TAMS 0x00000000e9c00000, 0x00000000e9c00000| Untracked 
| 413|0x00000000e9d00000, 0x00000000e9e00000, 0x00000000e9e00000|100%| O|  |TAMS 0x00000000e9d00000, 0x00000000e9d00000| Untracked 
| 414|0x00000000e9e00000, 0x00000000e9f00000, 0x00000000e9f00000|100%| O|  |TAMS 0x00000000e9e00000, 0x00000000e9e00000| Untracked 
| 415|0x00000000e9f00000, 0x00000000ea000000, 0x00000000ea000000|100%| O|  |TAMS 0x00000000e9f00000, 0x00000000e9f00000| Untracked 
| 416|0x00000000ea000000, 0x00000000ea100000, 0x00000000ea100000|100%| O|  |TAMS 0x00000000ea000000, 0x00000000ea000000| Untracked 
| 417|0x00000000ea100000, 0x00000000ea200000, 0x00000000ea200000|100%| O|  |TAMS 0x00000000ea100000, 0x00000000ea100000| Untracked 
| 418|0x00000000ea200000, 0x00000000ea300000, 0x00000000ea300000|100%| O|  |TAMS 0x00000000ea200000, 0x00000000ea200000| Untracked 
| 419|0x00000000ea300000, 0x00000000ea400000, 0x00000000ea400000|100%| O|  |TAMS 0x00000000ea300000, 0x00000000ea300000| Untracked 
| 420|0x00000000ea400000, 0x00000000ea500000, 0x00000000ea500000|100%| O|  |TAMS 0x00000000ea400000, 0x00000000ea400000| Untracked 
| 421|0x00000000ea500000, 0x00000000ea600000, 0x00000000ea600000|100%| O|  |TAMS 0x00000000ea500000, 0x00000000ea500000| Untracked 
| 422|0x00000000ea600000, 0x00000000ea700000, 0x00000000ea700000|100%| O|  |TAMS 0x00000000ea600000, 0x00000000ea600000| Untracked 
| 423|0x00000000ea700000, 0x00000000ea800000, 0x00000000ea800000|100%| O|  |TAMS 0x00000000ea700000, 0x00000000ea700000| Untracked 
| 424|0x00000000ea800000, 0x00000000ea900000, 0x00000000ea900000|100%| O|  |TAMS 0x00000000ea800000, 0x00000000ea800000| Untracked 
| 425|0x00000000ea900000, 0x00000000eaa00000, 0x00000000eaa00000|100%| O|  |TAMS 0x00000000ea900000, 0x00000000ea900000| Untracked 
| 426|0x00000000eaa00000, 0x00000000eab00000, 0x00000000eab00000|100%| O|  |TAMS 0x00000000eaa00000, 0x00000000eaa00000| Untracked 
| 427|0x00000000eab00000, 0x00000000eac00000, 0x00000000eac00000|100%| O|  |TAMS 0x00000000eab00000, 0x00000000eab00000| Untracked 
| 428|0x00000000eac00000, 0x00000000ead00000, 0x00000000ead00000|100%| O|  |TAMS 0x00000000eac00000, 0x00000000eac00000| Untracked 
| 429|0x00000000ead00000, 0x00000000eae00000, 0x00000000eae00000|100%| O|  |TAMS 0x00000000ead00000, 0x00000000ead00000| Untracked 
| 430|0x00000000eae00000, 0x00000000eaf00000, 0x00000000eaf00000|100%| O|  |TAMS 0x00000000eae00000, 0x00000000eae00000| Untracked 
| 431|0x00000000eaf00000, 0x00000000eb000000, 0x00000000eb000000|100%| O|  |TAMS 0x00000000eaf00000, 0x00000000eaf00000| Untracked 
| 432|0x00000000eb000000, 0x00000000eb100000, 0x00000000eb100000|100%| O|  |TAMS 0x00000000eb000000, 0x00000000eb000000| Untracked 
| 433|0x00000000eb100000, 0x00000000eb200000, 0x00000000eb200000|100%| O|  |TAMS 0x00000000eb100000, 0x00000000eb100000| Untracked 
| 434|0x00000000eb200000, 0x00000000eb300000, 0x00000000eb300000|100%| O|  |TAMS 0x00000000eb200000, 0x00000000eb200000| Untracked 
| 435|0x00000000eb300000, 0x00000000eb400000, 0x00000000eb400000|100%| O|  |TAMS 0x00000000eb300000, 0x00000000eb300000| Untracked 
| 436|0x00000000eb400000, 0x00000000eb500000, 0x00000000eb500000|100%| O|  |TAMS 0x00000000eb400000, 0x00000000eb400000| Untracked 
| 437|0x00000000eb500000, 0x00000000eb600000, 0x00000000eb600000|100%| O|  |TAMS 0x00000000eb500000, 0x00000000eb500000| Untracked 
| 438|0x00000000eb600000, 0x00000000eb700000, 0x00000000eb700000|100%| O|  |TAMS 0x00000000eb600000, 0x00000000eb600000| Untracked 
| 439|0x00000000eb700000, 0x00000000eb800000, 0x00000000eb800000|100%| O|  |TAMS 0x00000000eb700000, 0x00000000eb700000| Untracked 
| 440|0x00000000eb800000, 0x00000000eb900000, 0x00000000eb900000|100%| O|  |TAMS 0x00000000eb800000, 0x00000000eb800000| Untracked 
| 441|0x00000000eb900000, 0x00000000eba00000, 0x00000000eba00000|100%| O|  |TAMS 0x00000000eb900000, 0x00000000eb900000| Untracked 
| 442|0x00000000eba00000, 0x00000000ebb00000, 0x00000000ebb00000|100%| O|  |TAMS 0x00000000eba00000, 0x00000000eba00000| Untracked 
| 443|0x00000000ebb00000, 0x00000000ebc00000, 0x00000000ebc00000|100%| O|  |TAMS 0x00000000ebb00000, 0x00000000ebb00000| Untracked 
| 444|0x00000000ebc00000, 0x00000000ebd00000, 0x00000000ebd00000|100%| O|  |TAMS 0x00000000ebc00000, 0x00000000ebc00000| Untracked 
| 445|0x00000000ebd00000, 0x00000000ebe00000, 0x00000000ebe00000|100%| O|  |TAMS 0x00000000ebd00000, 0x00000000ebd00000| Untracked 
| 446|0x00000000ebe00000, 0x00000000ebf00000, 0x00000000ebf00000|100%| O|  |TAMS 0x00000000ebe00000, 0x00000000ebe00000| Untracked 
| 447|0x00000000ebf00000, 0x00000000ec000000, 0x00000000ec000000|100%| O|  |TAMS 0x00000000ebf00000, 0x00000000ebf00000| Untracked 
| 448|0x00000000ec000000, 0x00000000ec100000, 0x00000000ec100000|100%| O|  |TAMS 0x00000000ec000000, 0x00000000ec000000| Untracked 
| 449|0x00000000ec100000, 0x00000000ec200000, 0x00000000ec200000|100%| O|  |TAMS 0x00000000ec100000, 0x00000000ec100000| Untracked 
| 450|0x00000000ec200000, 0x00000000ec300000, 0x00000000ec300000|100%| O|  |TAMS 0x00000000ec200000, 0x00000000ec200000| Untracked 
| 451|0x00000000ec300000, 0x00000000ec400000, 0x00000000ec400000|100%| O|  |TAMS 0x00000000ec300000, 0x00000000ec300000| Untracked 
| 452|0x00000000ec400000, 0x00000000ec500000, 0x00000000ec500000|100%| O|  |TAMS 0x00000000ec400000, 0x00000000ec400000| Untracked 
| 453|0x00000000ec500000, 0x00000000ec600000, 0x00000000ec600000|100%| O|  |TAMS 0x00000000ec500000, 0x00000000ec500000| Untracked 
| 454|0x00000000ec600000, 0x00000000ec700000, 0x00000000ec700000|100%| O|  |TAMS 0x00000000ec600000, 0x00000000ec600000| Untracked 
| 455|0x00000000ec700000, 0x00000000ec800000, 0x00000000ec800000|100%| O|  |TAMS 0x00000000ec700000, 0x00000000ec700000| Untracked 
| 456|0x00000000ec800000, 0x00000000ec900000, 0x00000000ec900000|100%| O|  |TAMS 0x00000000ec800000, 0x00000000ec800000| Untracked 
| 457|0x00000000ec900000, 0x00000000eca00000, 0x00000000eca00000|100%| O|  |TAMS 0x00000000ec900000, 0x00000000ec900000| Untracked 
| 458|0x00000000eca00000, 0x00000000ecb00000, 0x00000000ecb00000|100%| O|  |TAMS 0x00000000eca00000, 0x00000000eca00000| Untracked 
| 459|0x00000000ecb00000, 0x00000000ecc00000, 0x00000000ecc00000|100%| O|  |TAMS 0x00000000ecb00000, 0x00000000ecb00000| Untracked 
| 460|0x00000000ecc00000, 0x00000000ecd00000, 0x00000000ecd00000|100%| O|  |TAMS 0x00000000ecc00000, 0x00000000ecc00000| Untracked 
| 461|0x00000000ecd00000, 0x00000000ece00000, 0x00000000ece00000|100%| O|  |TAMS 0x00000000ecd00000, 0x00000000ecd00000| Untracked 
| 462|0x00000000ece00000, 0x00000000ecf00000, 0x00000000ecf00000|100%| O|  |TAMS 0x00000000ece00000, 0x00000000ece00000| Untracked 
| 463|0x00000000ecf00000, 0x00000000ed000000, 0x00000000ed000000|100%| O|  |TAMS 0x00000000ecf00000, 0x00000000ecf00000| Untracked 
| 464|0x00000000ed000000, 0x00000000ed100000, 0x00000000ed100000|100%| O|  |TAMS 0x00000000ed000000, 0x00000000ed000000| Untracked 
| 465|0x00000000ed100000, 0x00000000ed200000, 0x00000000ed200000|100%| O|  |TAMS 0x00000000ed100000, 0x00000000ed100000| Untracked 
| 466|0x00000000ed200000, 0x00000000ed300000, 0x00000000ed300000|100%| O|  |TAMS 0x00000000ed200000, 0x00000000ed200000| Untracked 
| 467|0x00000000ed300000, 0x00000000ed400000, 0x00000000ed400000|100%| O|  |TAMS 0x00000000ed300000, 0x00000000ed300000| Untracked 
| 468|0x00000000ed400000, 0x00000000ed500000, 0x00000000ed500000|100%| O|  |TAMS 0x00000000ed400000, 0x00000000ed400000| Untracked 
| 469|0x00000000ed500000, 0x00000000ed600000, 0x00000000ed600000|100%| O|  |TAMS 0x00000000ed500000, 0x00000000ed500000| Untracked 
| 470|0x00000000ed600000, 0x00000000ed700000, 0x00000000ed700000|100%| O|  |TAMS 0x00000000ed600000, 0x00000000ed600000| Untracked 
| 471|0x00000000ed700000, 0x00000000ed800000, 0x00000000ed800000|100%| O|  |TAMS 0x00000000ed700000, 0x00000000ed700000| Untracked 
| 472|0x00000000ed800000, 0x00000000ed900000, 0x00000000ed900000|100%| O|  |TAMS 0x00000000ed800000, 0x00000000ed800000| Untracked 
| 473|0x00000000ed900000, 0x00000000eda00000, 0x00000000eda00000|100%| O|  |TAMS 0x00000000ed900000, 0x00000000ed900000| Untracked 
| 474|0x00000000eda00000, 0x00000000edb00000, 0x00000000edb00000|100%| O|  |TAMS 0x00000000eda00000, 0x00000000eda00000| Untracked 
| 475|0x00000000edb00000, 0x00000000edc00000, 0x00000000edc00000|100%| O|  |TAMS 0x00000000edb00000, 0x00000000edb00000| Untracked 
| 476|0x00000000edc00000, 0x00000000edd00000, 0x00000000edd00000|100%| O|  |TAMS 0x00000000edc00000, 0x00000000edc00000| Untracked 
| 477|0x00000000edd00000, 0x00000000ede00000, 0x00000000ede00000|100%| O|  |TAMS 0x00000000edd00000, 0x00000000edd00000| Untracked 
| 478|0x00000000ede00000, 0x00000000edf00000, 0x00000000edf00000|100%| O|  |TAMS 0x00000000ede00000, 0x00000000ede00000| Untracked 
| 479|0x00000000edf00000, 0x00000000ee000000, 0x00000000ee000000|100%| O|  |TAMS 0x00000000edf00000, 0x00000000edf00000| Untracked 
| 480|0x00000000ee000000, 0x00000000ee100000, 0x00000000ee100000|100%| O|  |TAMS 0x00000000ee000000, 0x00000000ee000000| Untracked 
| 481|0x00000000ee100000, 0x00000000ee200000, 0x00000000ee200000|100%| O|  |TAMS 0x00000000ee100000, 0x00000000ee100000| Untracked 
| 482|0x00000000ee200000, 0x00000000ee300000, 0x00000000ee300000|100%| O|  |TAMS 0x00000000ee200000, 0x00000000ee200000| Untracked 
| 483|0x00000000ee300000, 0x00000000ee400000, 0x00000000ee400000|100%| O|  |TAMS 0x00000000ee300000, 0x00000000ee300000| Untracked 
| 484|0x00000000ee400000, 0x00000000ee500000, 0x00000000ee500000|100%| O|  |TAMS 0x00000000ee400000, 0x00000000ee400000| Untracked 
| 485|0x00000000ee500000, 0x00000000ee600000, 0x00000000ee600000|100%| O|  |TAMS 0x00000000ee500000, 0x00000000ee500000| Untracked 
| 486|0x00000000ee600000, 0x00000000ee700000, 0x00000000ee700000|100%| O|  |TAMS 0x00000000ee600000, 0x00000000ee600000| Untracked 
| 487|0x00000000ee700000, 0x00000000ee800000, 0x00000000ee800000|100%| O|  |TAMS 0x00000000ee700000, 0x00000000ee700000| Untracked 
| 488|0x00000000ee800000, 0x00000000ee900000, 0x00000000ee900000|100%| O|  |TAMS 0x00000000ee800000, 0x00000000ee800000| Untracked 
| 489|0x00000000ee900000, 0x00000000eea00000, 0x00000000eea00000|100%| O|  |TAMS 0x00000000ee900000, 0x00000000ee900000| Untracked 
| 490|0x00000000eea00000, 0x00000000eeb00000, 0x00000000eeb00000|100%| O|  |TAMS 0x00000000eea00000, 0x00000000eea00000| Untracked 
| 491|0x00000000eeb00000, 0x00000000eec00000, 0x00000000eec00000|100%| O|  |TAMS 0x00000000eeb00000, 0x00000000eeb00000| Untracked 
| 492|0x00000000eec00000, 0x00000000eed00000, 0x00000000eed00000|100%| O|  |TAMS 0x00000000eec00000, 0x00000000eec00000| Untracked 
| 493|0x00000000eed00000, 0x00000000eee00000, 0x00000000eee00000|100%| O|  |TAMS 0x00000000eed00000, 0x00000000eed00000| Untracked 
| 494|0x00000000eee00000, 0x00000000eef00000, 0x00000000eef00000|100%| O|  |TAMS 0x00000000eee00000, 0x00000000eee00000| Untracked 
| 495|0x00000000eef00000, 0x00000000ef000000, 0x00000000ef000000|100%| O|  |TAMS 0x00000000eef00000, 0x00000000eef00000| Untracked 
| 496|0x00000000ef000000, 0x00000000ef100000, 0x00000000ef100000|100%| O|  |TAMS 0x00000000ef000000, 0x00000000ef000000| Untracked 
| 497|0x00000000ef100000, 0x00000000ef200000, 0x00000000ef200000|100%| O|  |TAMS 0x00000000ef100000, 0x00000000ef100000| Untracked 
| 498|0x00000000ef200000, 0x00000000ef300000, 0x00000000ef300000|100%| O|  |TAMS 0x00000000ef200000, 0x00000000ef200000| Untracked 
| 499|0x00000000ef300000, 0x00000000ef400000, 0x00000000ef400000|100%| O|  |TAMS 0x00000000ef300000, 0x00000000ef300000| Untracked 
| 500|0x00000000ef400000, 0x00000000ef500000, 0x00000000ef500000|100%| O|  |TAMS 0x00000000ef400000, 0x00000000ef400000| Untracked 
| 501|0x00000000ef500000, 0x00000000ef600000, 0x00000000ef600000|100%| O|  |TAMS 0x00000000ef500000, 0x00000000ef500000| Untracked 
| 502|0x00000000ef600000, 0x00000000ef700000, 0x00000000ef700000|100%| O|  |TAMS 0x00000000ef600000, 0x00000000ef600000| Untracked 
| 503|0x00000000ef700000, 0x00000000ef800000, 0x00000000ef800000|100%| O|  |TAMS 0x00000000ef700000, 0x00000000ef700000| Untracked 
| 504|0x00000000ef800000, 0x00000000ef900000, 0x00000000ef900000|100%| O|  |TAMS 0x00000000ef800000, 0x00000000ef800000| Untracked 
| 505|0x00000000ef900000, 0x00000000efa00000, 0x00000000efa00000|100%| O|  |TAMS 0x00000000ef900000, 0x00000000ef900000| Untracked 
| 506|0x00000000efa00000, 0x00000000efb00000, 0x00000000efb00000|100%| O|  |TAMS 0x00000000efa00000, 0x00000000efa00000| Untracked 
| 507|0x00000000efb00000, 0x00000000efc00000, 0x00000000efc00000|100%| O|  |TAMS 0x00000000efb00000, 0x00000000efb00000| Untracked 
| 508|0x00000000efc00000, 0x00000000efd00000, 0x00000000efd00000|100%| O|  |TAMS 0x00000000efc00000, 0x00000000efc00000| Untracked 
| 509|0x00000000efd00000, 0x00000000efe00000, 0x00000000efe00000|100%| O|  |TAMS 0x00000000efd00000, 0x00000000efd00000| Untracked 
| 510|0x00000000efe00000, 0x00000000eff00000, 0x00000000eff00000|100%| O|  |TAMS 0x00000000efe00000, 0x00000000efe00000| Untracked 
| 511|0x00000000eff00000, 0x00000000f0000000, 0x00000000f0000000|100%| O|  |TAMS 0x00000000eff00000, 0x00000000eff00000| Untracked 
| 512|0x00000000f0000000, 0x00000000f0100000, 0x00000000f0100000|100%| O|  |TAMS 0x00000000f0000000, 0x00000000f0000000| Untracked 
| 513|0x00000000f0100000, 0x00000000f0200000, 0x00000000f0200000|100%| O|  |TAMS 0x00000000f0100000, 0x00000000f0100000| Untracked 
| 514|0x00000000f0200000, 0x00000000f0300000, 0x00000000f0300000|100%| O|  |TAMS 0x00000000f0200000, 0x00000000f0200000| Untracked 
| 515|0x00000000f0300000, 0x00000000f0400000, 0x00000000f0400000|100%| O|  |TAMS 0x00000000f0300000, 0x00000000f0300000| Untracked 
| 516|0x00000000f0400000, 0x00000000f0500000, 0x00000000f0500000|100%| O|  |TAMS 0x00000000f0400000, 0x00000000f0400000| Untracked 
| 517|0x00000000f0500000, 0x00000000f0600000, 0x00000000f0600000|100%| O|  |TAMS 0x00000000f0500000, 0x00000000f0500000| Untracked 
| 518|0x00000000f0600000, 0x00000000f0700000, 0x00000000f0700000|100%| O|  |TAMS 0x00000000f0600000, 0x00000000f0600000| Untracked 
| 519|0x00000000f0700000, 0x00000000f0800000, 0x00000000f0800000|100%| O|  |TAMS 0x00000000f0700000, 0x00000000f0700000| Untracked 
| 520|0x00000000f0800000, 0x00000000f0900000, 0x00000000f0900000|100%| O|  |TAMS 0x00000000f0800000, 0x00000000f0800000| Untracked 
| 521|0x00000000f0900000, 0x00000000f0a00000, 0x00000000f0a00000|100%| O|  |TAMS 0x00000000f0900000, 0x00000000f0900000| Untracked 
| 522|0x00000000f0a00000, 0x00000000f0b00000, 0x00000000f0b00000|100%| O|  |TAMS 0x00000000f0a00000, 0x00000000f0a00000| Untracked 
| 523|0x00000000f0b00000, 0x00000000f0c00000, 0x00000000f0c00000|100%| O|  |TAMS 0x00000000f0b00000, 0x00000000f0b00000| Untracked 
| 524|0x00000000f0c00000, 0x00000000f0d00000, 0x00000000f0d00000|100%| O|  |TAMS 0x00000000f0c00000, 0x00000000f0c00000| Untracked 
| 525|0x00000000f0d00000, 0x00000000f0e00000, 0x00000000f0e00000|100%| O|  |TAMS 0x00000000f0d00000, 0x00000000f0d00000| Untracked 
| 526|0x00000000f0e00000, 0x00000000f0f00000, 0x00000000f0f00000|100%| O|  |TAMS 0x00000000f0e00000, 0x00000000f0e00000| Untracked 
| 527|0x00000000f0f00000, 0x00000000f1000000, 0x00000000f1000000|100%| O|  |TAMS 0x00000000f0f00000, 0x00000000f0f00000| Untracked 
| 528|0x00000000f1000000, 0x00000000f1100000, 0x00000000f1100000|100%| O|  |TAMS 0x00000000f1000000, 0x00000000f1000000| Untracked 
| 529|0x00000000f1100000, 0x00000000f1200000, 0x00000000f1200000|100%| O|  |TAMS 0x00000000f1100000, 0x00000000f1100000| Untracked 
| 530|0x00000000f1200000, 0x00000000f1300000, 0x00000000f1300000|100%| O|  |TAMS 0x00000000f1200000, 0x00000000f1200000| Untracked 
| 531|0x00000000f1300000, 0x00000000f1400000, 0x00000000f1400000|100%| O|  |TAMS 0x00000000f1300000, 0x00000000f1300000| Untracked 
| 532|0x00000000f1400000, 0x00000000f1500000, 0x00000000f1500000|100%| O|  |TAMS 0x00000000f1400000, 0x00000000f1400000| Untracked 
| 533|0x00000000f1500000, 0x00000000f1600000, 0x00000000f1600000|100%| O|  |TAMS 0x00000000f1500000, 0x00000000f1500000| Untracked 
| 534|0x00000000f1600000, 0x00000000f1700000, 0x00000000f1700000|100%| O|  |TAMS 0x00000000f1600000, 0x00000000f1600000| Untracked 
| 535|0x00000000f1700000, 0x00000000f1800000, 0x00000000f1800000|100%| O|  |TAMS 0x00000000f1700000, 0x00000000f1700000| Untracked 
| 536|0x00000000f1800000, 0x00000000f1900000, 0x00000000f1900000|100%| O|  |TAMS 0x00000000f1800000, 0x00000000f1800000| Untracked 
| 537|0x00000000f1900000, 0x00000000f1a00000, 0x00000000f1a00000|100%| O|  |TAMS 0x00000000f1900000, 0x00000000f1900000| Untracked 
| 538|0x00000000f1a00000, 0x00000000f1b00000, 0x00000000f1b00000|100%| O|  |TAMS 0x00000000f1a00000, 0x00000000f1a00000| Untracked 
| 539|0x00000000f1b00000, 0x00000000f1c00000, 0x00000000f1c00000|100%| O|  |TAMS 0x00000000f1b00000, 0x00000000f1b00000| Untracked 
| 540|0x00000000f1c00000, 0x00000000f1d00000, 0x00000000f1d00000|100%| O|  |TAMS 0x00000000f1c00000, 0x00000000f1c00000| Untracked 
| 541|0x00000000f1d00000, 0x00000000f1e00000, 0x00000000f1e00000|100%| O|  |TAMS 0x00000000f1d00000, 0x00000000f1d00000| Untracked 
| 542|0x00000000f1e00000, 0x00000000f1f00000, 0x00000000f1f00000|100%| O|  |TAMS 0x00000000f1e00000, 0x00000000f1e00000| Untracked 
| 543|0x00000000f1f00000, 0x00000000f2000000, 0x00000000f2000000|100%| O|  |TAMS 0x00000000f1f00000, 0x00000000f1f00000| Untracked 
| 544|0x00000000f2000000, 0x00000000f2100000, 0x00000000f2100000|100%| O|  |TAMS 0x00000000f2000000, 0x00000000f2000000| Untracked 
| 545|0x00000000f2100000, 0x00000000f2200000, 0x00000000f2200000|100%| O|  |TAMS 0x00000000f2100000, 0x00000000f2100000| Untracked 
| 546|0x00000000f2200000, 0x00000000f2300000, 0x00000000f2300000|100%| O|  |TAMS 0x00000000f2200000, 0x00000000f2200000| Untracked 
| 547|0x00000000f2300000, 0x00000000f2400000, 0x00000000f2400000|100%| O|  |TAMS 0x00000000f2300000, 0x00000000f2300000| Untracked 
| 548|0x00000000f2400000, 0x00000000f2500000, 0x00000000f2500000|100%| O|  |TAMS 0x00000000f2400000, 0x00000000f2400000| Untracked 
| 549|0x00000000f2500000, 0x00000000f2600000, 0x00000000f2600000|100%| O|  |TAMS 0x00000000f2500000, 0x00000000f2500000| Untracked 
| 550|0x00000000f2600000, 0x00000000f2700000, 0x00000000f2700000|100%| O|  |TAMS 0x00000000f2600000, 0x00000000f2600000| Untracked 
| 551|0x00000000f2700000, 0x00000000f2800000, 0x00000000f2800000|100%| O|  |TAMS 0x00000000f2700000, 0x00000000f2700000| Untracked 
| 552|0x00000000f2800000, 0x00000000f2900000, 0x00000000f2900000|100%| O|  |TAMS 0x00000000f2800000, 0x00000000f2800000| Untracked 
| 553|0x00000000f2900000, 0x00000000f2a00000, 0x00000000f2a00000|100%| O|  |TAMS 0x00000000f2900000, 0x00000000f2900000| Untracked 
| 554|0x00000000f2a00000, 0x00000000f2b00000, 0x00000000f2b00000|100%| O|  |TAMS 0x00000000f2a00000, 0x00000000f2a00000| Untracked 
| 555|0x00000000f2b00000, 0x00000000f2c00000, 0x00000000f2c00000|100%| O|  |TAMS 0x00000000f2b00000, 0x00000000f2b00000| Untracked 
| 556|0x00000000f2c00000, 0x00000000f2d00000, 0x00000000f2d00000|100%| O|  |TAMS 0x00000000f2c00000, 0x00000000f2c00000| Untracked 
| 557|0x00000000f2d00000, 0x00000000f2e00000, 0x00000000f2e00000|100%| O|  |TAMS 0x00000000f2d00000, 0x00000000f2d00000| Untracked 
| 558|0x00000000f2e00000, 0x00000000f2f00000, 0x00000000f2f00000|100%| O|  |TAMS 0x00000000f2e00000, 0x00000000f2e00000| Untracked 
| 559|0x00000000f2f00000, 0x00000000f3000000, 0x00000000f3000000|100%| O|  |TAMS 0x00000000f2f00000, 0x00000000f2f00000| Untracked 
| 560|0x00000000f3000000, 0x00000000f3100000, 0x00000000f3100000|100%| O|  |TAMS 0x00000000f3000000, 0x00000000f3000000| Untracked 
| 561|0x00000000f3100000, 0x00000000f3200000, 0x00000000f3200000|100%| O|  |TAMS 0x00000000f3100000, 0x00000000f3100000| Untracked 
| 562|0x00000000f3200000, 0x00000000f3300000, 0x00000000f3300000|100%| O|  |TAMS 0x00000000f3200000, 0x00000000f3200000| Untracked 
| 563|0x00000000f3300000, 0x00000000f3400000, 0x00000000f3400000|100%| O|  |TAMS 0x00000000f3300000, 0x00000000f3300000| Untracked 
| 564|0x00000000f3400000, 0x00000000f3500000, 0x00000000f3500000|100%| O|  |TAMS 0x00000000f3400000, 0x00000000f3400000| Untracked 
| 565|0x00000000f3500000, 0x00000000f3600000, 0x00000000f3600000|100%| O|  |TAMS 0x00000000f3500000, 0x00000000f3500000| Untracked 
| 566|0x00000000f3600000, 0x00000000f3700000, 0x00000000f3700000|100%| O|  |TAMS 0x00000000f3600000, 0x00000000f3600000| Untracked 
| 567|0x00000000f3700000, 0x00000000f3800000, 0x00000000f3800000|100%| O|  |TAMS 0x00000000f3700000, 0x00000000f3700000| Untracked 
| 568|0x00000000f3800000, 0x00000000f3900000, 0x00000000f3900000|100%| O|  |TAMS 0x00000000f3800000, 0x00000000f3800000| Untracked 
| 569|0x00000000f3900000, 0x00000000f3a00000, 0x00000000f3a00000|100%| O|  |TAMS 0x00000000f3900000, 0x00000000f3900000| Untracked 
| 570|0x00000000f3a00000, 0x00000000f3b00000, 0x00000000f3b00000|100%| O|  |TAMS 0x00000000f3a00000, 0x00000000f3a00000| Untracked 
| 571|0x00000000f3b00000, 0x00000000f3c00000, 0x00000000f3c00000|100%| O|  |TAMS 0x00000000f3b00000, 0x00000000f3b00000| Untracked 
| 572|0x00000000f3c00000, 0x00000000f3d00000, 0x00000000f3d00000|100%| O|  |TAMS 0x00000000f3c00000, 0x00000000f3c00000| Untracked 
| 573|0x00000000f3d00000, 0x00000000f3e00000, 0x00000000f3e00000|100%| O|  |TAMS 0x00000000f3d00000, 0x00000000f3d00000| Untracked 
| 574|0x00000000f3e00000, 0x00000000f3f00000, 0x00000000f3f00000|100%| O|  |TAMS 0x00000000f3e00000, 0x00000000f3e00000| Untracked 
| 575|0x00000000f3f00000, 0x00000000f3f3be00, 0x00000000f4000000| 23%| O|  |TAMS 0x00000000f3f00000, 0x00000000f3f00000| Untracked 
| 576|0x00000000f4000000, 0x00000000f4000000, 0x00000000f4100000|  0%| F|  |TAMS 0x00000000f4000000, 0x00000000f4000000| Untracked 
| 577|0x00000000f4100000, 0x00000000f4100000, 0x00000000f4200000|  0%| F|  |TAMS 0x00000000f4100000, 0x00000000f4100000| Untracked 
| 578|0x00000000f4200000, 0x00000000f4200000, 0x00000000f4300000|  0%| F|  |TAMS 0x00000000f4200000, 0x00000000f4200000| Untracked 
| 579|0x00000000f4300000, 0x00000000f4300000, 0x00000000f4400000|  0%| F|  |TAMS 0x00000000f4300000, 0x00000000f4300000| Untracked 
| 580|0x00000000f4400000, 0x00000000f4400000, 0x00000000f4500000|  0%| F|  |TAMS 0x00000000f4400000, 0x00000000f4400000| Untracked 
| 581|0x00000000f4500000, 0x00000000f4500000, 0x00000000f4600000|  0%| F|  |TAMS 0x00000000f4500000, 0x00000000f4500000| Untracked 
| 582|0x00000000f4600000, 0x00000000f4600000, 0x00000000f4700000|  0%| F|  |TAMS 0x00000000f4600000, 0x00000000f4600000| Untracked 
| 583|0x00000000f4700000, 0x00000000f4700000, 0x00000000f4800000|  0%| F|  |TAMS 0x00000000f4700000, 0x00000000f4700000| Untracked 
| 584|0x00000000f4800000, 0x00000000f4800000, 0x00000000f4900000|  0%| F|  |TAMS 0x00000000f4800000, 0x00000000f4800000| Untracked 
| 585|0x00000000f4900000, 0x00000000f4900000, 0x00000000f4a00000|  0%| F|  |TAMS 0x00000000f4900000, 0x00000000f4900000| Untracked 
| 586|0x00000000f4a00000, 0x00000000f4a00000, 0x00000000f4b00000|  0%| F|  |TAMS 0x00000000f4a00000, 0x00000000f4a00000| Untracked 
| 587|0x00000000f4b00000, 0x00000000f4b00000, 0x00000000f4c00000|  0%| F|  |TAMS 0x00000000f4b00000, 0x00000000f4b00000| Untracked 
| 588|0x00000000f4c00000, 0x00000000f4c00000, 0x00000000f4d00000|  0%| F|  |TAMS 0x00000000f4c00000, 0x00000000f4c00000| Untracked 
| 589|0x00000000f4d00000, 0x00000000f4d00000, 0x00000000f4e00000|  0%| F|  |TAMS 0x00000000f4d00000, 0x00000000f4d00000| Untracked 
| 590|0x00000000f4e00000, 0x00000000f4e00000, 0x00000000f4f00000|  0%| F|  |TAMS 0x00000000f4e00000, 0x00000000f4e00000| Untracked 
| 591|0x00000000f4f00000, 0x00000000f4f00000, 0x00000000f5000000|  0%| F|  |TAMS 0x00000000f4f00000, 0x00000000f4f00000| Untracked 
| 592|0x00000000f5000000, 0x00000000f5000000, 0x00000000f5100000|  0%| F|  |TAMS 0x00000000f5000000, 0x00000000f5000000| Untracked 
| 593|0x00000000f5100000, 0x00000000f5100000, 0x00000000f5200000|  0%| F|  |TAMS 0x00000000f5100000, 0x00000000f5100000| Untracked 
| 594|0x00000000f5200000, 0x00000000f5200000, 0x00000000f5300000|  0%| F|  |TAMS 0x00000000f5200000, 0x00000000f5200000| Untracked 
| 595|0x00000000f5300000, 0x00000000f5300000, 0x00000000f5400000|  0%| F|  |TAMS 0x00000000f5300000, 0x00000000f5300000| Untracked 
| 596|0x00000000f5400000, 0x00000000f5400000, 0x00000000f5500000|  0%| F|  |TAMS 0x00000000f5400000, 0x00000000f5400000| Untracked 
| 597|0x00000000f5500000, 0x00000000f5500000, 0x00000000f5600000|  0%| F|  |TAMS 0x00000000f5500000, 0x00000000f5500000| Untracked 
| 598|0x00000000f5600000, 0x00000000f5600000, 0x00000000f5700000|  0%| F|  |TAMS 0x00000000f5600000, 0x00000000f5600000| Untracked 
| 599|0x00000000f5700000, 0x00000000f5700000, 0x00000000f5800000|  0%| F|  |TAMS 0x00000000f5700000, 0x00000000f5700000| Untracked 
| 600|0x00000000f5800000, 0x00000000f5800000, 0x00000000f5900000|  0%| F|  |TAMS 0x00000000f5800000, 0x00000000f5800000| Untracked 
| 601|0x00000000f5900000, 0x00000000f5900000, 0x00000000f5a00000|  0%| F|  |TAMS 0x00000000f5900000, 0x00000000f5900000| Untracked 
| 602|0x00000000f5a00000, 0x00000000f5a00000, 0x00000000f5b00000|  0%| F|  |TAMS 0x00000000f5a00000, 0x00000000f5a00000| Untracked 
| 603|0x00000000f5b00000, 0x00000000f5b00000, 0x00000000f5c00000|  0%| F|  |TAMS 0x00000000f5b00000, 0x00000000f5b00000| Untracked 
| 604|0x00000000f5c00000, 0x00000000f5c00000, 0x00000000f5d00000|  0%| F|  |TAMS 0x00000000f5c00000, 0x00000000f5c00000| Untracked 
| 605|0x00000000f5d00000, 0x00000000f5d00000, 0x00000000f5e00000|  0%| F|  |TAMS 0x00000000f5d00000, 0x00000000f5d00000| Untracked 
| 606|0x00000000f5e00000, 0x00000000f5e00000, 0x00000000f5f00000|  0%| F|  |TAMS 0x00000000f5e00000, 0x00000000f5e00000| Untracked 
| 607|0x00000000f5f00000, 0x00000000f5f00000, 0x00000000f6000000|  0%| F|  |TAMS 0x00000000f5f00000, 0x00000000f5f00000| Untracked 
| 608|0x00000000f6000000, 0x00000000f6000000, 0x00000000f6100000|  0%| F|  |TAMS 0x00000000f6000000, 0x00000000f6000000| Untracked 
| 609|0x00000000f6100000, 0x00000000f6100000, 0x00000000f6200000|  0%| F|  |TAMS 0x00000000f6100000, 0x00000000f6100000| Untracked 
| 610|0x00000000f6200000, 0x00000000f6200000, 0x00000000f6300000|  0%| F|  |TAMS 0x00000000f6200000, 0x00000000f6200000| Untracked 
| 611|0x00000000f6300000, 0x00000000f6300000, 0x00000000f6400000|  0%| F|  |TAMS 0x00000000f6300000, 0x00000000f6300000| Untracked 
| 612|0x00000000f6400000, 0x00000000f6400000, 0x00000000f6500000|  0%| F|  |TAMS 0x00000000f6400000, 0x00000000f6400000| Untracked 
| 613|0x00000000f6500000, 0x00000000f6500000, 0x00000000f6600000|  0%| F|  |TAMS 0x00000000f6500000, 0x00000000f6500000| Untracked 
| 614|0x00000000f6600000, 0x00000000f6600000, 0x00000000f6700000|  0%| F|  |TAMS 0x00000000f6600000, 0x00000000f6600000| Untracked 
| 615|0x00000000f6700000, 0x00000000f6700000, 0x00000000f6800000|  0%| F|  |TAMS 0x00000000f6700000, 0x00000000f6700000| Untracked 
| 616|0x00000000f6800000, 0x00000000f6800000, 0x00000000f6900000|  0%| F|  |TAMS 0x00000000f6800000, 0x00000000f6800000| Untracked 
| 617|0x00000000f6900000, 0x00000000f6900000, 0x00000000f6a00000|  0%| F|  |TAMS 0x00000000f6900000, 0x00000000f6900000| Untracked 
| 618|0x00000000f6a00000, 0x00000000f6a00000, 0x00000000f6b00000|  0%| F|  |TAMS 0x00000000f6a00000, 0x00000000f6a00000| Untracked 
| 619|0x00000000f6b00000, 0x00000000f6b00000, 0x00000000f6c00000|  0%| F|  |TAMS 0x00000000f6b00000, 0x00000000f6b00000| Untracked 
| 620|0x00000000f6c00000, 0x00000000f6c00000, 0x00000000f6d00000|  0%| F|  |TAMS 0x00000000f6c00000, 0x00000000f6c00000| Untracked 
| 621|0x00000000f6d00000, 0x00000000f6d00000, 0x00000000f6e00000|  0%| F|  |TAMS 0x00000000f6d00000, 0x00000000f6d00000| Untracked 
| 622|0x00000000f6e00000, 0x00000000f6e00000, 0x00000000f6f00000|  0%| F|  |TAMS 0x00000000f6e00000, 0x00000000f6e00000| Untracked 
| 623|0x00000000f6f00000, 0x00000000f6f00000, 0x00000000f7000000|  0%| F|  |TAMS 0x00000000f6f00000, 0x00000000f6f00000| Untracked 
| 624|0x00000000f7000000, 0x00000000f7000000, 0x00000000f7100000|  0%| F|  |TAMS 0x00000000f7000000, 0x00000000f7000000| Untracked 
| 625|0x00000000f7100000, 0x00000000f7100000, 0x00000000f7200000|  0%| F|  |TAMS 0x00000000f7100000, 0x00000000f7100000| Untracked 
| 626|0x00000000f7200000, 0x00000000f7200000, 0x00000000f7300000|  0%| F|  |TAMS 0x00000000f7200000, 0x00000000f7200000| Untracked 
| 627|0x00000000f7300000, 0x00000000f7300000, 0x00000000f7400000|  0%| F|  |TAMS 0x00000000f7300000, 0x00000000f7300000| Untracked 
| 628|0x00000000f7400000, 0x00000000f7400000, 0x00000000f7500000|  0%| F|  |TAMS 0x00000000f7400000, 0x00000000f7400000| Untracked 
| 629|0x00000000f7500000, 0x00000000f7500000, 0x00000000f7600000|  0%| F|  |TAMS 0x00000000f7500000, 0x00000000f7500000| Untracked 
| 630|0x00000000f7600000, 0x00000000f7600000, 0x00000000f7700000|  0%| F|  |TAMS 0x00000000f7600000, 0x00000000f7600000| Untracked 
| 631|0x00000000f7700000, 0x00000000f7700000, 0x00000000f7800000|  0%| F|  |TAMS 0x00000000f7700000, 0x00000000f7700000| Untracked 
| 632|0x00000000f7800000, 0x00000000f7800000, 0x00000000f7900000|  0%| F|  |TAMS 0x00000000f7800000, 0x00000000f7800000| Untracked 
| 633|0x00000000f7900000, 0x00000000f7900000, 0x00000000f7a00000|  0%| F|  |TAMS 0x00000000f7900000, 0x00000000f7900000| Untracked 
| 634|0x00000000f7a00000, 0x00000000f7a00000, 0x00000000f7b00000|  0%| F|  |TAMS 0x00000000f7a00000, 0x00000000f7a00000| Untracked 
| 635|0x00000000f7b00000, 0x00000000f7b00000, 0x00000000f7c00000|  0%| F|  |TAMS 0x00000000f7b00000, 0x00000000f7b00000| Untracked 
| 636|0x00000000f7c00000, 0x00000000f7c00000, 0x00000000f7d00000|  0%| F|  |TAMS 0x00000000f7c00000, 0x00000000f7c00000| Untracked 
| 637|0x00000000f7d00000, 0x00000000f7d00000, 0x00000000f7e00000|  0%| F|  |TAMS 0x00000000f7d00000, 0x00000000f7d00000| Untracked 
| 638|0x00000000f7e00000, 0x00000000f7e00000, 0x00000000f7f00000|  0%| F|  |TAMS 0x00000000f7e00000, 0x00000000f7e00000| Untracked 
| 639|0x00000000f7f00000, 0x00000000f7f00000, 0x00000000f8000000|  0%| F|  |TAMS 0x00000000f7f00000, 0x00000000f7f00000| Untracked 
| 640|0x00000000f8000000, 0x00000000f8000000, 0x00000000f8100000|  0%| F|  |TAMS 0x00000000f8000000, 0x00000000f8000000| Untracked 
| 641|0x00000000f8100000, 0x00000000f81aae20, 0x00000000f8200000| 66%| S|CS|TAMS 0x00000000f8100000, 0x00000000f8100000| Complete 
| 642|0x00000000f8200000, 0x00000000f8200000, 0x00000000f8300000|  0%| F|  |TAMS 0x00000000f8200000, 0x00000000f8200000| Untracked 
| 643|0x00000000f8300000, 0x00000000f8400000, 0x00000000f8400000|100%| S|CS|TAMS 0x00000000f8300000, 0x00000000f8300000| Complete 
| 644|0x00000000f8400000, 0x00000000f8500000, 0x00000000f8500000|100%| S|CS|TAMS 0x00000000f8400000, 0x00000000f8400000| Complete 
| 645|0x00000000f8500000, 0x00000000f8600000, 0x00000000f8600000|100%| S|CS|TAMS 0x00000000f8500000, 0x00000000f8500000| Complete 
| 646|0x00000000f8600000, 0x00000000f8700000, 0x00000000f8700000|100%| S|CS|TAMS 0x00000000f8600000, 0x00000000f8600000| Complete 
| 647|0x00000000f8700000, 0x00000000f8700000, 0x00000000f8800000|  0%| F|  |TAMS 0x00000000f8700000, 0x00000000f8700000| Untracked 
| 648|0x00000000f8800000, 0x00000000f8800000, 0x00000000f8900000|  0%| F|  |TAMS 0x00000000f8800000, 0x00000000f8800000| Untracked 
| 649|0x00000000f8900000, 0x00000000f8900000, 0x00000000f8a00000|  0%| F|  |TAMS 0x00000000f8900000, 0x00000000f8900000| Untracked 
| 650|0x00000000f8a00000, 0x00000000f8a00000, 0x00000000f8b00000|  0%| F|  |TAMS 0x00000000f8a00000, 0x00000000f8a00000| Untracked 
| 651|0x00000000f8b00000, 0x00000000f8c00000, 0x00000000f8c00000|100%| E|CS|TAMS 0x00000000f8b00000, 0x00000000f8b00000| Complete 
| 652|0x00000000f8c00000, 0x00000000f8d00000, 0x00000000f8d00000|100%| E|CS|TAMS 0x00000000f8c00000, 0x00000000f8c00000| Complete 
| 653|0x00000000f8d00000, 0x00000000f8e00000, 0x00000000f8e00000|100%| E|CS|TAMS 0x00000000f8d00000, 0x00000000f8d00000| Complete 
| 654|0x00000000f8e00000, 0x00000000f8f00000, 0x00000000f8f00000|100%| E|CS|TAMS 0x00000000f8e00000, 0x00000000f8e00000| Complete 
| 655|0x00000000f8f00000, 0x00000000f9000000, 0x00000000f9000000|100%| E|CS|TAMS 0x00000000f8f00000, 0x00000000f8f00000| Complete 
| 656|0x00000000f9000000, 0x00000000f9100000, 0x00000000f9100000|100%| E|CS|TAMS 0x00000000f9000000, 0x00000000f9000000| Complete 
| 657|0x00000000f9100000, 0x00000000f9200000, 0x00000000f9200000|100%| E|CS|TAMS 0x00000000f9100000, 0x00000000f9100000| Complete 
| 658|0x00000000f9200000, 0x00000000f9300000, 0x00000000f9300000|100%| E|CS|TAMS 0x00000000f9200000, 0x00000000f9200000| Complete 
| 659|0x00000000f9300000, 0x00000000f9400000, 0x00000000f9400000|100%| E|CS|TAMS 0x00000000f9300000, 0x00000000f9300000| Complete 
| 660|0x00000000f9400000, 0x00000000f9500000, 0x00000000f9500000|100%| E|CS|TAMS 0x00000000f9400000, 0x00000000f9400000| Complete 
| 661|0x00000000f9500000, 0x00000000f9600000, 0x00000000f9600000|100%| E|CS|TAMS 0x00000000f9500000, 0x00000000f9500000| Complete 
| 662|0x00000000f9600000, 0x00000000f9700000, 0x00000000f9700000|100%| E|CS|TAMS 0x00000000f9600000, 0x00000000f9600000| Complete 
| 663|0x00000000f9700000, 0x00000000f9800000, 0x00000000f9800000|100%| E|CS|TAMS 0x00000000f9700000, 0x00000000f9700000| Complete 
| 664|0x00000000f9800000, 0x00000000f9900000, 0x00000000f9900000|100%| E|CS|TAMS 0x00000000f9800000, 0x00000000f9800000| Complete 
| 665|0x00000000f9900000, 0x00000000f9a00000, 0x00000000f9a00000|100%| E|CS|TAMS 0x00000000f9900000, 0x00000000f9900000| Complete 
| 666|0x00000000f9a00000, 0x00000000f9b00000, 0x00000000f9b00000|100%| E|CS|TAMS 0x00000000f9a00000, 0x00000000f9a00000| Complete 
| 667|0x00000000f9b00000, 0x00000000f9c00000, 0x00000000f9c00000|100%| E|CS|TAMS 0x00000000f9b00000, 0x00000000f9b00000| Complete 
| 668|0x00000000f9c00000, 0x00000000f9d00000, 0x00000000f9d00000|100%| E|CS|TAMS 0x00000000f9c00000, 0x00000000f9c00000| Complete 
| 669|0x00000000f9d00000, 0x00000000f9e00000, 0x00000000f9e00000|100%| E|CS|TAMS 0x00000000f9d00000, 0x00000000f9d00000| Complete 
| 670|0x00000000f9e00000, 0x00000000f9f00000, 0x00000000f9f00000|100%| E|CS|TAMS 0x00000000f9e00000, 0x00000000f9e00000| Complete 
| 671|0x00000000f9f00000, 0x00000000fa000000, 0x00000000fa000000|100%| E|CS|TAMS 0x00000000f9f00000, 0x00000000f9f00000| Complete 
| 672|0x00000000fa000000, 0x00000000fa100000, 0x00000000fa100000|100%| E|CS|TAMS 0x00000000fa000000, 0x00000000fa000000| Complete 
| 673|0x00000000fa100000, 0x00000000fa200000, 0x00000000fa200000|100%| E|CS|TAMS 0x00000000fa100000, 0x00000000fa100000| Complete 
| 674|0x00000000fa200000, 0x00000000fa300000, 0x00000000fa300000|100%| E|CS|TAMS 0x00000000fa200000, 0x00000000fa200000| Complete 
| 675|0x00000000fa300000, 0x00000000fa400000, 0x00000000fa400000|100%| E|CS|TAMS 0x00000000fa300000, 0x00000000fa300000| Complete 
| 676|0x00000000fa400000, 0x00000000fa500000, 0x00000000fa500000|100%| E|CS|TAMS 0x00000000fa400000, 0x00000000fa400000| Complete 
| 677|0x00000000fa500000, 0x00000000fa600000, 0x00000000fa600000|100%| E|CS|TAMS 0x00000000fa500000, 0x00000000fa500000| Complete 
| 678|0x00000000fa600000, 0x00000000fa700000, 0x00000000fa700000|100%| E|CS|TAMS 0x00000000fa600000, 0x00000000fa600000| Complete 
| 679|0x00000000fa700000, 0x00000000fa800000, 0x00000000fa800000|100%| E|CS|TAMS 0x00000000fa700000, 0x00000000fa700000| Complete 
| 766|0x00000000ffe00000, 0x00000000fff00000, 0x00000000fff00000|100%| O|  |TAMS 0x00000000fff00000, 0x00000000ffe00000| Untracked 
| 767|0x00000000fff00000, 0x0000000100000000, 0x0000000100000000|100%| O|  |TAMS 0x0000000100000000, 0x00000000fff00000| Untracked 

Card table byte_map: [0x0000019bf7890000,0x0000019bf7a10000] _byte_map_base: 0x0000019bf7210000

Marking Bits (Prev, Next): (CMBitMap*) 0x0000019bedd5da20, (CMBitMap*) 0x0000019bedd5da60
 Prev Bits: [0x0000019bf7b90000, 0x0000019bf8790000)
 Next Bits: [0x0000019bf8790000, 0x0000019bf9390000)

Polling page: 0x0000019beb8c0000

Metaspace:

Usage:
  Non-class:    101.07 MB used.
      Class:     16.09 MB used.
       Both:    117.16 MB used.

Virtual space:
  Non-class space:      128.00 MB reserved,     102.19 MB ( 80%) committed,  2 nodes.
      Class space:        1.00 GB reserved,      17.38 MB (  2%) committed,  1 nodes.
             Both:        1.13 GB reserved,     119.56 MB ( 10%) committed. 

Chunk freelists:
   Non-Class:  1.00 MB
       Class:  2.58 MB
        Both:  3.58 MB

MaxMetaspaceSize: unlimited
CompressedClassSpaceSize: 1.00 GB
Initial GC threshold: 21.00 MB
Current GC threshold: 192.00 MB
CDS: on
MetaspaceReclaimPolicy: balanced
 - commit_granule_bytes: 65536.
 - commit_granule_words: 8192.
 - virtual_space_node_default_size: 8388608.
 - enlarge_chunks_in_place: 1.
 - new_chunks_are_fully_committed: 0.
 - uncommit_free_chunks: 1.
 - use_allocation_guard: 0.


Internal statistics:

num_allocs_failed_limit: 6.
num_arena_births: 4824.
num_arena_deaths: 8.
num_vsnodes_births: 3.
num_vsnodes_deaths: 0.
num_space_committed: 1912.
num_space_uncommitted: 0.
num_chunks_returned_to_freelist: 16.
num_chunks_taken_from_freelist: 10420.
num_chunk_merges: 6.
num_chunk_splits: 6825.
num_chunks_enlarged: 4305.
num_inconsistent_stats: 0.

CodeHeap 'non-profiled nmethods': size=119168Kb used=9303Kb max_used=9303Kb free=109864Kb
 bounds [0x0000019b87ba0000, 0x0000019b884c0000, 0x0000019b8f000000]
CodeHeap 'profiled nmethods': size=119104Kb used=31536Kb max_used=31536Kb free=87567Kb
 bounds [0x0000019b80750000, 0x0000019b82620000, 0x0000019b87ba0000]
CodeHeap 'non-nmethods': size=7488Kb used=3456Kb max_used=3539Kb free=4031Kb
 bounds [0x0000019b80000000, 0x0000019b80390000, 0x0000019b80750000]
 total_blobs=16134 nmethods=15283 adapters=758
 compilation: enabled
              stopped_count=0, restarted_count=0
 full_count=0

Compilation events (20 events):
Event: 17.675 Thread 0x0000019bfbde1590 18473       2       com.android.tools.r8.graph.y::d (26 bytes)
Event: 17.675 Thread 0x0000019bfc650410 nmethod 18472 0x0000019b825ebc10 code [0x0000019b825ebda0, 0x0000019b825ebef8]
Event: 17.675 Thread 0x0000019bfc650410 18474       2       com.android.tools.r8.internal.pU::a (86 bytes)
Event: 17.676 Thread 0x0000019bfbde1590 nmethod 18473 0x0000019b825ebf90 code [0x0000019b825ec120, 0x0000019b825ec268]
Event: 17.676 Thread 0x0000019bfbde1590 18475       2       com.android.tools.r8.internal.hA::b (78 bytes)
Event: 17.676 Thread 0x0000019bfc606df0 18476       2       com.android.tools.r8.internal.iu::c (1646 bytes)
Event: 17.677 Thread 0x0000019bfbde1590 nmethod 18475 0x0000019b825ec310 code [0x0000019b825ec4a0, 0x0000019b825ec5d8]
Event: 17.677 Thread 0x0000019bfbde1590 18477       2       com.android.tools.r8.internal.eD::<init> (14 bytes)
Event: 17.677 Thread 0x0000019bfc650410 nmethod 18474 0x0000019b825ec690 code [0x0000019b825ec8a0, 0x0000019b825ece48]
Event: 17.677 Thread 0x0000019bfc650410 18478       2       com.android.tools.r8.internal.eD::a (99 bytes)
Event: 17.677 Thread 0x0000019bfbde1590 nmethod 18477 0x0000019b825ed110 code [0x0000019b825ed2c0, 0x0000019b825ed468]
Event: 17.677 Thread 0x0000019bfbde1590 18479       2       com.android.tools.r8.internal.r8::b (5 bytes)
Event: 17.678 Thread 0x0000019bfbde1590 nmethod 18479 0x0000019b825ed590 code [0x0000019b825ed720, 0x0000019b825ed878]
Event: 17.678 Thread 0x0000019bfbde1590 18480       2       com.android.tools.r8.internal.sV::f (5 bytes)
Event: 17.679 Thread 0x0000019bfc650410 nmethod 18478 0x0000019b825ed910 code [0x0000019b825edae0, 0x0000019b825ede38]
Event: 17.679 Thread 0x0000019bfbde1590 nmethod 18480 0x0000019b825ee110 code [0x0000019b825ee2a0, 0x0000019b825ee3f8]
Event: 17.679 Thread 0x0000019bfc650410 18501       3       com.android.tools.r8.internal.CQ::j (1048 bytes)
Event: 17.679 Thread 0x0000019bfbde1590 18481       2       com.android.tools.r8.ir.optimize.b::<init> (26 bytes)
Event: 17.680 Thread 0x0000019bfbde1590 nmethod 18481 0x0000019b825ee490 code [0x0000019b825ee640, 0x0000019b825ee878]
Event: 17.680 Thread 0x0000019bfbde1590 18482       2       com.android.tools.r8.ir.optimize.b::a (406 bytes)

GC Heap History (20 events):
Event: 17.067 GC heap before
{Heap before GC invocations=124 (full 0):
 garbage-first heap   total 689152K, used 583571K [0x00000000d0000000, 0x0000000100000000)
  region size 1024K, 90 young (92160K), 12 survivors (12288K)
 Metaspace       used 119070K, committed 121536K, reserved 1179648K
  class space    used 16413K, committed 17728K, reserved 1048576K
}
Event: 17.074 GC heap after
{Heap after GC invocations=125 (full 0):
 garbage-first heap   total 689152K, used 517120K [0x00000000d0000000, 0x0000000100000000)
  region size 1024K, 12 young (12288K), 12 survivors (12288K)
 Metaspace       used 119070K, committed 121536K, reserved 1179648K
  class space    used 16413K, committed 17728K, reserved 1048576K
}
Event: 17.133 GC heap before
{Heap before GC invocations=125 (full 0):
 garbage-first heap   total 689152K, used 587776K [0x00000000d0000000, 0x0000000100000000)
  region size 1024K, 82 young (83968K), 12 survivors (12288K)
 Metaspace       used 119111K, committed 121600K, reserved 1179648K
  class space    used 16415K, committed 17728K, reserved 1048576K
}
Event: 17.139 GC heap after
{Heap after GC invocations=126 (full 0):
 garbage-first heap   total 689152K, used 527436K [0x00000000d0000000, 0x0000000100000000)
  region size 1024K, 11 young (11264K), 11 survivors (11264K)
 Metaspace       used 119111K, committed 121600K, reserved 1179648K
  class space    used 16415K, committed 17728K, reserved 1048576K
}
Event: 17.204 GC heap before
{Heap before GC invocations=126 (full 0):
 garbage-first heap   total 689152K, used 591948K [0x00000000d0000000, 0x0000000100000000)
  region size 1024K, 74 young (75776K), 11 survivors (11264K)
 Metaspace       used 119303K, committed 121792K, reserved 1179648K
  class space    used 16430K, committed 17792K, reserved 1048576K
}
Event: 17.210 GC heap after
{Heap after GC invocations=127 (full 0):
 garbage-first heap   total 689152K, used 537889K [0x00000000d0000000, 0x0000000100000000)
  region size 1024K, 10 young (10240K), 10 survivors (10240K)
 Metaspace       used 119303K, committed 121792K, reserved 1179648K
  class space    used 16430K, committed 17792K, reserved 1048576K
}
Event: 17.294 GC heap before
{Heap before GC invocations=127 (full 0):
 garbage-first heap   total 689152K, used 595233K [0x00000000d0000000, 0x0000000100000000)
  region size 1024K, 66 young (67584K), 10 survivors (10240K)
 Metaspace       used 119539K, committed 121984K, reserved 1179648K
  class space    used 16460K, committed 17792K, reserved 1048576K
}
Event: 17.300 GC heap after
{Heap after GC invocations=128 (full 0):
 garbage-first heap   total 694272K, used 548864K [0x00000000d0000000, 0x0000000100000000)
  region size 1024K, 9 young (9216K), 9 survivors (9216K)
 Metaspace       used 119539K, committed 121984K, reserved 1179648K
  class space    used 16460K, committed 17792K, reserved 1048576K
}
Event: 17.352 GC heap before
{Heap before GC invocations=128 (full 0):
 garbage-first heap   total 694272K, used 602112K [0x00000000d0000000, 0x0000000100000000)
  region size 1024K, 61 young (62464K), 9 survivors (9216K)
 Metaspace       used 119660K, committed 122112K, reserved 1179648K
  class space    used 16474K, committed 17792K, reserved 1048576K
}
Event: 17.358 GC heap after
{Heap after GC invocations=129 (full 0):
 garbage-first heap   total 694272K, used 558800K [0x00000000d0000000, 0x0000000100000000)
  region size 1024K, 8 young (8192K), 8 survivors (8192K)
 Metaspace       used 119660K, committed 122112K, reserved 1179648K
  class space    used 16474K, committed 17792K, reserved 1048576K
}
Event: 17.411 GC heap before
{Heap before GC invocations=129 (full 0):
 garbage-first heap   total 694272K, used 604880K [0x00000000d0000000, 0x0000000100000000)
  region size 1024K, 53 young (54272K), 8 survivors (8192K)
 Metaspace       used 119731K, committed 122240K, reserved 1179648K
  class space    used 16475K, committed 17792K, reserved 1048576K
}
Event: 17.416 GC heap after
{Heap after GC invocations=130 (full 0):
 garbage-first heap   total 694272K, used 567701K [0x00000000d0000000, 0x0000000100000000)
  region size 1024K, 7 young (7168K), 7 survivors (7168K)
 Metaspace       used 119731K, committed 122240K, reserved 1179648K
  class space    used 16475K, committed 17792K, reserved 1048576K
}
Event: 17.461 GC heap before
{Heap before GC invocations=130 (full 0):
 garbage-first heap   total 694272K, used 606613K [0x00000000d0000000, 0x0000000100000000)
  region size 1024K, 45 young (46080K), 7 survivors (7168K)
 Metaspace       used 119784K, committed 122304K, reserved 1179648K
  class space    used 16476K, committed 17792K, reserved 1048576K
}
Event: 17.465 GC heap after
{Heap after GC invocations=131 (full 0):
 garbage-first heap   total 694272K, used 575319K [0x00000000d0000000, 0x0000000100000000)
  region size 1024K, 6 young (6144K), 6 survivors (6144K)
 Metaspace       used 119784K, committed 122304K, reserved 1179648K
  class space    used 16476K, committed 17792K, reserved 1048576K
}
Event: 17.498 GC heap before
{Heap before GC invocations=131 (full 0):
 garbage-first heap   total 694272K, used 609111K [0x00000000d0000000, 0x0000000100000000)
  region size 1024K, 39 young (39936K), 6 survivors (6144K)
 Metaspace       used 119810K, committed 122304K, reserved 1179648K
  class space    used 16476K, committed 17792K, reserved 1048576K
}
Event: 17.502 GC heap after
{Heap after GC invocations=132 (full 0):
 garbage-first heap   total 694272K, used 581583K [0x00000000d0000000, 0x0000000100000000)
  region size 1024K, 5 young (5120K), 5 survivors (5120K)
 Metaspace       used 119810K, committed 122304K, reserved 1179648K
  class space    used 16476K, committed 17792K, reserved 1048576K
}
Event: 17.529 GC heap before
{Heap before GC invocations=132 (full 0):
 garbage-first heap   total 694272K, used 611279K [0x00000000d0000000, 0x0000000100000000)
  region size 1024K, 34 young (34816K), 5 survivors (5120K)
 Metaspace       used 119844K, committed 122368K, reserved 1179648K
  class space    used 16476K, committed 17792K, reserved 1048576K
}
Event: 17.532 GC heap after
{Heap after GC invocations=133 (full 0):
 garbage-first heap   total 698368K, used 586745K [0x00000000d0000000, 0x0000000100000000)
  region size 1024K, 5 young (5120K), 5 survivors (5120K)
 Metaspace       used 119844K, committed 122368K, reserved 1179648K
  class space    used 16476K, committed 17792K, reserved 1048576K
}
Event: 17.558 GC heap before
{Heap before GC invocations=133 (full 0):
 garbage-first heap   total 698368K, used 616441K [0x00000000d0000000, 0x0000000100000000)
  region size 1024K, 34 young (34816K), 5 survivors (5120K)
 Metaspace       used 119851K, committed 122368K, reserved 1179648K
  class space    used 16476K, committed 17792K, reserved 1048576K
}
Event: 17.664 GC heap after
{Heap after GC invocations=134 (full 0):
 garbage-first heap   total 698368K, used 591345K [0x00000000d0000000, 0x0000000100000000)
  region size 1024K, 5 young (5120K), 5 survivors (5120K)
 Metaspace       used 119851K, committed 122368K, reserved 1179648K
  class space    used 16476K, committed 17792K, reserved 1048576K
}

Deoptimization events (20 events):
Event: 17.373 Thread 0x0000019b9c7aa6f0 Uncommon trap: trap_request=0xffffff45 fr.pc=0x0000019b881b180c relative=0x000000000000016c
Event: 17.373 Thread 0x0000019b9c7aa6f0 Uncommon trap: reason=unstable_if action=reinterpret pc=0x0000019b881b180c method=com.android.tools.r8.graph.I2.a([C)I @ 45 c2
Event: 17.373 Thread 0x0000019b9c7aa6f0 DEOPT PACKING pc=0x0000019b881b180c sp=0x0000008977bf9cb0
Event: 17.373 Thread 0x0000019b9c7aa6f0 DEOPT UNPACKING pc=0x0000019b800523a3 sp=0x0000008977bf9c38 mode 2
Event: 17.405 Thread 0x0000019b9c7aa6f0 Uncommon trap: trap_request=0xffffffde fr.pc=0x0000019b8846d298 relative=0x0000000000000298
Event: 17.405 Thread 0x0000019b9c7aa6f0 Uncommon trap: reason=class_check action=maybe_recompile pc=0x0000019b8846d298 method=com.android.tools.r8.internal.s9.a(ILcom/android/tools/r8/internal/hx;Lcom/android/tools/r8/internal/pE;)V @ 174 c2
Event: 17.405 Thread 0x0000019b9c7aa6f0 DEOPT PACKING pc=0x0000019b8846d298 sp=0x0000008977bf97e0
Event: 17.405 Thread 0x0000019b9c7aa6f0 DEOPT UNPACKING pc=0x0000019b800523a3 sp=0x0000008977bf9760 mode 2
Event: 17.519 Thread 0x0000019b9c7aa6f0 Uncommon trap: trap_request=0xffffff45 fr.pc=0x0000019b884414c0 relative=0x00000000000000a0
Event: 17.519 Thread 0x0000019b9c7aa6f0 Uncommon trap: reason=unstable_if action=reinterpret pc=0x0000019b884414c0 method=com.android.tools.r8.graph.j0.equals(Ljava/lang/Object;)Z @ 40 c2
Event: 17.520 Thread 0x0000019b9c7aa6f0 DEOPT PACKING pc=0x0000019b884414c0 sp=0x0000008977bf9660
Event: 17.520 Thread 0x0000019b9c7aa6f0 DEOPT UNPACKING pc=0x0000019b800523a3 sp=0x0000008977bf95f8 mode 2
Event: 17.538 Thread 0x0000019b9c7a8540 DEOPT PACKING pc=0x0000019b82428474 sp=0x0000008977cf9b90
Event: 17.538 Thread 0x0000019b9c7a8540 DEOPT UNPACKING pc=0x0000019b80052b43 sp=0x0000008977cf9240 mode 0
Event: 17.539 Thread 0x0000019b9c7aa6f0 Uncommon trap: trap_request=0xffffffde fr.pc=0x0000019b8846d298 relative=0x0000000000000298
Event: 17.539 Thread 0x0000019b9c7aa6f0 Uncommon trap: reason=class_check action=maybe_recompile pc=0x0000019b8846d298 method=com.android.tools.r8.internal.s9.a(ILcom/android/tools/r8/internal/hx;Lcom/android/tools/r8/internal/pE;)V @ 174 c2
Event: 17.539 Thread 0x0000019b9c7aa6f0 DEOPT PACKING pc=0x0000019b8846d298 sp=0x0000008977bf97a0
Event: 17.539 Thread 0x0000019b9c7aa6f0 DEOPT UNPACKING pc=0x0000019b800523a3 sp=0x0000008977bf9720 mode 2
Event: 17.679 Thread 0x0000019b9c7aa6f0 DEOPT PACKING pc=0x0000019b8234d08f sp=0x0000008977bf8e90
Event: 17.679 Thread 0x0000019b9c7aa6f0 DEOPT UNPACKING pc=0x0000019b80052b43 sp=0x0000008977bf8490 mode 0

Classes loaded (20 events):
Event: 16.143 Loading class java/util/stream/SortedOps$RefSortingSink
Event: 16.143 Loading class java/util/stream/SortedOps$RefSortingSink done
Event: 16.166 Loading class java/util/SortedSet$1
Event: 16.166 Loading class java/util/SortedSet$1 done
Event: 16.206 Loading class java/util/stream/SliceOps
Event: 16.206 Loading class java/util/stream/SliceOps done
Event: 16.206 Loading class java/util/stream/SliceOps$1
Event: 16.207 Loading class java/util/stream/SliceOps$1 done
Event: 16.207 Loading class java/util/stream/SliceOps$1$1
Event: 16.207 Loading class java/util/stream/SliceOps$1$1 done
Event: 16.218 Loading class java/util/PriorityQueue
Event: 16.218 Loading class java/util/PriorityQueue done
Event: 16.233 Loading class java/util/IdentityHashMap$ValueIterator
Event: 16.233 Loading class java/util/IdentityHashMap$ValueIterator done
Event: 16.380 Loading class java/util/AbstractList$SubList$1
Event: 16.380 Loading class java/util/AbstractList$SubList$1 done
Event: 17.145 Loading class java/util/concurrent/ConcurrentHashMap$TreeNode
Event: 17.146 Loading class java/util/concurrent/ConcurrentHashMap$TreeNode done
Event: 17.146 Loading class java/util/concurrent/ConcurrentHashMap$TreeBin
Event: 17.146 Loading class java/util/concurrent/ConcurrentHashMap$TreeBin done

Classes unloaded (4 events):
Event: 16.069 Thread 0x0000019bfbdab890 Unloading class 0x0000000801c88c00 'java/lang/invoke/LambdaForm$DMH+0x0000000801c88c00'
Event: 16.069 Thread 0x0000019bfbdab890 Unloading class 0x0000000801c88400 'java/lang/invoke/LambdaForm$DMH+0x0000000801c88400'
Event: 16.069 Thread 0x0000019bfbdab890 Unloading class 0x0000000801be0400 'java/lang/invoke/LambdaForm$DMH+0x0000000801be0400'
Event: 16.069 Thread 0x0000019bfbdab890 Unloading class 0x0000000801b01400 'java/lang/invoke/LambdaForm$DMH+0x0000000801b01400'

Classes redefined (0 events):
No events

Internal exceptions (20 events):
Event: 14.945 Thread 0x0000019b9c7a8540 Implicit null exception at 0x0000019b88363988 to 0x0000019b88364fb4
Event: 14.945 Thread 0x0000019b9c7a8540 Implicit null exception at 0x0000019b88359f25 to 0x0000019b8835a038
Event: 14.945 Thread 0x0000019b9c7aa6f0 Implicit null exception at 0x0000019b88359f25 to 0x0000019b8835a038
Event: 14.945 Thread 0x0000019b9c7a8540 Implicit null exception at 0x0000019b88359f25 to 0x0000019b8835a038
Event: 14.945 Thread 0x0000019b9c7aa6f0 Implicit null exception at 0x0000019b88359f25 to 0x0000019b8835a038
Event: 15.069 Thread 0x0000019b9bcb27c0 Exception <a 'sun/nio/fs/WindowsException'{0x00000000e3fb2de8}> (0x00000000e3fb2de8) 
thrown [s\src\hotspot\share\prims\jni.cpp, line 516]
Event: 15.407 Thread 0x0000019b9c7aa6f0 Exception <a 'java/lang/NoSuchMethodError'{0x00000000e660b710}: 'java.lang.Object java.lang.invoke.DirectMethodHandle$Holder.invokeStatic(java.lang.Object, int, java.lang.Object, java.lang.Object)'> (0x00000000e660b710) 
thrown [s\src\hotspot\share\interpreter\linkResolver.cpp, line 759]
Event: 15.407 Thread 0x0000019b9c7a8540 Exception <a 'java/lang/NoSuchMethodError'{0x00000000e6c9ec90}: 'java.lang.Object java.lang.invoke.DirectMethodHandle$Holder.invokeStatic(java.lang.Object, int, java.lang.Object, java.lang.Object)'> (0x00000000e6c9ec90) 
thrown [s\src\hotspot\share\interpreter\linkResolver.cpp, line 759]
Event: 15.411 Thread 0x0000019b9c7a8540 Exception <a 'java/lang/NoSuchMethodError'{0x00000000e6cb2928}: 'java.lang.Object java.lang.invoke.DirectMethodHandle$Holder.invokeStatic(java.lang.Object, java.lang.Object, int, java.lang.Object, java.lang.Object)'> (0x00000000e6cb2928) 
thrown [s\src\hotspot\share\interpreter\linkResolver.cpp, line 759]
Event: 15.411 Thread 0x0000019b9c7aa6f0 Exception <a 'java/lang/NoSuchMethodError'{0x00000000e6105f90}: 'java.lang.Object java.lang.invoke.DirectMethodHandle$Holder.invokeStatic(java.lang.Object, java.lang.Object, int, java.lang.Object, java.lang.Object)'> (0x00000000e6105f90) 
thrown [s\src\hotspot\share\interpreter\linkResolver.cpp, line 759]
Event: 15.452 Thread 0x0000019b9c7a8540 Implicit null exception at 0x0000019b87c934a6 to 0x0000019b87c968e0
Event: 15.935 Thread 0x0000019b9c7a8540 Exception <a 'java/lang/IncompatibleClassChangeError'{0x00000000e9794738}: Found class java.lang.Object, but interface was expected> (0x00000000e9794738) 
thrown [s\src\hotspot\share\interpreter\linkResolver.cpp, line 826]
Event: 15.935 Thread 0x0000019b9c7aa6f0 Exception <a 'java/lang/IncompatibleClassChangeError'{0x00000000e96f3798}: Found class java.lang.Object, but interface was expected> (0x00000000e96f3798) 
thrown [s\src\hotspot\share\interpreter\linkResolver.cpp, line 826]
Event: 15.936 Thread 0x0000019b9c7a8540 Exception <a 'java/lang/IncompatibleClassChangeError'{0x00000000e9799500}: Found class java.lang.Object, but interface was expected> (0x00000000e9799500) 
thrown [s\src\hotspot\share\interpreter\linkResolver.cpp, line 826]
Event: 15.936 Thread 0x0000019b9c7aa6f0 Exception <a 'java/lang/IncompatibleClassChangeError'{0x00000000e96f8538}: Found class java.lang.Object, but interface was expected> (0x00000000e96f8538) 
thrown [s\src\hotspot\share\interpreter\linkResolver.cpp, line 826]
Event: 16.062 Thread 0x0000019b9c7a8540 Exception <a 'java/lang/NoSuchMethodError'{0x00000000e98543e8}: 'void java.lang.invoke.DirectMethodHandle$Holder.invokeSpecial(java.lang.Object, java.lang.Object, int, java.lang.Object)'> (0x00000000e98543e8) 
thrown [s\src\hotspot\share\interpreter\linkResolver.cpp, line 759]
Event: 16.244 Thread 0x0000019b9c7a8540 Exception <a 'java/lang/NoSuchMethodError'{0x00000000f5ef37d0}: 'int java.lang.invoke.DirectMethodHandle$Holder.invokeSpecial(java.lang.Object, java.lang.Object, java.lang.Object, int, java.lang.Object)'> (0x00000000f5ef37d0) 
thrown [s\src\hotspot\share\interpreter\linkResolver.cpp, line 759]
Event: 16.244 Thread 0x0000019b9c7aa6f0 Exception <a 'java/lang/NoSuchMethodError'{0x00000000f5ea6740}: 'int java.lang.invoke.DirectMethodHandle$Holder.invokeSpecial(java.lang.Object, java.lang.Object, java.lang.Object, int, java.lang.Object)'> (0x00000000f5ea6740) 
thrown [s\src\hotspot\share\interpreter\linkResolver.cpp, line 759]
Event: 16.700 Thread 0x0000019b9c7aa6f0 Exception <a 'java/lang/NoSuchMethodError'{0x00000000f2586b08}: 'int java.lang.invoke.DirectMethodHandle$Holder.invokeInterface(java.lang.Object, java.lang.Object, int)'> (0x00000000f2586b08) 
thrown [s\src\hotspot\share\interpreter\linkResolver.cpp, line 759]
Event: 17.220 Thread 0x0000019b9c7a8540 Exception <a 'java/lang/IncompatibleClassChangeError'{0x00000000f9e24290}: Found class java.lang.Object, but interface was expected> (0x00000000f9e24290) 
thrown [s\src\hotspot\share\interpreter\linkResolver.cpp, line 826]

VM Operations (20 events):
Event: 17.300 Executing VM operation: G1CollectForAllocation done
Event: 17.328 Executing VM operation: HandshakeAllThreads
Event: 17.328 Executing VM operation: HandshakeAllThreads done
Event: 17.352 Executing VM operation: G1CollectForAllocation
Event: 17.358 Executing VM operation: G1CollectForAllocation done
Event: 17.397 Executing VM operation: HandshakeAllThreads
Event: 17.398 Executing VM operation: HandshakeAllThreads done
Event: 17.398 Executing VM operation: HandshakeAllThreads
Event: 17.398 Executing VM operation: HandshakeAllThreads done
Event: 17.411 Executing VM operation: G1CollectForAllocation
Event: 17.416 Executing VM operation: G1CollectForAllocation done
Event: 17.461 Executing VM operation: G1CollectForAllocation
Event: 17.465 Executing VM operation: G1CollectForAllocation done
Event: 17.498 Executing VM operation: G1CollectForAllocation
Event: 17.502 Executing VM operation: G1CollectForAllocation done
Event: 17.529 Executing VM operation: G1CollectForAllocation
Event: 17.532 Executing VM operation: G1CollectForAllocation done
Event: 17.557 Executing VM operation: G1CollectForAllocation
Event: 17.664 Executing VM operation: G1CollectForAllocation done
Event: 17.685 Executing VM operation: G1CollectForAllocation

Events (20 events):
Event: 15.670 Thread 0x0000019bfbde3e90 flushing nmethod 0x0000019b820ab910
Event: 15.670 Thread 0x0000019bfbde3e90 flushing nmethod 0x0000019b820bcd90
Event: 15.670 Thread 0x0000019bfbde3e90 flushing nmethod 0x0000019b820e6610
Event: 15.670 Thread 0x0000019bfbde3e90 flushing nmethod 0x0000019b820e8510
Event: 15.670 Thread 0x0000019bfbde3e90 flushing nmethod 0x0000019b820ef390
Event: 15.670 Thread 0x0000019bfbde3e90 flushing nmethod 0x0000019b820f0710
Event: 15.670 Thread 0x0000019bfbde3e90 flushing nmethod 0x0000019b820f0e10
Event: 15.670 Thread 0x0000019bfbde3e90 flushing nmethod 0x0000019b820f1510
Event: 15.670 Thread 0x0000019bfbde3e90 flushing nmethod 0x0000019b820f1d10
Event: 15.906 Thread 0x0000019b9c7aea50 Thread exited: 0x0000019b9c7aea50
Event: 16.209 Thread 0x0000019b94a73f80 Thread exited: 0x0000019b94a73f80
Event: 16.526 Thread 0x0000019bfe972380 Thread added: 0x0000019bfe972380
Event: 17.399 Thread 0x0000019bfbde3e90 flushing nmethod 0x0000019b87c92c90
Event: 17.429 Thread 0x0000019bfbde3e90 flushing nmethod 0x0000019b80e53610
Event: 17.430 Thread 0x0000019bfbde3e90 flushing nmethod 0x0000019b80efd410
Event: 17.430 Thread 0x0000019bfbde3e90 flushing nmethod 0x0000019b80f2dd90
Event: 17.439 Thread 0x0000019bfbde3e90 flushing nmethod 0x0000019b81533c10
Event: 17.440 Thread 0x0000019bfbde3e90 flushing nmethod 0x0000019b815e1890
Event: 17.458 Thread 0x0000019bfbde3e90 flushing nmethod 0x0000019b81e0df90
Event: 17.460 Thread 0x0000019bfbde3e90 flushing nmethod 0x0000019b81eeb190


Dynamic libraries:
0x00007ff68f9a0000 - 0x00007ff68f9ad000 	D:\Program Files\JDK18\bin\java.exe
0x00007ffa1fd80000 - 0x00007ffa1ffe7000 	C:\WINDOWS\SYSTEM32\ntdll.dll
0x00007ffa1ea70000 - 0x00007ffa1eb39000 	C:\WINDOWS\System32\KERNEL32.DLL
0x00007ffa1d2f0000 - 0x00007ffa1d6e7000 	C:\WINDOWS\System32\KERNELBASE.dll
0x00007ffa1d1a0000 - 0x00007ffa1d2eb000 	C:\WINDOWS\System32\ucrtbase.dll
0x00007ffa02eb0000 - 0x00007ffa02ec5000 	D:\Program Files\JDK18\bin\VCRUNTIME140.dll
0x00007ff9fe600000 - 0x00007ff9fe617000 	D:\Program Files\JDK18\bin\jli.dll
0x00007ffa1e5b0000 - 0x00007ffa1e776000 	C:\WINDOWS\System32\USER32.dll
0x00007ffa1d7b0000 - 0x00007ffa1d7d7000 	C:\WINDOWS\System32\win32u.dll
0x00007ffa1dc40000 - 0x00007ffa1dc6b000 	C:\WINDOWS\System32\GDI32.dll
0x00007ffa03800000 - 0x00007ffa03a92000 	C:\WINDOWS\WinSxS\amd64_microsoft.windows.common-controls_6595b64144ccf1df_6.0.26100.8457_none_3e0b2faee331e92d\COMCTL32.dll
0x00007ffa1d920000 - 0x00007ffa1da4c000 	C:\WINDOWS\System32\gdi32full.dll
0x00007ffa1eb60000 - 0x00007ffa1ec09000 	C:\WINDOWS\System32\msvcrt.dll
0x00007ffa1d870000 - 0x00007ffa1d913000 	C:\WINDOWS\System32\msvcp_win.dll
0x00007ffa1e780000 - 0x00007ffa1e7b2000 	C:\WINDOWS\System32\IMM32.DLL
0x00007ff99f3f0000 - 0x00007ff99f48b000 	D:\Program Files\JDK18\bin\msvcp140.dll
0x00007ff99bf70000 - 0x00007ff99cbea000 	D:\Program Files\JDK18\bin\server\jvm.dll
0x00007ffa1e4f0000 - 0x00007ffa1e5a6000 	C:\WINDOWS\System32\ADVAPI32.dll
0x00007ffa1fb00000 - 0x00007ffa1fba7000 	C:\WINDOWS\System32\sechost.dll
0x00007ffa1ec10000 - 0x00007ffa1ed28000 	C:\WINDOWS\System32\RPCRT4.dll
0x00007ffa1fd30000 - 0x00007ffa1fd38000 	C:\WINDOWS\System32\PSAPI.DLL
0x00007ffa09180000 - 0x00007ffa0918a000 	C:\WINDOWS\SYSTEM32\WSOCK32.dll
0x00007ffa1de90000 - 0x00007ffa1df10000 	C:\WINDOWS\System32\WS2_32.dll
0x00007ffa0fa50000 - 0x00007ffa0fa86000 	C:\WINDOWS\SYSTEM32\WINMM.dll
0x00007ffa15a10000 - 0x00007ffa15a1b000 	C:\WINDOWS\SYSTEM32\VERSION.dll
0x00007ffa1b4d0000 - 0x00007ffa1b4eb000 	C:\WINDOWS\SYSTEM32\kernel.appcore.dll
0x00007ff9ef3b0000 - 0x00007ff9ef3ba000 	D:\Program Files\JDK18\bin\jimage.dll
0x00007ffa1a540000 - 0x00007ffa1a782000 	C:\WINDOWS\SYSTEM32\DBGHELP.DLL
0x00007ffa1df20000 - 0x00007ffa1e2a3000 	C:\WINDOWS\System32\combase.dll
0x00007ffa1db60000 - 0x00007ffa1dc39000 	C:\WINDOWS\System32\OLEAUT32.dll
0x00007ff9e78e0000 - 0x00007ff9e791b000 	C:\WINDOWS\SYSTEM32\dbgcore.DLL
0x00007ffa1da50000 - 0x00007ffa1daf8000 	C:\WINDOWS\System32\bcryptPrimitives.dll
0x00007ff9cd8f0000 - 0x00007ff9cd8fe000 	D:\Program Files\JDK18\bin\instrument.dll
0x00007ff9e7c60000 - 0x00007ff9e7c85000 	D:\Program Files\JDK18\bin\java.dll
0x00007ff99f310000 - 0x00007ff99f3e6000 	D:\Program Files\JDK18\bin\jsvml.dll
0x00007ffa1f380000 - 0x00007ffa1faee000 	C:\WINDOWS\System32\SHELL32.dll
0x00007ffa1c7b0000 - 0x00007ffa1d01c000 	C:\WINDOWS\System32\windows.storage.dll
0x00007ffa1e7d0000 - 0x00007ffa1e8c6000 	C:\WINDOWS\System32\SHCORE.dll
0x00007ffa1fcc0000 - 0x00007ffa1fd26000 	C:\WINDOWS\System32\shlwapi.dll
0x00007ffa1c6d0000 - 0x00007ffa1c6f9000 	C:\WINDOWS\SYSTEM32\profapi.dll
0x00007ff9ceda0000 - 0x00007ff9cedb8000 	D:\Program Files\JDK18\bin\zip.dll
0x00007ff9cede0000 - 0x00007ff9cedf3000 	D:\Program Files\JDK18\bin\net.dll
0x00007ffa169f0000 - 0x00007ffa16b19000 	C:\WINDOWS\SYSTEM32\WINHTTP.dll
0x00007ffa1ba50000 - 0x00007ffa1babc000 	C:\WINDOWS\system32\mswsock.dll
0x00007ff9cedc0000 - 0x00007ff9cedd5000 	D:\Program Files\JDK18\bin\nio.dll
0x00007ff9ef3a0000 - 0x00007ff9ef3b0000 	D:\Program Files\JDK18\bin\verify.dll
0x00007ff9c84d0000 - 0x00007ff9c84f7000 	C:\Users\color\.gradle\native\c067742578af261105cb4f569cf0c3c89f3d7b1fecec35dd04571415982c5e48\windows-amd64\native-platform.dll
0x00007ff99ef50000 - 0x00007ff99f094000 	C:\Users\color\.gradle\native\100fb08df4bc3b14c8652ba06237920a3bd2aa13389f12d3474272988ae205f9\windows-amd64\native-platform-file-events.dll
0x00007ff9ced90000 - 0x00007ff9ced99000 	D:\Program Files\JDK18\bin\management.dll
0x00007ff9cecb0000 - 0x00007ff9cecbb000 	D:\Program Files\JDK18\bin\management_ext.dll
0x00007ffa1be50000 - 0x00007ffa1be6b000 	C:\WINDOWS\SYSTEM32\CRYPTSP.dll
0x00007ffa1b430000 - 0x00007ffa1b469000 	C:\WINDOWS\system32\rsaenh.dll
0x00007ffa1bb00000 - 0x00007ffa1bb33000 	C:\WINDOWS\SYSTEM32\USERENV.dll
0x00007ffa1c6a0000 - 0x00007ffa1c6ca000 	C:\WINDOWS\SYSTEM32\bcrypt.dll
0x00007ffa1bcb0000 - 0x00007ffa1bcbc000 	C:\WINDOWS\SYSTEM32\CRYPTBASE.dll
0x00007ffa1aec0000 - 0x00007ffa1aef2000 	C:\WINDOWS\SYSTEM32\IPHLPAPI.DLL
0x00007ffa1e4e0000 - 0x00007ffa1e4ea000 	C:\WINDOWS\System32\NSI.dll
0x00007ffa16e60000 - 0x00007ffa16e7d000 	C:\WINDOWS\SYSTEM32\dhcpcsvc6.DLL
0x00007ffa16e30000 - 0x00007ffa16e55000 	C:\WINDOWS\SYSTEM32\dhcpcsvc.DLL
0x00007ffa1af50000 - 0x00007ffa1b082000 	C:\WINDOWS\SYSTEM32\DNSAPI.dll
0x00007ff9eebe0000 - 0x00007ff9eebf8000 	C:\WINDOWS\system32\napinsp.dll
0x00007ff9eebc0000 - 0x00007ff9eebd3000 	C:\WINDOWS\System32\winrnr.dll
0x00007ff9ee3b0000 - 0x00007ff9ee3d2000 	C:\WINDOWS\system32\nlansp_c.dll
0x00007ff9e9d20000 - 0x00007ff9e9d36000 	C:\WINDOWS\system32\wshbth.dll
0x00007ffa166b0000 - 0x00007ffa166bb000 	C:\Windows\System32\rasadhlp.dll
0x00007ffa175f0000 - 0x00007ffa17676000 	C:\WINDOWS\System32\fwpuclnt.dll
0x00007ffa1b5f0000 - 0x00007ffa1b626000 	C:\WINDOWS\SYSTEM32\ntmarta.dll

dbghelp: loaded successfully - version: 4.0.5 - missing functions: none
symbol engine: initialized successfully - sym options: 0x614 - pdb path: .;D:\Program Files\JDK18\bin;C:\WINDOWS\SYSTEM32;C:\WINDOWS\WinSxS\amd64_microsoft.windows.common-controls_6595b64144ccf1df_6.0.26100.8457_none_3e0b2faee331e92d;D:\Program Files\JDK18\bin\server;C:\Users\color\.gradle\native\c067742578af261105cb4f569cf0c3c89f3d7b1fecec35dd04571415982c5e48\windows-amd64;C:\Users\color\.gradle\native\100fb08df4bc3b14c8652ba06237920a3bd2aa13389f12d3474272988ae205f9\windows-amd64

VM Arguments:
jvm_args: --add-opens=java.base/java.util=ALL-UNNAMED --add-opens=java.base/java.lang=ALL-UNNAMED --add-opens=java.base/java.lang.invoke=ALL-UNNAMED --add-opens=java.prefs/java.util.prefs=ALL-UNNAMED --add-exports=jdk.compiler/com.sun.tools.javac.api=ALL-UNNAMED --add-exports=jdk.compiler/com.sun.tools.javac.util=ALL-UNNAMED --add-opens=java.base/java.nio.charset=ALL-UNNAMED --add-opens=java.base/java.net=ALL-UNNAMED --add-opens=java.base/java.util.concurrent.atomic=ALL-UNNAMED -Xmx768m -Dfile.encoding=UTF-8 -Duser.country=CN -Duser.language=zh -Duser.variant -javaagent:C:\Users\color\.gradle\wrapper\dists\gradle-8.10.2-bin\a04bxjujx95o3nb99gddekhwo\gradle-8.10.2\lib\agents\gradle-instrumentation-agent-8.10.2.jar 
java_command: org.gradle.launcher.daemon.bootstrap.GradleDaemon 8.10.2
java_class_path (initial): C:\Users\color\.gradle\wrapper\dists\gradle-8.10.2-bin\a04bxjujx95o3nb99gddekhwo\gradle-8.10.2\lib\gradle-daemon-main-8.10.2.jar
Launcher Type: SUN_STANDARD

[Global flags]
     intx CICompilerCount                          = 12                                        {product} {ergonomic}
     uint ConcGCThreads                            = 4                                         {product} {ergonomic}
     uint G1ConcRefinementThreads                  = 15                                        {product} {ergonomic}
   size_t G1HeapRegionSize                         = 1048576                                   {product} {ergonomic}
    uintx GCDrainStackTargetSize                   = 64                                        {product} {ergonomic}
   size_t InitialHeapSize                          = 266338304                                 {product} {ergonomic}
   size_t MarkStackSize                            = 4194304                                   {product} {ergonomic}
   size_t MaxHeapSize                              = 805306368                                 {product} {command line}
   size_t MaxNewSize                               = 482344960                                 {product} {ergonomic}
   size_t MinHeapDeltaBytes                        = 1048576                                   {product} {ergonomic}
   size_t MinHeapSize                              = 8388608                                   {product} {ergonomic}
    uintx NonNMethodCodeHeapSize                   = 7602480                                {pd product} {ergonomic}
    uintx NonProfiledCodeHeapSize                  = 122027880                              {pd product} {ergonomic}
    uintx ProfiledCodeHeapSize                     = 122027880                              {pd product} {ergonomic}
    uintx ReservedCodeCacheSize                    = 251658240                              {pd product} {ergonomic}
     bool SegmentedCodeCache                       = true                                      {product} {ergonomic}
   size_t SoftMaxHeapSize                          = 805306368                              {manageable} {ergonomic}
     bool UseCompressedClassPointers               = true                           {product lp64_product} {ergonomic}
     bool UseCompressedOops                        = true                           {product lp64_product} {ergonomic}
     bool UseG1GC                                  = true                                      {product} {ergonomic}
     bool UseLargePagesIndividualAllocation        = false                                  {pd product} {ergonomic}

Logging:
Log output configuration:
 #0: stdout all=warning uptime,level,tags foldmultilines=false
 #1: stderr all=off uptime,level,tags foldmultilines=false

Environment Variables:
JAVA_HOME=D:\Program Files\JDK18\
PATH=C:\Users\color\bin;D:\Program Files\Git\mingw64\bin;D:\Program Files\Git\usr\local\bin;D:\Program Files\Git\usr\bin;D:\Program Files\Git\usr\bin;D:\Program Files\Git\mingw64\bin;D:\Program Files\Git\usr\bin;C:\Users\color\bin;D:\Program Files\JDK18\bin;C:\Program Files\Java\jdkmicrosoft21\bin;C:\Program Files\Python311\Scripts;C:\Program Files\Python311;C:\Program Files\Common Files\Oracle\Java\javapath;D:\Program Files\bin;C:\ProgramData\Oracle\Java\javapath;C:\Windows\system32;C:\Windows;C:\Windows\System32\Wbem;C:\Windows\System32\WindowsPowerShell\v1.0;C:\Windows\System32\OpenSSH;C:\WINDOWS\system32;C:\WINDOWS;C:\WINDOWS\System32\Wbem;C:\WINDOWS\System32\WindowsPowerShell\v1.0;C:\WINDOWS\System32\OpenSSH;C:\Program Files\NVIDIA Corporation\NVIDIA app\NvDLISR;C:\Program Files\dotnet;C:\Program Files (x86)\NVIDIA Corporation\PhysX\Common;C:\Users\color\Desktop\gmapiserver\lib\ffmpeg\bin;D:\Program Files\Git\cmd;C:\Program Files\Tailscale;D:\Program Files;C:\Program Files\GitHub CLI;C:\Users\color\.local\bin;C:\Users\color\AppData\Local\Microsoft\WindowsApps;C:\ProgramData\color\GitHubDesktop\bin;D:\Microsoft VS Code\bin;D:\Program Files;C:\Users\color\.dotnet\tools;D:\project\gmapiserver\lib\ffmpeg\bin;C:\Users\color\AppData\Roaming\npm;D:\Program Files\Git\usr\bin\vendor_perl;D:\Program Files\Git\usr\bin\core_perl
USERNAME=color
SHELL=D:\Program Files\Git\usr\bin\bash.exe
OS=Windows_NT
PROCESSOR_IDENTIFIER=Intel64 Family 6 Model 154 Stepping 3, GenuineIntel



---------------  S Y S T E M  ---------------

OS:
 Windows 11 , 64 bit Build 26100 (10.0.26100.8328)
OS uptime: 0 days 19:41 hours
Hyper-V role detected

CPU: total 20 (initial active 20) (10 cores per cpu, 2 threads per core) family 6 model 154 stepping 3 microcode 0x414, cx8, cmov, fxsr, ht, mmx, 3dnowpref, sse, sse2, sse3, ssse3, sse4.1, sse4.2, popcnt, lzcnt, tsc, tscinvbit, avx, avx2, aes, erms, clmul, bmi1, bmi2, adx, sha, fma, vzeroupper, clflush, clflushopt, clwb, hv, serialize

Memory: 4k page, system-wide physical 16128M (6292M free)
TotalPageFile size 32128M (AvailPageFile size 4M)
current process WorkingSet (physical memory assigned to process): 1103M, peak: 1103M
current process commit charge ("private bytes"): 1172M, peak: 1173M

vm_info: OpenJDK 64-Bit Server VM (18.0.2+10) for windows-amd64 JRE (18.0.2+10), built on Jul 18 2022 14:02:19 by "" with MS VC++ 15.9 (VS2017)

END.
