#
# There is insufficient memory for the Java Runtime Environment to continue.
# Native memory allocation (mmap) failed to map 154140672 bytes for G1 virtual space
# Possible reasons:
#   The system is out of physical RAM or swap space
#   The process is running with CompressedOops enabled, and the Java Heap may be blocking the growth of the native heap
# Possible solutions:
#   Reduce memory load on the system
#   Increase physical memory or swap space
#   Check if swap backing store is full
#   Decrease Java heap size (-Xmx/-Xms)
#   Decrease number of Java threads
#   Decrease Java thread stack sizes (-Xss)
#   Set larger code cache with -XX:ReservedCodeCacheSize=
#   JVM is running with Unscaled Compressed Oops mode in which the Java heap is
#     placed in the first 4GB address space. The Java Heap base address is the
#     maximum limit for the native heap growth. Please use -XX:HeapBaseMinAddress
#     to set the Java Heap base and to place the Java Heap above 4GB virtual address.
# This output file may be truncated or incomplete.
#
#  Out of Memory Error (os_windows.cpp:3530), pid=8360, tid=14964
#
# JRE version: OpenJDK Runtime Environment (18.0.2+10) (build 18.0.2+10)
# Java VM: OpenJDK 64-Bit Server VM (18.0.2+10, mixed mode, sharing, tiered, compressed oops, compressed class ptrs, g1 gc, windows-amd64)
# No core dump will be written. Minidumps are not enabled by default on client versions of Windows
#

---------------  S U M M A R Y ------------

Command Line: --add-opens=java.base/java.util=ALL-UNNAMED --add-opens=java.base/java.lang=ALL-UNNAMED --add-opens=java.base/java.lang.invoke=ALL-UNNAMED --add-opens=java.prefs/java.util.prefs=ALL-UNNAMED --add-exports=jdk.compiler/com.sun.tools.javac.api=ALL-UNNAMED --add-exports=jdk.compiler/com.sun.tools.javac.util=ALL-UNNAMED --add-opens=java.base/java.nio.charset=ALL-UNNAMED --add-opens=java.base/java.net=ALL-UNNAMED --add-opens=java.base/java.util.concurrent.atomic=ALL-UNNAMED -Xms512m -Xmx1024m -Dfile.encoding=UTF-8 -Duser.country=CN -Duser.language=zh -Duser.variant -javaagent:C:\Users\color\.gradle\wrapper\dists\gradle-8.10.2-bin\a04bxjujx95o3nb99gddekhwo\gradle-8.10.2\lib\agents\gradle-instrumentation-agent-8.10.2.jar org.gradle.launcher.daemon.bootstrap.GradleDaemon 8.10.2

Host: 12th Gen Intel(R) Core(TM) i7-12700H, 20 cores, 15G,  Windows 11 , 64 bit Build 26100 (10.0.26100.8328)
Time: Thu May 28 16:18:19 2026  Windows 11 , 64 bit Build 26100 (10.0.26100.8328) elapsed time: 17.928124 seconds (0d 0h 0m 17s)

---------------  T H R E A D  ---------------

Current thread (0x00000227876b5c80):  VMThread "VM Thread" [stack: 0x0000003e40800000,0x0000003e40900000] [id=14964]

Stack: [0x0000003e40800000,0x0000003e40900000]
Native frames: (J=compiled Java code, j=interpreted, Vv=VM code, C=native code)
V  [jvm.dll+0x6859ca]
V  [jvm.dll+0x82ac3d]
V  [jvm.dll+0x82c50e]
V  [jvm.dll+0x82cbb3]
V  [jvm.dll+0x25ee6b]
V  [jvm.dll+0x68286a]
V  [jvm.dll+0x6773fa]
V  [jvm.dll+0x3244e9]
V  [jvm.dll+0x32bb76]
V  [jvm.dll+0x37e0fa]
V  [jvm.dll+0x37e33f]
V  [jvm.dll+0x2fb5ca]
V  [jvm.dll+0x2fe456]
V  [jvm.dll+0x308dd9]
V  [jvm.dll+0x33d1d0]
V  [jvm.dll+0x8318eb]
V  [jvm.dll+0x832678]
V  [jvm.dll+0x832bc5]
V  [jvm.dll+0x833004]
V  [jvm.dll+0x8330c5]
V  [jvm.dll+0x7d9bba]
V  [jvm.dll+0x684845]
C  [ucrtbase.dll+0x37b0]
C  [KERNEL32.DLL+0x2e957]
C  [ntdll.dll+0x427c]

VM_Operation (0x0000003e404ff910): G1Concurrent, mode: safepoint, requested by thread 0x000002278765dad0


---------------  P R O C E S S  ---------------

Threads class SMR info:
_java_thread_list=0x00000227b0105540, length=94, elements={
0x0000022787613f30, 0x00000227a57d9dc0, 0x00000227a57da670, 0x00000227a57f3d90,
0x00000227a57f4640, 0x00000227a9804c10, 0x00000227a980abc0, 0x00000227a57fda70,
0x00000227a9813fa0, 0x00000227a57fe750, 0x00000227a9811c30, 0x00000227a9940560,
0x00000227a9812b60, 0x00000227a9b0b240, 0x00000227a9810d00, 0x00000227ab522070,
0x00000227ab7bb940, 0x00000227ab7bee30, 0x00000227ab7c3f30, 0x00000227ab39aeb0,
0x00000227ab39b380, 0x00000227ab397e90, 0x00000227ab3991d0, 0x00000227ab3979c0,
0x00000227ab3996a0, 0x00000227ab398d00, 0x00000227ab398360, 0x00000227ab39a510,
0x00000227ad8c0270, 0x00000227ad8bef30, 0x00000227ad8be590, 0x00000227ad8bfda0,
0x00000227ad8be0c0, 0x00000227ad8bf400, 0x00000227ad8bc8b0, 0x00000227ad8c0740,
0x00000227ad8c15b0, 0x00000227ad8c4100, 0x00000227ad8c3290, 0x00000227ad8c10e0,
0x00000227ad8c1f50, 0x00000227ad8c2420, 0x00000227ad8c1a80, 0x00000227ad8c28f0,
0x00000227ad8c2dc0, 0x00000227aa0d5530, 0x00000227aa0d7210, 0x00000227aa0d6870,
0x00000227a9812140, 0x00000227a9812650, 0x00000227ae9d0a10, 0x00000227ae9cfff0,
0x00000227aa0d63a0, 0x00000227aa0d5a00, 0x00000227ae9cdc80, 0x00000227ae9d1e50,
0x00000227aa0dabd0, 0x00000227aa0db0a0, 0x00000227aa0db570, 0x00000227aa0dc3e0,
0x00000227aa0dc8b0, 0x00000227ad8c3760, 0x00000227ad8c0c10, 0x00000227ad9ee240,
0x00000227ad9efa50, 0x00000227ad9ef580, 0x00000227b0307cc0, 0x00000227b0307320,
0x00000227b0306e50, 0x00000227adc6f550, 0x00000227adc6ebb0, 0x00000227adc6fa20,
0x00000227b636b200, 0x00000227b636b6d0, 0x00000227b636ad30, 0x00000227b6e6d220,
0x00000227b6e6d6f0, 0x00000227b6e6cd50, 0x00000227b08c4880, 0x00000227b08c4d50,
0x00000227b08c5220, 0x00000227b06547e0, 0x00000227b53f6d30, 0x00000227b53f7200,
0x00000227b53f76d0, 0x00000227b53b25b0, 0x00000227b53b2a80, 0x00000227b53b2f50,
0x00000227ae829190, 0x00000227ae829b30, 0x00000227ae828cc0, 0x00000227b6ed8560,
0x00000227b0ebcae0, 0x00000227b0ebb2d0
}

Java Threads: ( => current thread )
  0x0000022787613f30 JavaThread "main" [_thread_blocked, id=34376, stack(0x0000003e40200000,0x0000003e40300000)]
  0x00000227a57d9dc0 JavaThread "Reference Handler" daemon [_thread_blocked, id=35316, stack(0x0000003e40900000,0x0000003e40a00000)]
  0x00000227a57da670 JavaThread "Finalizer" daemon [_thread_blocked, id=6248, stack(0x0000003e40a00000,0x0000003e40b00000)]
  0x00000227a57f3d90 JavaThread "Signal Dispatcher" daemon [_thread_blocked, id=35216, stack(0x0000003e40b00000,0x0000003e40c00000)]
  0x00000227a57f4640 JavaThread "Attach Listener" daemon [_thread_blocked, id=37480, stack(0x0000003e40c00000,0x0000003e40d00000)]
  0x00000227a9804c10 JavaThread "Service Thread" daemon [_thread_blocked, id=37224, stack(0x0000003e40d00000,0x0000003e40e00000)]
  0x00000227a980abc0 JavaThread "Monitor Deflation Thread" daemon [_thread_blocked, id=36068, stack(0x0000003e40e00000,0x0000003e40f00000)]
  0x00000227a57fda70 JavaThread "C2 CompilerThread0" daemon [_thread_blocked, id=24140, stack(0x0000003e40f00000,0x0000003e41000000)]
  0x00000227a9813fa0 JavaThread "C1 CompilerThread0" daemon [_thread_blocked, id=32720, stack(0x0000003e41000000,0x0000003e41100000)]
  0x00000227a57fe750 JavaThread "Sweeper thread" daemon [_thread_blocked, id=35568, stack(0x0000003e41100000,0x0000003e41200000)]
  0x00000227a9811c30 JavaThread "C1 CompilerThread1" daemon [_thread_blocked, id=16184, stack(0x0000003e41200000,0x0000003e41300000)]
  0x00000227a9940560 JavaThread "Common-Cleaner" daemon [_thread_blocked, id=32664, stack(0x0000003e41300000,0x0000003e41400000)]
  0x00000227a9812b60 JavaThread "C1 CompilerThread2" daemon [_thread_blocked, id=33984, stack(0x0000003e41400000,0x0000003e41500000)]
  0x00000227a9b0b240 JavaThread "Notification Thread" daemon [_thread_blocked, id=29292, stack(0x0000003e41600000,0x0000003e41700000)]
  0x00000227a9810d00 JavaThread "C1 CompilerThread3" daemon [_thread_blocked, id=32636, stack(0x0000003e42400000,0x0000003e42500000)]
  0x00000227ab522070 JavaThread "Daemon health stats" [_thread_blocked, id=3940, stack(0x0000003e42500000,0x0000003e42600000)]
  0x00000227ab7bb940 JavaThread "Incoming local TCP Connector on port 51251" [_thread_in_native, id=27808, stack(0x0000003e41500000,0x0000003e41600000)]
  0x00000227ab7bee30 JavaThread "Daemon periodic checks" [_thread_blocked, id=30368, stack(0x0000003e41800000,0x0000003e41900000)]
  0x00000227ab7c3f30 JavaThread "Daemon" [_thread_blocked, id=11968, stack(0x0000003e42600000,0x0000003e42700000)]
  0x00000227ab39aeb0 JavaThread "Handler for socket connection from /127.0.0.1:51251 to /127.0.0.1:51252" [_thread_in_native, id=11312, stack(0x0000003e42700000,0x0000003e42800000)]
  0x00000227ab39b380 JavaThread "Cancel handler" [_thread_blocked, id=29504, stack(0x0000003e42800000,0x0000003e42900000)]
  0x00000227ab397e90 JavaThread "Daemon worker" [_thread_blocked, id=37812, stack(0x0000003e42900000,0x0000003e42a00000)]
  0x00000227ab3991d0 JavaThread "Asynchronous log dispatcher for DefaultDaemonConnection: socket connection from /127.0.0.1:51251 to /127.0.0.1:51252" [_thread_blocked, id=29124, stack(0x0000003e42a00000,0x0000003e42b00000)]
  0x00000227ab3979c0 JavaThread "Stdin handler" [_thread_blocked, id=38248, stack(0x0000003e42b00000,0x0000003e42c00000)]
  0x00000227ab3996a0 JavaThread "Daemon client event forwarder" [_thread_blocked, id=19868, stack(0x0000003e42c00000,0x0000003e42d00000)]
  0x00000227ab398d00 JavaThread "Cache worker for journal cache (C:\Users\color\.gradle\caches\journal-1)" [_thread_blocked, id=13944, stack(0x0000003e42e00000,0x0000003e42f00000)]
  0x00000227ab398360 JavaThread "File lock request listener" [_thread_in_native, id=22336, stack(0x0000003e42f00000,0x0000003e43000000)]
  0x00000227ab39a510 JavaThread "Cache worker for file hash cache (C:\Users\color\.gradle\caches\8.10.2\fileHashes)" [_thread_blocked, id=34680, stack(0x0000003e43000000,0x0000003e43100000)]
  0x00000227ad8c0270 JavaThread "Cache worker for file hash cache (D:\project\mindustry_mobile_launcher\android\.gradle\8.10.2\fileHashes)" [_thread_blocked, id=17552, stack(0x0000003e43100000,0x0000003e43200000)]
  0x00000227ad8bef30 JavaThread "Cache worker for checksums cache (D:\project\mindustry_mobile_launcher\android\.gradle\8.10.2\checksums)" [_thread_blocked, id=37648, stack(0x0000003e43300000,0x0000003e43400000)]
  0x00000227ad8be590 JavaThread "Cache worker for Build Output Cleanup Cache (D:\project\mindustry_mobile_launcher\android\.gradle\buildOutputCleanup)" [_thread_blocked, id=36016, stack(0x0000003e43a00000,0x0000003e43b00000)]
  0x00000227ad8bfda0 JavaThread "Cache worker for file content cache (C:\Users\color\.gradle\caches\8.10.2\fileContent)" [_thread_blocked, id=17404, stack(0x0000003e44000000,0x0000003e44100000)]
  0x00000227ad8be0c0 JavaThread "File watcher server" daemon [_thread_blocked, id=10904, stack(0x0000003e43d00000,0x0000003e43e00000)]
  0x00000227ad8bf400 JavaThread "File watcher consumer" daemon [_thread_blocked, id=15796, stack(0x0000003e43e00000,0x0000003e43f00000)]
  0x00000227ad8bc8b0 JavaThread "Cache worker for cache directory md-rule (C:\Users\color\.gradle\caches\8.10.2\md-rule)" [_thread_blocked, id=38332, stack(0x0000003e43f00000,0x0000003e44000000)]
  0x00000227ad8c0740 JavaThread "Cache worker for cache directory md-supplier (C:\Users\color\.gradle\caches\8.10.2\md-supplier)" [_thread_blocked, id=34304, stack(0x0000003e44100000,0x0000003e44200000)]
  0x00000227ad8c15b0 JavaThread "Unconstrained build operations" [_thread_blocked, id=30056, stack(0x0000003e43b00000,0x0000003e43c00000)]
  0x00000227ad8c4100 JavaThread "Unconstrained build operations Thread 2" [_thread_blocked, id=25032, stack(0x0000003e43c00000,0x0000003e43d00000)]
  0x00000227ad8c3290 JavaThread "Unconstrained build operations Thread 3" [_thread_blocked, id=11348, stack(0x0000003e44200000,0x0000003e44300000)]
  0x00000227ad8c10e0 JavaThread "Unconstrained build operations Thread 4" [_thread_blocked, id=32140, stack(0x0000003e44300000,0x0000003e44400000)]
  0x00000227ad8c1f50 JavaThread "Unconstrained build operations Thread 5" [_thread_blocked, id=17040, stack(0x0000003e44400000,0x0000003e44500000)]
  0x00000227ad8c2420 JavaThread "Unconstrained build operations Thread 6" [_thread_blocked, id=16776, stack(0x0000003e44500000,0x0000003e44600000)]
  0x00000227ad8c1a80 JavaThread "Unconstrained build operations Thread 7" [_thread_blocked, id=4272, stack(0x0000003e44600000,0x0000003e44700000)]
  0x00000227ad8c28f0 JavaThread "Unconstrained build operations Thread 8" [_thread_blocked, id=6148, stack(0x0000003e44700000,0x0000003e44800000)]
  0x00000227ad8c2dc0 JavaThread "Unconstrained build operations Thread 9" [_thread_blocked, id=19700, stack(0x0000003e44800000,0x0000003e44900000)]
  0x00000227aa0d5530 JavaThread "Configuration cache report writer" [_thread_blocked, id=3416, stack(0x0000003e44c00000,0x0000003e44d00000)]
  0x00000227aa0d7210 JavaThread "Memory manager" [_thread_blocked, id=12656, stack(0x0000003e44a00000,0x0000003e44b00000)]
  0x00000227aa0d6870 JavaThread "build event listener" [_thread_blocked, id=16084, stack(0x0000003e44b00000,0x0000003e44c00000)]
  0x00000227a9812140 JavaThread "C2 CompilerThread1" daemon [_thread_blocked, id=26428, stack(0x0000003e42d00000,0x0000003e42e00000)]
  0x00000227a9812650 JavaThread "C2 CompilerThread2" daemon [_thread_blocked, id=3568, stack(0x0000003e43200000,0x0000003e43300000)]
  0x00000227ae9d0a10 JavaThread "C2 CompilerThread3" daemon [_thread_blocked, id=28300, stack(0x0000003e45500000,0x0000003e45600000)]
  0x00000227ae9cfff0 JavaThread "C2 CompilerThread4" daemon [_thread_blocked, id=38436, stack(0x0000003e45600000,0x0000003e45700000)]
  0x00000227aa0d63a0 JavaThread "pool-3-thread-1" [_thread_blocked, id=15164, stack(0x0000003e45700000,0x0000003e45800000)]
  0x00000227aa0d5a00 JavaThread "build event listener" [_thread_blocked, id=15028, stack(0x0000003e45800000,0x0000003e45900000)]
  0x00000227ae9cdc80 JavaThread "C2 CompilerThread5" daemon [_thread_blocked, id=11132, stack(0x0000003e45900000,0x0000003e45a00000)]
  0x00000227ae9d1e50 JavaThread "C2 CompilerThread6" daemon [_thread_blocked, id=16964, stack(0x0000003e45a00000,0x0000003e45b00000)]
  0x00000227aa0dabd0 JavaThread "Unconstrained build operations Thread 10" [_thread_blocked, id=15308, stack(0x0000003e45c00000,0x0000003e45d00000)]
  0x00000227aa0db0a0 JavaThread "Unconstrained build operations Thread 11" [_thread_blocked, id=34716, stack(0x0000003e45d00000,0x0000003e45e00000)]
  0x00000227aa0db570 JavaThread "Unconstrained build operations Thread 12" [_thread_blocked, id=30588, stack(0x0000003e45e00000,0x0000003e45f00000)]
  0x00000227aa0dc3e0 JavaThread "Unconstrained build operations Thread 13" [_thread_blocked, id=33672, stack(0x0000003e45f00000,0x0000003e46000000)]
  0x00000227aa0dc8b0 JavaThread "Unconstrained build operations Thread 14" [_thread_blocked, id=32624, stack(0x0000003e46000000,0x0000003e46100000)]
  0x00000227ad8c3760 JavaThread "included builds" [_thread_blocked, id=28492, stack(0x0000003e46100000,0x0000003e46200000)]
  0x00000227ad8c0c10 JavaThread "Execution worker" [_thread_blocked, id=22416, stack(0x0000003e46200000,0x0000003e46300000)]
  0x00000227ad9ee240 JavaThread "Execution worker Thread 2" [_thread_blocked, id=23656, stack(0x0000003e46300000,0x0000003e46400000)]
  0x00000227ad9efa50 JavaThread "Execution worker Thread 3" [_thread_blocked, id=6176, stack(0x0000003e46400000,0x0000003e46500000)]
  0x00000227ad9ef580 JavaThread "Cache worker for execution history cache (D:\project\mindustry_mobile_launcher\android\.gradle\8.10.2\executionHistory)" [_thread_blocked, id=26884, stack(0x0000003e46500000,0x0000003e46600000)]
  0x00000227b0307cc0 JavaThread "Unconstrained build operations Thread 15" [_thread_blocked, id=30732, stack(0x0000003e46600000,0x0000003e46700000)]
  0x00000227b0307320 JavaThread "Unconstrained build operations Thread 16" [_thread_blocked, id=2204, stack(0x0000003e46700000,0x0000003e46800000)]
  0x00000227b0306e50 JavaThread "Unconstrained build operations Thread 17" [_thread_blocked, id=38840, stack(0x0000003e46800000,0x0000003e46900000)]
  0x00000227adc6f550 JavaThread "Unconstrained build operations Thread 18" [_thread_blocked, id=9196, stack(0x0000003e46900000,0x0000003e46a00000)]
  0x00000227adc6ebb0 JavaThread "Unconstrained build operations Thread 19" [_thread_blocked, id=34152, stack(0x0000003e46a00000,0x0000003e46b00000)]
  0x00000227adc6fa20 JavaThread "Unconstrained build operations Thread 20" [_thread_blocked, id=32696, stack(0x0000003e46b00000,0x0000003e46c00000)]
  0x00000227b636b200 JavaThread "Unconstrained build operations Thread 21" [_thread_blocked, id=1528, stack(0x0000003e46c00000,0x0000003e46d00000)]
  0x00000227b636b6d0 JavaThread "Unconstrained build operations Thread 22" [_thread_blocked, id=30304, stack(0x0000003e46d00000,0x0000003e46e00000)]
  0x00000227b636ad30 JavaThread "Unconstrained build operations Thread 23" [_thread_blocked, id=19244, stack(0x0000003e46e00000,0x0000003e46f00000)]
  0x00000227b6e6d220 JavaThread "Unconstrained build operations Thread 24" [_thread_blocked, id=37144, stack(0x0000003e46f00000,0x0000003e47000000)]
  0x00000227b6e6d6f0 JavaThread "Unconstrained build operations Thread 25" [_thread_blocked, id=36300, stack(0x0000003e47000000,0x0000003e47100000)]
  0x00000227b6e6cd50 JavaThread "Unconstrained build operations Thread 26" [_thread_blocked, id=6288, stack(0x0000003e47100000,0x0000003e47200000)]
  0x00000227b08c4880 JavaThread "Unconstrained build operations Thread 27" [_thread_blocked, id=27352, stack(0x0000003e47200000,0x0000003e47300000)]
  0x00000227b08c4d50 JavaThread "Unconstrained build operations Thread 28" [_thread_blocked, id=17052, stack(0x0000003e47300000,0x0000003e47400000)]
  0x00000227b08c5220 JavaThread "Unconstrained build operations Thread 29" [_thread_blocked, id=15228, stack(0x0000003e47400000,0x0000003e47500000)]
  0x00000227b06547e0 JavaThread "Unconstrained build operations Thread 30" [_thread_blocked, id=22820, stack(0x0000003e47500000,0x0000003e47600000)]
  0x00000227b53f6d30 JavaThread "Unconstrained build operations Thread 31" [_thread_blocked, id=18240, stack(0x0000003e47600000,0x0000003e47700000)]
  0x00000227b53f7200 JavaThread "Unconstrained build operations Thread 32" [_thread_blocked, id=29672, stack(0x0000003e47700000,0x0000003e47800000)]
  0x00000227b53f76d0 JavaThread "Unconstrained build operations Thread 33" [_thread_blocked, id=11260, stack(0x0000003e47800000,0x0000003e47900000)]
  0x00000227b53b25b0 JavaThread "Unconstrained build operations Thread 34" [_thread_blocked, id=3804, stack(0x0000003e47900000,0x0000003e47a00000)]
  0x00000227b53b2a80 JavaThread "Unconstrained build operations Thread 35" [_thread_blocked, id=33068, stack(0x0000003e47a00000,0x0000003e47b00000)]
  0x00000227b53b2f50 JavaThread "Unconstrained build operations Thread 36" [_thread_blocked, id=19348, stack(0x0000003e47b00000,0x0000003e47c00000)]
  0x00000227ae829190 JavaThread "Unconstrained build operations Thread 37" [_thread_blocked, id=35944, stack(0x0000003e47c00000,0x0000003e47d00000)]
  0x00000227ae829b30 JavaThread "Unconstrained build operations Thread 38" [_thread_blocked, id=31484, stack(0x0000003e47d00000,0x0000003e47e00000)]
  0x00000227ae828cc0 JavaThread "Unconstrained build operations Thread 39" [_thread_blocked, id=8600, stack(0x0000003e47e00000,0x0000003e47f00000)]
  0x00000227b6ed8560 JavaThread "Unconstrained build operations Thread 40" [_thread_blocked, id=30872, stack(0x0000003e47f00000,0x0000003e48000000)]
  0x00000227b0ebcae0 JavaThread "WorkerExecutor Queue" [_thread_blocked, id=20460, stack(0x0000003e48000000,0x0000003e48100000)]
  0x00000227b0ebb2d0 JavaThread "WorkerExecutor Queue Thread 2" [_thread_blocked, id=35552, stack(0x0000003e48100000,0x0000003e48200000)]

Other Threads:
=>0x00000227876b5c80 VMThread "VM Thread" [stack: 0x0000003e40800000,0x0000003e40900000] [id=14964]
  0x0000022787614a40 WatcherThread "VM Periodic Task Thread" [stack: 0x0000003e41700000,0x0000003e41800000] [id=504]
  0x0000022787654c90 WorkerThread "GC Thread#0" [stack: 0x0000003e40300000,0x0000003e40400000] [id=20284]
  0x00000227a9d091b0 WorkerThread "GC Thread#1" [stack: 0x0000003e41900000,0x0000003e41a00000] [id=20372]
  0x00000227aa25ea40 WorkerThread "GC Thread#2" [stack: 0x0000003e41a00000,0x0000003e41b00000] [id=38448]
  0x00000227aa25ece0 WorkerThread "GC Thread#3" [stack: 0x0000003e41b00000,0x0000003e41c00000] [id=35136]
  0x00000227aa25ef80 WorkerThread "GC Thread#4" [stack: 0x0000003e41c00000,0x0000003e41d00000] [id=36400]
  0x00000227aa25f220 WorkerThread "GC Thread#5" [stack: 0x0000003e41d00000,0x0000003e41e00000] [id=19356]
  0x00000227a9e22f50 WorkerThread "GC Thread#6" [stack: 0x0000003e41e00000,0x0000003e41f00000] [id=27456]
  0x00000227a9e83b60 WorkerThread "GC Thread#7" [stack: 0x0000003e41f00000,0x0000003e42000000] [id=29408]
  0x00000227aa01a3f0 WorkerThread "GC Thread#8" [stack: 0x0000003e42000000,0x0000003e42100000] [id=21256]
  0x00000227aa01a690 WorkerThread "GC Thread#9" [stack: 0x0000003e42100000,0x0000003e42200000] [id=23992]
  0x00000227aa01ad30 WorkerThread "GC Thread#10" [stack: 0x0000003e42200000,0x0000003e42300000] [id=11520]
  0x00000227aa2a10e0 WorkerThread "GC Thread#11" [stack: 0x0000003e42300000,0x0000003e42400000] [id=16000]
  0x00000227ad716f40 WorkerThread "GC Thread#12" [stack: 0x0000003e43400000,0x0000003e43500000] [id=27328]
  0x00000227ad7171e0 WorkerThread "GC Thread#13" [stack: 0x0000003e43500000,0x0000003e43600000] [id=31936]
  0x00000227ab611aa0 WorkerThread "GC Thread#14" [stack: 0x0000003e43600000,0x0000003e43700000] [id=13828]
  0x000002278765dad0 ConcurrentGCThread "G1 Main Marker" [stack: 0x0000003e40400000,0x0000003e40500000] [id=5112]
  0x000002278765e3d0 WorkerThread "G1 Conc#0" [stack: 0x0000003e40500000,0x0000003e40600000] [id=9308]
  0x00000227aa8ae6a0 WorkerThread "G1 Conc#1" [stack: 0x0000003e43700000,0x0000003e43800000] [id=15776]
  0x00000227aa8ae940 WorkerThread "G1 Conc#2" [stack: 0x0000003e43800000,0x0000003e43900000] [id=8964]
  0x00000227aa8ae400 WorkerThread "G1 Conc#3" [stack: 0x0000003e43900000,0x0000003e43a00000] [id=9012]
  0x00000227a568ff20 ConcurrentGCThread "G1 Refine#0" [stack: 0x0000003e40600000,0x0000003e40700000] [id=9704]
  0x00000227ae394e90 ConcurrentGCThread "G1 Refine#1" [stack: 0x0000003e44900000,0x0000003e44a00000] [id=35196]
  0x00000227ae3967e0 ConcurrentGCThread "G1 Refine#2" [stack: 0x0000003e44d00000,0x0000003e44e00000] [id=21220]
  0x00000227ae3975f0 ConcurrentGCThread "G1 Refine#3" [stack: 0x0000003e44e00000,0x0000003e44f00000] [id=4616]
  0x00000227ae396ab0 ConcurrentGCThread "G1 Refine#4" [stack: 0x0000003e44f00000,0x0000003e45000000] [id=29840]
  0x00000227ae393db0 ConcurrentGCThread "G1 Refine#5" [stack: 0x0000003e45000000,0x0000003e45100000] [id=38496]
  0x00000227ae394080 ConcurrentGCThread "G1 Refine#6" [stack: 0x0000003e45100000,0x0000003e45200000] [id=4328]
  0x00000227ae394350 ConcurrentGCThread "G1 Refine#7" [stack: 0x0000003e45200000,0x0000003e45300000] [id=15780]
  0x00000227ae3959d0 ConcurrentGCThread "G1 Refine#8" [stack: 0x0000003e45300000,0x0000003e45400000] [id=31912]
  0x00000227ae394620 ConcurrentGCThread "G1 Refine#9" [stack: 0x0000003e45400000,0x0000003e45500000] [id=30664]
  0x00000227b6c1dba0 ConcurrentGCThread "G1 Refine#10" [stack: 0x0000003e48200000,0x0000003e48300000] [id=15032]
  0x00000227b6c1d600 ConcurrentGCThread "G1 Refine#11" [stack: 0x0000003e48300000,0x0000003e48400000] [id=15604]
  0x00000227b6c1de70 ConcurrentGCThread "G1 Refine#12" [stack: 0x0000003e48400000,0x0000003e48500000] [id=29612]
  0x00000227b6c1cac0 ConcurrentGCThread "G1 Refine#13" [stack: 0x0000003e48500000,0x0000003e48600000] [id=33220]
  0x00000227b6c1c250 ConcurrentGCThread "G1 Refine#14" [stack: 0x0000003e48600000,0x0000003e48700000] [id=20544]
  0x00000227a56915f0 ConcurrentGCThread "G1 Service" [stack: 0x0000003e40700000,0x0000003e40800000] [id=28116]

Threads with active compile tasks:
C2 CompilerThread0    17945 17334       4       com.android.tools.r8.internal.cA::next (5 bytes)
C1 CompilerThread0    17945 17338       3       com.android.tools.r8.ir.optimize.Z::a (129 bytes)
C1 CompilerThread1    17945 17304       3       java.util.PriorityQueue::siftDown (41 bytes)
C1 CompilerThread2    17945 17337       3       com.android.tools.r8.internal.CQ::a (246 bytes)
C1 CompilerThread3    17945 17311       3       com.android.tools.r8.internal.CQ$$Lambda$2291/0x0000000801cea070::test (12 bytes)
C2 CompilerThread1    17945 17286       4       com.android.tools.r8.internal.aA::F (338 bytes)
C2 CompilerThread2    17945 17268       4       com.android.tools.r8.internal.K5::a (220 bytes)
C2 CompilerThread3    17945 17027 %     4       com.android.tools.r8.internal.f40::a @ 368 (496 bytes)
C2 CompilerThread4    17945 17320       4       com.android.tools.r8.internal.TF::a (170 bytes)
C2 CompilerThread5    17945 17293       4       java.util.ArrayDeque::contains (80 bytes)
C2 CompilerThread6    17945 17248       4       com.android.tools.r8.internal.pE::a (951 bytes)

VM state: at safepoint (normal execution)

VM Mutex/Monitor currently owned by a thread:  ([mutex/lock_event])
[0x0000022787610fd0] Threads_lock - owner thread: 0x00000227876b5c80
[0x0000022787611690] Heap_lock - owner thread: 0x000002278765dad0

Heap address: 0x00000000c0000000, size: 1024 MB, Compressed Oops mode: 32-bit

CDS archive(s) mapped at: [0x0000000800000000-0x0000000800ba0000-0x0000000800ba0000), size 12189696, SharedBaseAddress: 0x0000000800000000, ArchiveRelocationMode: 0.
Compressed class space mapped at: 0x0000000800c00000-0x0000000840c00000, reserved size: 1073741824
Narrow klass base: 0x0000000800000000, Narrow klass shift: 0, Narrow klass range: 0x100000000

GC Precious Log:
 CardTable entry size: 512
 Card Set container configuration: InlinePtr #cards 5 size 8 Array Of Cards #cards 12 size 40 Howl #buckets 4 coarsen threshold 1843 Howl Bitmap #cards 512 size 80 coarsen threshold 460 Card regions per heap region 1 cards per card region 2048
 CPUs: 20 total, 20 available
 Memory: 16128M
 Large Page Support: Disabled
 NUMA Support: Disabled
 Compressed Oops: Enabled (32-bit)
 Heap Region Size: 1M
 Heap Min Capacity: 512M
 Heap Initial Capacity: 512M
 Heap Max Capacity: 1G
 Pre-touch: Disabled
 Parallel Workers: 15
 Concurrent Workers: 4
 Concurrent Refinement Workers: 15
 Periodic GC: Disabled

Heap:
 garbage-first heap   total 655360K, used 481887K [0x00000000c0000000, 0x0000000100000000)
  region size 1024K, 24 young (24576K), 14 survivors (14336K)
 Metaspace       used 118376K, committed 120832K, reserved 1179648K
  class space    used 16196K, committed 17536K, reserved 1048576K

Heap Regions: E=young(eden), S=young(survivor), O=old, HS=humongous(starts), HC=humongous(continues), CS=collection set, F=free, OA=open archive, CA=closed archive, TAMS=top-at-mark-start (previous, next)
|   0|0x00000000c0000000, 0x00000000c0100000, 0x00000000c0100000|100%|HS|  |TAMS 0x00000000c0100000, 0x00000000c0000000| Complete 
|   1|0x00000000c0100000, 0x00000000c0200000, 0x00000000c0200000|100%|HC|  |TAMS 0x00000000c0200000, 0x00000000c0100000| Complete 
|   2|0x00000000c0200000, 0x00000000c0300000, 0x00000000c0300000|100%|HC|  |TAMS 0x00000000c0300000, 0x00000000c0200000| Complete 
|   3|0x00000000c0300000, 0x00000000c0400000, 0x00000000c0400000|100%|HC|  |TAMS 0x00000000c0400000, 0x00000000c0300000| Complete 
|   4|0x00000000c0400000, 0x00000000c0500000, 0x00000000c0500000|100%| O|  |TAMS 0x00000000c0500000, 0x00000000c0400000| Untracked 
|   5|0x00000000c0500000, 0x00000000c0600000, 0x00000000c0600000|100%|HS|  |TAMS 0x00000000c0600000, 0x00000000c0500000| Complete 
|   6|0x00000000c0600000, 0x00000000c0700000, 0x00000000c0700000|100%| O|  |TAMS 0x00000000c0700000, 0x00000000c0600000| Untracked 
|   7|0x00000000c0700000, 0x00000000c0800000, 0x00000000c0800000|100%| O|  |TAMS 0x00000000c0800000, 0x00000000c0700000| Untracked 
|   8|0x00000000c0800000, 0x00000000c0900000, 0x00000000c0900000|100%| O|  |TAMS 0x00000000c0900000, 0x00000000c0800000| Untracked 
|   9|0x00000000c0900000, 0x00000000c0a00000, 0x00000000c0a00000|100%| O|  |TAMS 0x00000000c0a00000, 0x00000000c0900000| Untracked 
|  10|0x00000000c0a00000, 0x00000000c0b00000, 0x00000000c0b00000|100%|HS|  |TAMS 0x00000000c0b00000, 0x00000000c0a00000| Complete 
|  11|0x00000000c0b00000, 0x00000000c0c00000, 0x00000000c0c00000|100%| O|  |TAMS 0x00000000c0c00000, 0x00000000c0b00000| Untracked 
|  12|0x00000000c0c00000, 0x00000000c0d00000, 0x00000000c0d00000|100%| O|  |TAMS 0x00000000c0d00000, 0x00000000c0c00000| Untracked 
|  13|0x00000000c0d00000, 0x00000000c0e00000, 0x00000000c0e00000|100%| O|  |TAMS 0x00000000c0e00000, 0x00000000c0d00000| Untracked 
|  14|0x00000000c0e00000, 0x00000000c0f00000, 0x00000000c0f00000|100%| O|  |TAMS 0x00000000c0f00000, 0x00000000c0e00000| Untracked 
|  15|0x00000000c0f00000, 0x00000000c1000000, 0x00000000c1000000|100%| O|  |TAMS 0x00000000c1000000, 0x00000000c0f00000| Untracked 
|  16|0x00000000c1000000, 0x00000000c1100000, 0x00000000c1100000|100%| O|  |TAMS 0x00000000c1100000, 0x00000000c1000000| Untracked 
|  17|0x00000000c1100000, 0x00000000c1200000, 0x00000000c1200000|100%| O|  |TAMS 0x00000000c1200000, 0x00000000c1100000| Untracked 
|  18|0x00000000c1200000, 0x00000000c1300000, 0x00000000c1300000|100%| O|  |TAMS 0x00000000c1300000, 0x00000000c1200000| Untracked 
|  19|0x00000000c1300000, 0x00000000c1400000, 0x00000000c1400000|100%| O|  |TAMS 0x00000000c1400000, 0x00000000c1300000| Untracked 
|  20|0x00000000c1400000, 0x00000000c1500000, 0x00000000c1500000|100%| O|  |TAMS 0x00000000c1500000, 0x00000000c1400000| Untracked 
|  21|0x00000000c1500000, 0x00000000c1600000, 0x00000000c1600000|100%| O|  |TAMS 0x00000000c1600000, 0x00000000c1500000| Untracked 
|  22|0x00000000c1600000, 0x00000000c1700000, 0x00000000c1700000|100%| O|  |TAMS 0x00000000c1700000, 0x00000000c1600000| Untracked 
|  23|0x00000000c1700000, 0x00000000c1800000, 0x00000000c1800000|100%| O|  |TAMS 0x00000000c1800000, 0x00000000c1700000| Untracked 
|  24|0x00000000c1800000, 0x00000000c1900000, 0x00000000c1900000|100%| O|  |TAMS 0x00000000c1900000, 0x00000000c1800000| Untracked 
|  25|0x00000000c1900000, 0x00000000c1a00000, 0x00000000c1a00000|100%| O|  |TAMS 0x00000000c1a00000, 0x00000000c1900000| Untracked 
|  26|0x00000000c1a00000, 0x00000000c1b00000, 0x00000000c1b00000|100%| O|  |TAMS 0x00000000c1b00000, 0x00000000c1a00000| Untracked 
|  27|0x00000000c1b00000, 0x00000000c1c00000, 0x00000000c1c00000|100%| O|  |TAMS 0x00000000c1c00000, 0x00000000c1b00000| Untracked 
|  28|0x00000000c1c00000, 0x00000000c1d00000, 0x00000000c1d00000|100%| O|  |TAMS 0x00000000c1d00000, 0x00000000c1c00000| Untracked 
|  29|0x00000000c1d00000, 0x00000000c1e00000, 0x00000000c1e00000|100%|HS|  |TAMS 0x00000000c1e00000, 0x00000000c1d00000| Complete 
|  30|0x00000000c1e00000, 0x00000000c1f00000, 0x00000000c1f00000|100%|HS|  |TAMS 0x00000000c1f00000, 0x00000000c1e00000| Complete 
|  31|0x00000000c1f00000, 0x00000000c2000000, 0x00000000c2000000|100%|HC|  |TAMS 0x00000000c2000000, 0x00000000c1f00000| Complete 
|  32|0x00000000c2000000, 0x00000000c2100000, 0x00000000c2100000|100%|HS|  |TAMS 0x00000000c2100000, 0x00000000c2000000| Complete 
|  33|0x00000000c2100000, 0x00000000c2200000, 0x00000000c2200000|100%|HC|  |TAMS 0x00000000c2200000, 0x00000000c2100000| Complete 
|  34|0x00000000c2200000, 0x00000000c2300000, 0x00000000c2300000|100%|HS|  |TAMS 0x00000000c2300000, 0x00000000c2200000| Complete 
|  35|0x00000000c2300000, 0x00000000c2400000, 0x00000000c2400000|100%|HS|  |TAMS 0x00000000c2400000, 0x00000000c2300000| Complete 
|  36|0x00000000c2400000, 0x00000000c2500000, 0x00000000c2500000|100%|HC|  |TAMS 0x00000000c2500000, 0x00000000c2400000| Complete 
|  37|0x00000000c2500000, 0x00000000c2600000, 0x00000000c2600000|100%|HC|  |TAMS 0x00000000c2600000, 0x00000000c2500000| Complete 
|  38|0x00000000c2600000, 0x00000000c2700000, 0x00000000c2700000|100%|HS|  |TAMS 0x00000000c2700000, 0x00000000c2600000| Complete 
|  39|0x00000000c2700000, 0x00000000c2800000, 0x00000000c2800000|100%| O|  |TAMS 0x00000000c2800000, 0x00000000c2700000| Untracked 
|  40|0x00000000c2800000, 0x00000000c2900000, 0x00000000c2900000|100%|HS|  |TAMS 0x00000000c2900000, 0x00000000c2800000| Complete 
|  41|0x00000000c2900000, 0x00000000c2a00000, 0x00000000c2a00000|100%|HS|  |TAMS 0x00000000c2a00000, 0x00000000c2900000| Complete 
|  42|0x00000000c2a00000, 0x00000000c2b00000, 0x00000000c2b00000|100%| O|  |TAMS 0x00000000c2b00000, 0x00000000c2a00000| Untracked 
|  43|0x00000000c2b00000, 0x00000000c2c00000, 0x00000000c2c00000|100%| O|  |TAMS 0x00000000c2c00000, 0x00000000c2b00000| Untracked 
|  44|0x00000000c2c00000, 0x00000000c2d00000, 0x00000000c2d00000|100%| O|  |TAMS 0x00000000c2d00000, 0x00000000c2c00000| Untracked 
|  45|0x00000000c2d00000, 0x00000000c2e00000, 0x00000000c2e00000|100%|HS|  |TAMS 0x00000000c2e00000, 0x00000000c2d00000| Complete 
|  46|0x00000000c2e00000, 0x00000000c2f00000, 0x00000000c2f00000|100%|HS|  |TAMS 0x00000000c2f00000, 0x00000000c2e00000| Complete 
|  47|0x00000000c2f00000, 0x00000000c3000000, 0x00000000c3000000|100%|HC|  |TAMS 0x00000000c3000000, 0x00000000c2f00000| Complete 
|  48|0x00000000c3000000, 0x00000000c3100000, 0x00000000c3100000|100%|HC|  |TAMS 0x00000000c3100000, 0x00000000c3000000| Complete 
|  49|0x00000000c3100000, 0x00000000c3200000, 0x00000000c3200000|100%| O|  |TAMS 0x00000000c3200000, 0x00000000c3100000| Untracked 
|  50|0x00000000c3200000, 0x00000000c3300000, 0x00000000c3300000|100%| O|  |TAMS 0x00000000c3300000, 0x00000000c3200000| Untracked 
|  51|0x00000000c3300000, 0x00000000c3400000, 0x00000000c3400000|100%| O|  |TAMS 0x00000000c3400000, 0x00000000c3300000| Untracked 
|  52|0x00000000c3400000, 0x00000000c3500000, 0x00000000c3500000|100%| O|  |TAMS 0x00000000c3500000, 0x00000000c3400000| Untracked 
|  53|0x00000000c3500000, 0x00000000c3600000, 0x00000000c3600000|100%| O|  |TAMS 0x00000000c3600000, 0x00000000c3500000| Untracked 
|  54|0x00000000c3600000, 0x00000000c3700000, 0x00000000c3700000|100%| O|  |TAMS 0x00000000c3700000, 0x00000000c3600000| Untracked 
|  55|0x00000000c3700000, 0x00000000c3800000, 0x00000000c3800000|100%| O|  |TAMS 0x00000000c3800000, 0x00000000c3700000| Untracked 
|  56|0x00000000c3800000, 0x00000000c3900000, 0x00000000c3900000|100%| O|  |TAMS 0x00000000c3900000, 0x00000000c3800000| Untracked 
|  57|0x00000000c3900000, 0x00000000c3a00000, 0x00000000c3a00000|100%| O|  |TAMS 0x00000000c3a00000, 0x00000000c3900000| Untracked 
|  58|0x00000000c3a00000, 0x00000000c3b00000, 0x00000000c3b00000|100%| O|  |TAMS 0x00000000c3b00000, 0x00000000c3a00000| Untracked 
|  59|0x00000000c3b00000, 0x00000000c3c00000, 0x00000000c3c00000|100%| O|  |TAMS 0x00000000c3c00000, 0x00000000c3b00000| Untracked 
|  60|0x00000000c3c00000, 0x00000000c3d00000, 0x00000000c3d00000|100%| O|  |TAMS 0x00000000c3d00000, 0x00000000c3c00000| Untracked 
|  61|0x00000000c3d00000, 0x00000000c3e00000, 0x00000000c3e00000|100%| O|  |TAMS 0x00000000c3e00000, 0x00000000c3d00000| Untracked 
|  62|0x00000000c3e00000, 0x00000000c3f00000, 0x00000000c3f00000|100%| O|  |TAMS 0x00000000c3f00000, 0x00000000c3e00000| Untracked 
|  63|0x00000000c3f00000, 0x00000000c4000000, 0x00000000c4000000|100%| O|  |TAMS 0x00000000c4000000, 0x00000000c3f00000| Untracked 
|  64|0x00000000c4000000, 0x00000000c4100000, 0x00000000c4100000|100%| O|  |TAMS 0x00000000c4100000, 0x00000000c4000000| Untracked 
|  65|0x00000000c4100000, 0x00000000c4200000, 0x00000000c4200000|100%| O|  |TAMS 0x00000000c4200000, 0x00000000c4100000| Untracked 
|  66|0x00000000c4200000, 0x00000000c4300000, 0x00000000c4300000|100%| O|  |TAMS 0x00000000c4300000, 0x00000000c4200000| Untracked 
|  67|0x00000000c4300000, 0x00000000c4400000, 0x00000000c4400000|100%| O|  |TAMS 0x00000000c4400000, 0x00000000c4300000| Untracked 
|  68|0x00000000c4400000, 0x00000000c4500000, 0x00000000c4500000|100%| O|  |TAMS 0x00000000c4500000, 0x00000000c4400000| Untracked 
|  69|0x00000000c4500000, 0x00000000c4600000, 0x00000000c4600000|100%| O|  |TAMS 0x00000000c4600000, 0x00000000c4500000| Untracked 
|  70|0x00000000c4600000, 0x00000000c4700000, 0x00000000c4700000|100%| O|  |TAMS 0x00000000c4700000, 0x00000000c4600000| Untracked 
|  71|0x00000000c4700000, 0x00000000c4800000, 0x00000000c4800000|100%| O|  |TAMS 0x00000000c4800000, 0x00000000c4700000| Untracked 
|  72|0x00000000c4800000, 0x00000000c4900000, 0x00000000c4900000|100%| O|  |TAMS 0x00000000c4900000, 0x00000000c4800000| Untracked 
|  73|0x00000000c4900000, 0x00000000c4a00000, 0x00000000c4a00000|100%| O|  |TAMS 0x00000000c4a00000, 0x00000000c4900000| Untracked 
|  74|0x00000000c4a00000, 0x00000000c4b00000, 0x00000000c4b00000|100%| O|  |TAMS 0x00000000c4b00000, 0x00000000c4a00000| Untracked 
|  75|0x00000000c4b00000, 0x00000000c4c00000, 0x00000000c4c00000|100%| O|  |TAMS 0x00000000c4c00000, 0x00000000c4b00000| Untracked 
|  76|0x00000000c4c00000, 0x00000000c4d00000, 0x00000000c4d00000|100%| O|  |TAMS 0x00000000c4d00000, 0x00000000c4c00000| Untracked 
|  77|0x00000000c4d00000, 0x00000000c4e00000, 0x00000000c4e00000|100%| O|  |TAMS 0x00000000c4e00000, 0x00000000c4d00000| Untracked 
|  78|0x00000000c4e00000, 0x00000000c4f00000, 0x00000000c4f00000|100%| O|  |TAMS 0x00000000c4f00000, 0x00000000c4e00000| Untracked 
|  79|0x00000000c4f00000, 0x00000000c5000000, 0x00000000c5000000|100%| O|  |TAMS 0x00000000c5000000, 0x00000000c4f00000| Untracked 
|  80|0x00000000c5000000, 0x00000000c5100000, 0x00000000c5100000|100%| O|  |TAMS 0x00000000c5100000, 0x00000000c5000000| Untracked 
|  81|0x00000000c5100000, 0x00000000c5200000, 0x00000000c5200000|100%| O|  |TAMS 0x00000000c5200000, 0x00000000c5100000| Untracked 
|  82|0x00000000c5200000, 0x00000000c5300000, 0x00000000c5300000|100%| O|  |TAMS 0x00000000c5300000, 0x00000000c5200000| Untracked 
|  83|0x00000000c5300000, 0x00000000c5400000, 0x00000000c5400000|100%| O|  |TAMS 0x00000000c5400000, 0x00000000c5300000| Untracked 
|  84|0x00000000c5400000, 0x00000000c5500000, 0x00000000c5500000|100%| O|  |TAMS 0x00000000c5500000, 0x00000000c5400000| Updating 
|  85|0x00000000c5500000, 0x00000000c5600000, 0x00000000c5600000|100%|HS|  |TAMS 0x00000000c5600000, 0x00000000c5500000| Complete 
|  86|0x00000000c5600000, 0x00000000c5700000, 0x00000000c5700000|100%|HC|  |TAMS 0x00000000c5700000, 0x00000000c5600000| Complete 
|  87|0x00000000c5700000, 0x00000000c5800000, 0x00000000c5800000|100%| O|  |TAMS 0x00000000c5800000, 0x00000000c5700000| Untracked 
|  88|0x00000000c5800000, 0x00000000c5900000, 0x00000000c5900000|100%| O|  |TAMS 0x00000000c5900000, 0x00000000c5800000| Untracked 
|  89|0x00000000c5900000, 0x00000000c5a00000, 0x00000000c5a00000|100%| O|  |TAMS 0x00000000c5a00000, 0x00000000c5900000| Untracked 
|  90|0x00000000c5a00000, 0x00000000c5b00000, 0x00000000c5b00000|100%| O|  |TAMS 0x00000000c5b00000, 0x00000000c5a00000| Untracked 
|  91|0x00000000c5b00000, 0x00000000c5c00000, 0x00000000c5c00000|100%| O|  |TAMS 0x00000000c5c00000, 0x00000000c5b00000| Untracked 
|  92|0x00000000c5c00000, 0x00000000c5d00000, 0x00000000c5d00000|100%| O|  |TAMS 0x00000000c5d00000, 0x00000000c5c00000| Untracked 
|  93|0x00000000c5d00000, 0x00000000c5e00000, 0x00000000c5e00000|100%| O|  |TAMS 0x00000000c5e00000, 0x00000000c5d00000| Untracked 
|  94|0x00000000c5e00000, 0x00000000c5f00000, 0x00000000c5f00000|100%| O|  |TAMS 0x00000000c5f00000, 0x00000000c5e00000| Untracked 
|  95|0x00000000c5f00000, 0x00000000c6000000, 0x00000000c6000000|100%| O|  |TAMS 0x00000000c6000000, 0x00000000c5f00000| Untracked 
|  96|0x00000000c6000000, 0x00000000c6100000, 0x00000000c6100000|100%| O|  |TAMS 0x00000000c6100000, 0x00000000c6000000| Untracked 
|  97|0x00000000c6100000, 0x00000000c6200000, 0x00000000c6200000|100%| O|  |TAMS 0x00000000c6200000, 0x00000000c6100000| Untracked 
|  98|0x00000000c6200000, 0x00000000c6300000, 0x00000000c6300000|100%| O|  |TAMS 0x00000000c6300000, 0x00000000c6200000| Untracked 
|  99|0x00000000c6300000, 0x00000000c6400000, 0x00000000c6400000|100%| O|  |TAMS 0x00000000c6400000, 0x00000000c6300000| Untracked 
| 100|0x00000000c6400000, 0x00000000c6500000, 0x00000000c6500000|100%| O|  |TAMS 0x00000000c6500000, 0x00000000c6400000| Untracked 
| 101|0x00000000c6500000, 0x00000000c6600000, 0x00000000c6600000|100%| O|  |TAMS 0x00000000c6600000, 0x00000000c6500000| Untracked 
| 102|0x00000000c6600000, 0x00000000c6700000, 0x00000000c6700000|100%| O|  |TAMS 0x00000000c6700000, 0x00000000c6600000| Untracked 
| 103|0x00000000c6700000, 0x00000000c6800000, 0x00000000c6800000|100%| O|  |TAMS 0x00000000c6800000, 0x00000000c6700000| Untracked 
| 104|0x00000000c6800000, 0x00000000c6900000, 0x00000000c6900000|100%| O|  |TAMS 0x00000000c6900000, 0x00000000c6800000| Untracked 
| 105|0x00000000c6900000, 0x00000000c6a00000, 0x00000000c6a00000|100%| O|  |TAMS 0x00000000c6a00000, 0x00000000c6900000| Untracked 
| 106|0x00000000c6a00000, 0x00000000c6b00000, 0x00000000c6b00000|100%| O|  |TAMS 0x00000000c6b00000, 0x00000000c6a00000| Untracked 
| 107|0x00000000c6b00000, 0x00000000c6c00000, 0x00000000c6c00000|100%| O|  |TAMS 0x00000000c6c00000, 0x00000000c6b00000| Untracked 
| 108|0x00000000c6c00000, 0x00000000c6d00000, 0x00000000c6d00000|100%| O|  |TAMS 0x00000000c6d00000, 0x00000000c6c00000| Untracked 
| 109|0x00000000c6d00000, 0x00000000c6e00000, 0x00000000c6e00000|100%| O|  |TAMS 0x00000000c6e00000, 0x00000000c6d00000| Untracked 
| 110|0x00000000c6e00000, 0x00000000c6f00000, 0x00000000c6f00000|100%| O|  |TAMS 0x00000000c6f00000, 0x00000000c6e00000| Untracked 
| 111|0x00000000c6f00000, 0x00000000c7000000, 0x00000000c7000000|100%| O|  |TAMS 0x00000000c7000000, 0x00000000c6f00000| Untracked 
| 112|0x00000000c7000000, 0x00000000c7100000, 0x00000000c7100000|100%| O|  |TAMS 0x00000000c7100000, 0x00000000c7000000| Untracked 
| 113|0x00000000c7100000, 0x00000000c7200000, 0x00000000c7200000|100%| O|  |TAMS 0x00000000c7200000, 0x00000000c7100000| Untracked 
| 114|0x00000000c7200000, 0x00000000c7300000, 0x00000000c7300000|100%| O|  |TAMS 0x00000000c7300000, 0x00000000c7200000| Untracked 
| 115|0x00000000c7300000, 0x00000000c7400000, 0x00000000c7400000|100%| O|  |TAMS 0x00000000c7400000, 0x00000000c7300000| Untracked 
| 116|0x00000000c7400000, 0x00000000c7500000, 0x00000000c7500000|100%| O|  |TAMS 0x00000000c7500000, 0x00000000c7400000| Untracked 
| 117|0x00000000c7500000, 0x00000000c7600000, 0x00000000c7600000|100%| O|  |TAMS 0x00000000c7600000, 0x00000000c7500000| Untracked 
| 118|0x00000000c7600000, 0x00000000c7700000, 0x00000000c7700000|100%| O|  |TAMS 0x00000000c7700000, 0x00000000c7600000| Untracked 
| 119|0x00000000c7700000, 0x00000000c7800000, 0x00000000c7800000|100%| O|  |TAMS 0x00000000c7800000, 0x00000000c7700000| Untracked 
| 120|0x00000000c7800000, 0x00000000c7900000, 0x00000000c7900000|100%| O|  |TAMS 0x00000000c7900000, 0x00000000c7800000| Untracked 
| 121|0x00000000c7900000, 0x00000000c7a00000, 0x00000000c7a00000|100%| O|  |TAMS 0x00000000c7a00000, 0x00000000c7900000| Untracked 
| 122|0x00000000c7a00000, 0x00000000c7b00000, 0x00000000c7b00000|100%| O|  |TAMS 0x00000000c7b00000, 0x00000000c7a00000| Untracked 
| 123|0x00000000c7b00000, 0x00000000c7c00000, 0x00000000c7c00000|100%| O|  |TAMS 0x00000000c7c00000, 0x00000000c7b00000| Untracked 
| 124|0x00000000c7c00000, 0x00000000c7d00000, 0x00000000c7d00000|100%| O|  |TAMS 0x00000000c7d00000, 0x00000000c7c00000| Untracked 
| 125|0x00000000c7d00000, 0x00000000c7e00000, 0x00000000c7e00000|100%| O|  |TAMS 0x00000000c7e00000, 0x00000000c7d00000| Untracked 
| 126|0x00000000c7e00000, 0x00000000c7f00000, 0x00000000c7f00000|100%| O|  |TAMS 0x00000000c7f00000, 0x00000000c7e00000| Untracked 
| 127|0x00000000c7f00000, 0x00000000c8000000, 0x00000000c8000000|100%| O|  |TAMS 0x00000000c8000000, 0x00000000c7f00000| Untracked 
| 128|0x00000000c8000000, 0x00000000c8100000, 0x00000000c8100000|100%| O|  |TAMS 0x00000000c8100000, 0x00000000c8000000| Untracked 
| 129|0x00000000c8100000, 0x00000000c8200000, 0x00000000c8200000|100%| O|  |TAMS 0x00000000c8200000, 0x00000000c8100000| Updating 
| 130|0x00000000c8200000, 0x00000000c8300000, 0x00000000c8300000|100%| O|  |TAMS 0x00000000c8300000, 0x00000000c8200000| Updating 
| 131|0x00000000c8300000, 0x00000000c8400000, 0x00000000c8400000|100%| O|  |TAMS 0x00000000c8400000, 0x00000000c8300000| Untracked 
| 132|0x00000000c8400000, 0x00000000c8500000, 0x00000000c8500000|100%| O|  |TAMS 0x00000000c8500000, 0x00000000c8400000| Untracked 
| 133|0x00000000c8500000, 0x00000000c8600000, 0x00000000c8600000|100%| O|  |TAMS 0x00000000c8600000, 0x00000000c8500000| Untracked 
| 134|0x00000000c8600000, 0x00000000c8700000, 0x00000000c8700000|100%| O|  |TAMS 0x00000000c8700000, 0x00000000c8600000| Untracked 
| 135|0x00000000c8700000, 0x00000000c8800000, 0x00000000c8800000|100%| O|  |TAMS 0x00000000c8800000, 0x00000000c8700000| Untracked 
| 136|0x00000000c8800000, 0x00000000c8900000, 0x00000000c8900000|100%| O|  |TAMS 0x00000000c8900000, 0x00000000c8800000| Untracked 
| 137|0x00000000c8900000, 0x00000000c8a00000, 0x00000000c8a00000|100%| O|  |TAMS 0x00000000c8a00000, 0x00000000c8900000| Updating 
| 138|0x00000000c8a00000, 0x00000000c8b00000, 0x00000000c8b00000|100%| O|  |TAMS 0x00000000c8b00000, 0x00000000c8a00000| Untracked 
| 139|0x00000000c8b00000, 0x00000000c8c00000, 0x00000000c8c00000|100%| O|  |TAMS 0x00000000c8c00000, 0x00000000c8b00000| Untracked 
| 140|0x00000000c8c00000, 0x00000000c8d00000, 0x00000000c8d00000|100%| O|  |TAMS 0x00000000c8d00000, 0x00000000c8c00000| Untracked 
| 141|0x00000000c8d00000, 0x00000000c8e00000, 0x00000000c8e00000|100%| O|  |TAMS 0x00000000c8e00000, 0x00000000c8d00000| Untracked 
| 142|0x00000000c8e00000, 0x00000000c8f00000, 0x00000000c8f00000|100%| O|  |TAMS 0x00000000c8f00000, 0x00000000c8e00000| Untracked 
| 143|0x00000000c8f00000, 0x00000000c9000000, 0x00000000c9000000|100%| O|  |TAMS 0x00000000c9000000, 0x00000000c8f00000| Untracked 
| 144|0x00000000c9000000, 0x00000000c9100000, 0x00000000c9100000|100%| O|  |TAMS 0x00000000c9100000, 0x00000000c9000000| Untracked 
| 145|0x00000000c9100000, 0x00000000c9200000, 0x00000000c9200000|100%| O|  |TAMS 0x00000000c9200000, 0x00000000c9100000| Untracked 
| 146|0x00000000c9200000, 0x00000000c9300000, 0x00000000c9300000|100%| O|  |TAMS 0x00000000c9300000, 0x00000000c9200000| Untracked 
| 147|0x00000000c9300000, 0x00000000c9400000, 0x00000000c9400000|100%| O|  |TAMS 0x00000000c9400000, 0x00000000c9300000| Untracked 
| 148|0x00000000c9400000, 0x00000000c9500000, 0x00000000c9500000|100%| O|  |TAMS 0x00000000c9500000, 0x00000000c9400000| Untracked 
| 149|0x00000000c9500000, 0x00000000c9600000, 0x00000000c9600000|100%| O|  |TAMS 0x00000000c9600000, 0x00000000c9500000| Untracked 
| 150|0x00000000c9600000, 0x00000000c9700000, 0x00000000c9700000|100%| O|  |TAMS 0x00000000c9700000, 0x00000000c9600000| Untracked 
| 151|0x00000000c9700000, 0x00000000c9800000, 0x00000000c9800000|100%| O|  |TAMS 0x00000000c9800000, 0x00000000c9700000| Untracked 
| 152|0x00000000c9800000, 0x00000000c9900000, 0x00000000c9900000|100%| O|  |TAMS 0x00000000c9900000, 0x00000000c9800000| Untracked 
| 153|0x00000000c9900000, 0x00000000c9a00000, 0x00000000c9a00000|100%| O|  |TAMS 0x00000000c9a00000, 0x00000000c9900000| Untracked 
| 154|0x00000000c9a00000, 0x00000000c9b00000, 0x00000000c9b00000|100%| O|  |TAMS 0x00000000c9b00000, 0x00000000c9a00000| Untracked 
| 155|0x00000000c9b00000, 0x00000000c9c00000, 0x00000000c9c00000|100%| O|  |TAMS 0x00000000c9c00000, 0x00000000c9b00000| Untracked 
| 156|0x00000000c9c00000, 0x00000000c9d00000, 0x00000000c9d00000|100%| O|  |TAMS 0x00000000c9d00000, 0x00000000c9c00000| Untracked 
| 157|0x00000000c9d00000, 0x00000000c9e00000, 0x00000000c9e00000|100%| O|  |TAMS 0x00000000c9e00000, 0x00000000c9d00000| Untracked 
| 158|0x00000000c9e00000, 0x00000000c9f00000, 0x00000000c9f00000|100%| O|  |TAMS 0x00000000c9f00000, 0x00000000c9e00000| Untracked 
| 159|0x00000000c9f00000, 0x00000000ca000000, 0x00000000ca000000|100%| O|  |TAMS 0x00000000ca000000, 0x00000000c9f00000| Untracked 
| 160|0x00000000ca000000, 0x00000000ca100000, 0x00000000ca100000|100%| O|  |TAMS 0x00000000ca100000, 0x00000000ca000000| Untracked 
| 161|0x00000000ca100000, 0x00000000ca200000, 0x00000000ca200000|100%| O|  |TAMS 0x00000000ca200000, 0x00000000ca100000| Untracked 
| 162|0x00000000ca200000, 0x00000000ca300000, 0x00000000ca300000|100%| O|  |TAMS 0x00000000ca300000, 0x00000000ca200000| Untracked 
| 163|0x00000000ca300000, 0x00000000ca400000, 0x00000000ca400000|100%| O|  |TAMS 0x00000000ca400000, 0x00000000ca300000| Updating 
| 164|0x00000000ca400000, 0x00000000ca500000, 0x00000000ca500000|100%| O|  |TAMS 0x00000000ca500000, 0x00000000ca400000| Updating 
| 165|0x00000000ca500000, 0x00000000ca600000, 0x00000000ca600000|100%| O|  |TAMS 0x00000000ca600000, 0x00000000ca500000| Updating 
| 166|0x00000000ca600000, 0x00000000ca700000, 0x00000000ca700000|100%| O|  |TAMS 0x00000000ca700000, 0x00000000ca600000| Untracked 
| 167|0x00000000ca700000, 0x00000000ca800000, 0x00000000ca800000|100%| O|  |TAMS 0x00000000ca800000, 0x00000000ca700000| Untracked 
| 168|0x00000000ca800000, 0x00000000ca900000, 0x00000000ca900000|100%| O|  |TAMS 0x00000000ca900000, 0x00000000ca800000| Untracked 
| 169|0x00000000ca900000, 0x00000000caa00000, 0x00000000caa00000|100%| O|  |TAMS 0x00000000caa00000, 0x00000000ca900000| Untracked 
| 170|0x00000000caa00000, 0x00000000cab00000, 0x00000000cab00000|100%| O|  |TAMS 0x00000000cab00000, 0x00000000caa00000| Untracked 
| 171|0x00000000cab00000, 0x00000000cac00000, 0x00000000cac00000|100%| O|  |TAMS 0x00000000cac00000, 0x00000000cab00000| Untracked 
| 172|0x00000000cac00000, 0x00000000cad00000, 0x00000000cad00000|100%| O|  |TAMS 0x00000000cad00000, 0x00000000cac00000| Untracked 
| 173|0x00000000cad00000, 0x00000000cae00000, 0x00000000cae00000|100%| O|  |TAMS 0x00000000cae00000, 0x00000000cad00000| Untracked 
| 174|0x00000000cae00000, 0x00000000caf00000, 0x00000000caf00000|100%| O|  |TAMS 0x00000000caf00000, 0x00000000cae00000| Untracked 
| 175|0x00000000caf00000, 0x00000000cb000000, 0x00000000cb000000|100%| O|  |TAMS 0x00000000cb000000, 0x00000000caf00000| Untracked 
| 176|0x00000000cb000000, 0x00000000cb100000, 0x00000000cb100000|100%| O|  |TAMS 0x00000000cb100000, 0x00000000cb000000| Untracked 
| 177|0x00000000cb100000, 0x00000000cb200000, 0x00000000cb200000|100%| O|  |TAMS 0x00000000cb200000, 0x00000000cb100000| Untracked 
| 178|0x00000000cb200000, 0x00000000cb300000, 0x00000000cb300000|100%| O|  |TAMS 0x00000000cb300000, 0x00000000cb200000| Untracked 
| 179|0x00000000cb300000, 0x00000000cb400000, 0x00000000cb400000|100%| O|  |TAMS 0x00000000cb400000, 0x00000000cb300000| Untracked 
| 180|0x00000000cb400000, 0x00000000cb500000, 0x00000000cb500000|100%| O|  |TAMS 0x00000000cb500000, 0x00000000cb400000| Untracked 
| 181|0x00000000cb500000, 0x00000000cb600000, 0x00000000cb600000|100%| O|  |TAMS 0x00000000cb600000, 0x00000000cb500000| Untracked 
| 182|0x00000000cb600000, 0x00000000cb700000, 0x00000000cb700000|100%| O|  |TAMS 0x00000000cb700000, 0x00000000cb600000| Untracked 
| 183|0x00000000cb700000, 0x00000000cb800000, 0x00000000cb800000|100%| O|  |TAMS 0x00000000cb800000, 0x00000000cb700000| Untracked 
| 184|0x00000000cb800000, 0x00000000cb900000, 0x00000000cb900000|100%| O|  |TAMS 0x00000000cb900000, 0x00000000cb800000| Untracked 
| 185|0x00000000cb900000, 0x00000000cba00000, 0x00000000cba00000|100%| O|  |TAMS 0x00000000cba00000, 0x00000000cb900000| Untracked 
| 186|0x00000000cba00000, 0x00000000cbb00000, 0x00000000cbb00000|100%| O|  |TAMS 0x00000000cbb00000, 0x00000000cba00000| Untracked 
| 187|0x00000000cbb00000, 0x00000000cbc00000, 0x00000000cbc00000|100%| O|  |TAMS 0x00000000cbc00000, 0x00000000cbb00000| Untracked 
| 188|0x00000000cbc00000, 0x00000000cbd00000, 0x00000000cbd00000|100%| O|  |TAMS 0x00000000cbd00000, 0x00000000cbc00000| Untracked 
| 189|0x00000000cbd00000, 0x00000000cbe00000, 0x00000000cbe00000|100%| O|  |TAMS 0x00000000cbe00000, 0x00000000cbd00000| Untracked 
| 190|0x00000000cbe00000, 0x00000000cbf00000, 0x00000000cbf00000|100%| O|  |TAMS 0x00000000cbf00000, 0x00000000cbe00000| Untracked 
| 191|0x00000000cbf00000, 0x00000000cc000000, 0x00000000cc000000|100%| O|  |TAMS 0x00000000cc000000, 0x00000000cbf00000| Untracked 
| 192|0x00000000cc000000, 0x00000000cc100000, 0x00000000cc100000|100%| O|  |TAMS 0x00000000cc100000, 0x00000000cc000000| Untracked 
| 193|0x00000000cc100000, 0x00000000cc200000, 0x00000000cc200000|100%| O|  |TAMS 0x00000000cc200000, 0x00000000cc100000| Untracked 
| 194|0x00000000cc200000, 0x00000000cc300000, 0x00000000cc300000|100%| O|  |TAMS 0x00000000cc300000, 0x00000000cc200000| Untracked 
| 195|0x00000000cc300000, 0x00000000cc400000, 0x00000000cc400000|100%| O|  |TAMS 0x00000000cc400000, 0x00000000cc300000| Untracked 
| 196|0x00000000cc400000, 0x00000000cc500000, 0x00000000cc500000|100%| O|  |TAMS 0x00000000cc500000, 0x00000000cc400000| Untracked 
| 197|0x00000000cc500000, 0x00000000cc600000, 0x00000000cc600000|100%| O|  |TAMS 0x00000000cc600000, 0x00000000cc500000| Untracked 
| 198|0x00000000cc600000, 0x00000000cc700000, 0x00000000cc700000|100%| O|  |TAMS 0x00000000cc700000, 0x00000000cc600000| Untracked 
| 199|0x00000000cc700000, 0x00000000cc800000, 0x00000000cc800000|100%| O|  |TAMS 0x00000000cc800000, 0x00000000cc700000| Untracked 
| 200|0x00000000cc800000, 0x00000000cc900000, 0x00000000cc900000|100%| O|  |TAMS 0x00000000cc900000, 0x00000000cc800000| Untracked 
| 201|0x00000000cc900000, 0x00000000cca00000, 0x00000000cca00000|100%| O|  |TAMS 0x00000000cca00000, 0x00000000cc900000| Untracked 
| 202|0x00000000cca00000, 0x00000000ccb00000, 0x00000000ccb00000|100%| O|  |TAMS 0x00000000ccb00000, 0x00000000cca00000| Untracked 
| 203|0x00000000ccb00000, 0x00000000ccc00000, 0x00000000ccc00000|100%| O|  |TAMS 0x00000000ccc00000, 0x00000000ccb00000| Untracked 
| 204|0x00000000ccc00000, 0x00000000ccd00000, 0x00000000ccd00000|100%| O|  |TAMS 0x00000000ccd00000, 0x00000000ccc00000| Untracked 
| 205|0x00000000ccd00000, 0x00000000cce00000, 0x00000000cce00000|100%| O|  |TAMS 0x00000000cce00000, 0x00000000ccd00000| Untracked 
| 206|0x00000000cce00000, 0x00000000ccf00000, 0x00000000ccf00000|100%| O|  |TAMS 0x00000000ccf00000, 0x00000000cce00000| Untracked 
| 207|0x00000000ccf00000, 0x00000000cd000000, 0x00000000cd000000|100%| O|  |TAMS 0x00000000cd000000, 0x00000000ccf00000| Untracked 
| 208|0x00000000cd000000, 0x00000000cd100000, 0x00000000cd100000|100%| O|  |TAMS 0x00000000cd100000, 0x00000000cd000000| Untracked 
| 209|0x00000000cd100000, 0x00000000cd200000, 0x00000000cd200000|100%| O|  |TAMS 0x00000000cd200000, 0x00000000cd100000| Untracked 
| 210|0x00000000cd200000, 0x00000000cd300000, 0x00000000cd300000|100%| O|  |TAMS 0x00000000cd300000, 0x00000000cd200000| Untracked 
| 211|0x00000000cd300000, 0x00000000cd400000, 0x00000000cd400000|100%| O|  |TAMS 0x00000000cd400000, 0x00000000cd300000| Updating 
| 212|0x00000000cd400000, 0x00000000cd500000, 0x00000000cd500000|100%| O|  |TAMS 0x00000000cd500000, 0x00000000cd400000| Updating 
| 213|0x00000000cd500000, 0x00000000cd600000, 0x00000000cd600000|100%| O|  |TAMS 0x00000000cd600000, 0x00000000cd500000| Updating 
| 214|0x00000000cd600000, 0x00000000cd700000, 0x00000000cd700000|100%| O|  |TAMS 0x00000000cd700000, 0x00000000cd600000| Updating 
| 215|0x00000000cd700000, 0x00000000cd800000, 0x00000000cd800000|100%| O|  |TAMS 0x00000000cd800000, 0x00000000cd700000| Updating 
| 216|0x00000000cd800000, 0x00000000cd900000, 0x00000000cd900000|100%| O|  |TAMS 0x00000000cd900000, 0x00000000cd800000| Untracked 
| 217|0x00000000cd900000, 0x00000000cda00000, 0x00000000cda00000|100%| O|  |TAMS 0x00000000cda00000, 0x00000000cd900000| Untracked 
| 218|0x00000000cda00000, 0x00000000cdb00000, 0x00000000cdb00000|100%| O|  |TAMS 0x00000000cdb00000, 0x00000000cda00000| Untracked 
| 219|0x00000000cdb00000, 0x00000000cdc00000, 0x00000000cdc00000|100%| O|  |TAMS 0x00000000cdc00000, 0x00000000cdb00000| Untracked 
| 220|0x00000000cdc00000, 0x00000000cdd00000, 0x00000000cdd00000|100%| O|  |TAMS 0x00000000cdd00000, 0x00000000cdc00000| Untracked 
| 221|0x00000000cdd00000, 0x00000000cde00000, 0x00000000cde00000|100%| O|  |TAMS 0x00000000cde00000, 0x00000000cdd00000| Untracked 
| 222|0x00000000cde00000, 0x00000000cdf00000, 0x00000000cdf00000|100%| O|  |TAMS 0x00000000cdf00000, 0x00000000cde00000| Untracked 
| 223|0x00000000cdf00000, 0x00000000ce000000, 0x00000000ce000000|100%| O|  |TAMS 0x00000000ce000000, 0x00000000cdf00000| Untracked 
| 224|0x00000000ce000000, 0x00000000ce100000, 0x00000000ce100000|100%| O|  |TAMS 0x00000000ce100000, 0x00000000ce000000| Untracked 
| 225|0x00000000ce100000, 0x00000000ce200000, 0x00000000ce200000|100%| O|  |TAMS 0x00000000ce200000, 0x00000000ce100000| Untracked 
| 226|0x00000000ce200000, 0x00000000ce300000, 0x00000000ce300000|100%| O|  |TAMS 0x00000000ce300000, 0x00000000ce200000| Untracked 
| 227|0x00000000ce300000, 0x00000000ce400000, 0x00000000ce400000|100%| O|  |TAMS 0x00000000ce400000, 0x00000000ce300000| Untracked 
| 228|0x00000000ce400000, 0x00000000ce500000, 0x00000000ce500000|100%| O|  |TAMS 0x00000000ce500000, 0x00000000ce400000| Untracked 
| 229|0x00000000ce500000, 0x00000000ce600000, 0x00000000ce600000|100%| O|  |TAMS 0x00000000ce600000, 0x00000000ce500000| Untracked 
| 230|0x00000000ce600000, 0x00000000ce700000, 0x00000000ce700000|100%| O|  |TAMS 0x00000000ce700000, 0x00000000ce600000| Untracked 
| 231|0x00000000ce700000, 0x00000000ce800000, 0x00000000ce800000|100%| O|  |TAMS 0x00000000ce800000, 0x00000000ce700000| Untracked 
| 232|0x00000000ce800000, 0x00000000ce900000, 0x00000000ce900000|100%| O|  |TAMS 0x00000000ce900000, 0x00000000ce800000| Untracked 
| 233|0x00000000ce900000, 0x00000000cea00000, 0x00000000cea00000|100%| O|  |TAMS 0x00000000cea00000, 0x00000000ce900000| Untracked 
| 234|0x00000000cea00000, 0x00000000ceb00000, 0x00000000ceb00000|100%| O|  |TAMS 0x00000000ceb00000, 0x00000000cea00000| Untracked 
| 235|0x00000000ceb00000, 0x00000000cec00000, 0x00000000cec00000|100%| O|  |TAMS 0x00000000cec00000, 0x00000000ceb00000| Untracked 
| 236|0x00000000cec00000, 0x00000000ced00000, 0x00000000ced00000|100%| O|  |TAMS 0x00000000ced00000, 0x00000000cec00000| Untracked 
| 237|0x00000000ced00000, 0x00000000cee00000, 0x00000000cee00000|100%| O|  |TAMS 0x00000000cee00000, 0x00000000ced00000| Untracked 
| 238|0x00000000cee00000, 0x00000000cef00000, 0x00000000cef00000|100%| O|  |TAMS 0x00000000cef00000, 0x00000000cee00000| Untracked 
| 239|0x00000000cef00000, 0x00000000cf000000, 0x00000000cf000000|100%| O|  |TAMS 0x00000000cf000000, 0x00000000cef00000| Untracked 
| 240|0x00000000cf000000, 0x00000000cf100000, 0x00000000cf100000|100%| O|  |TAMS 0x00000000cf100000, 0x00000000cf000000| Untracked 
| 241|0x00000000cf100000, 0x00000000cf200000, 0x00000000cf200000|100%| O|  |TAMS 0x00000000cf200000, 0x00000000cf100000| Untracked 
| 242|0x00000000cf200000, 0x00000000cf300000, 0x00000000cf300000|100%| O|  |TAMS 0x00000000cf300000, 0x00000000cf200000| Untracked 
| 243|0x00000000cf300000, 0x00000000cf400000, 0x00000000cf400000|100%| O|  |TAMS 0x00000000cf400000, 0x00000000cf300000| Untracked 
| 244|0x00000000cf400000, 0x00000000cf500000, 0x00000000cf500000|100%| O|  |TAMS 0x00000000cf500000, 0x00000000cf400000| Untracked 
| 245|0x00000000cf500000, 0x00000000cf600000, 0x00000000cf600000|100%| O|  |TAMS 0x00000000cf600000, 0x00000000cf500000| Untracked 
| 246|0x00000000cf600000, 0x00000000cf700000, 0x00000000cf700000|100%| O|  |TAMS 0x00000000cf700000, 0x00000000cf600000| Untracked 
| 247|0x00000000cf700000, 0x00000000cf800000, 0x00000000cf800000|100%| O|  |TAMS 0x00000000cf800000, 0x00000000cf700000| Untracked 
| 248|0x00000000cf800000, 0x00000000cf900000, 0x00000000cf900000|100%| O|  |TAMS 0x00000000cf900000, 0x00000000cf800000| Untracked 
| 249|0x00000000cf900000, 0x00000000cfa00000, 0x00000000cfa00000|100%| O|  |TAMS 0x00000000cfa00000, 0x00000000cf900000| Untracked 
| 250|0x00000000cfa00000, 0x00000000cfb00000, 0x00000000cfb00000|100%| O|  |TAMS 0x00000000cfb00000, 0x00000000cfa00000| Untracked 
| 251|0x00000000cfb00000, 0x00000000cfc00000, 0x00000000cfc00000|100%| O|  |TAMS 0x00000000cfc00000, 0x00000000cfb00000| Untracked 
| 252|0x00000000cfc00000, 0x00000000cfd00000, 0x00000000cfd00000|100%| O|  |TAMS 0x00000000cfd00000, 0x00000000cfc00000| Updating 
| 253|0x00000000cfd00000, 0x00000000cfe00000, 0x00000000cfe00000|100%| O|  |TAMS 0x00000000cfe00000, 0x00000000cfd00000| Updating 
| 254|0x00000000cfe00000, 0x00000000cff00000, 0x00000000cff00000|100%| O|  |TAMS 0x00000000cff00000, 0x00000000cfe00000| Updating 
| 255|0x00000000cff00000, 0x00000000d0000000, 0x00000000d0000000|100%| O|  |TAMS 0x00000000d0000000, 0x00000000cff00000| Updating 
| 256|0x00000000d0000000, 0x00000000d0100000, 0x00000000d0100000|100%| O|  |TAMS 0x00000000d0100000, 0x00000000d0000000| Updating 
| 257|0x00000000d0100000, 0x00000000d0200000, 0x00000000d0200000|100%|HS|  |TAMS 0x00000000d0200000, 0x00000000d0100000| Complete 
| 258|0x00000000d0200000, 0x00000000d0300000, 0x00000000d0300000|100%| O|  |TAMS 0x00000000d0300000, 0x00000000d0200000| Updating 
| 259|0x00000000d0300000, 0x00000000d0400000, 0x00000000d0400000|100%| O|  |TAMS 0x00000000d0400000, 0x00000000d0300000| Untracked 
| 260|0x00000000d0400000, 0x00000000d0500000, 0x00000000d0500000|100%| O|  |TAMS 0x00000000d0500000, 0x00000000d0400000| Untracked 
| 261|0x00000000d0500000, 0x00000000d0600000, 0x00000000d0600000|100%| O|  |TAMS 0x00000000d0600000, 0x00000000d0500000| Untracked 
| 262|0x00000000d0600000, 0x00000000d0700000, 0x00000000d0700000|100%| O|  |TAMS 0x00000000d0700000, 0x00000000d0600000| Untracked 
| 263|0x00000000d0700000, 0x00000000d0800000, 0x00000000d0800000|100%| O|  |TAMS 0x00000000d0800000, 0x00000000d0700000| Untracked 
| 264|0x00000000d0800000, 0x00000000d0900000, 0x00000000d0900000|100%| O|  |TAMS 0x00000000d0900000, 0x00000000d0800000| Untracked 
| 265|0x00000000d0900000, 0x00000000d0a00000, 0x00000000d0a00000|100%| O|  |TAMS 0x00000000d0a00000, 0x00000000d0900000| Untracked 
| 266|0x00000000d0a00000, 0x00000000d0b00000, 0x00000000d0b00000|100%| O|  |TAMS 0x00000000d0b00000, 0x00000000d0a00000| Untracked 
| 267|0x00000000d0b00000, 0x00000000d0c00000, 0x00000000d0c00000|100%| O|  |TAMS 0x00000000d0c00000, 0x00000000d0b00000| Untracked 
| 268|0x00000000d0c00000, 0x00000000d0d00000, 0x00000000d0d00000|100%| O|  |TAMS 0x00000000d0d00000, 0x00000000d0c00000| Untracked 
| 269|0x00000000d0d00000, 0x00000000d0e00000, 0x00000000d0e00000|100%| O|  |TAMS 0x00000000d0e00000, 0x00000000d0d00000| Untracked 
| 270|0x00000000d0e00000, 0x00000000d0f00000, 0x00000000d0f00000|100%| O|  |TAMS 0x00000000d0f00000, 0x00000000d0e00000| Untracked 
| 271|0x00000000d0f00000, 0x00000000d1000000, 0x00000000d1000000|100%| O|  |TAMS 0x00000000d1000000, 0x00000000d0f00000| Untracked 
| 272|0x00000000d1000000, 0x00000000d1100000, 0x00000000d1100000|100%| O|  |TAMS 0x00000000d1100000, 0x00000000d1000000| Untracked 
| 273|0x00000000d1100000, 0x00000000d1200000, 0x00000000d1200000|100%| O|  |TAMS 0x00000000d1200000, 0x00000000d1100000| Untracked 
| 274|0x00000000d1200000, 0x00000000d1300000, 0x00000000d1300000|100%| O|  |TAMS 0x00000000d1300000, 0x00000000d1200000| Untracked 
| 275|0x00000000d1300000, 0x00000000d1400000, 0x00000000d1400000|100%| O|  |TAMS 0x00000000d1400000, 0x00000000d1300000| Untracked 
| 276|0x00000000d1400000, 0x00000000d1500000, 0x00000000d1500000|100%| O|  |TAMS 0x00000000d1500000, 0x00000000d1400000| Untracked 
| 277|0x00000000d1500000, 0x00000000d1600000, 0x00000000d1600000|100%| O|  |TAMS 0x00000000d1600000, 0x00000000d1500000| Untracked 
| 278|0x00000000d1600000, 0x00000000d1700000, 0x00000000d1700000|100%| O|  |TAMS 0x00000000d1700000, 0x00000000d1600000| Updating 
| 279|0x00000000d1700000, 0x00000000d1800000, 0x00000000d1800000|100%| O|  |TAMS 0x00000000d1800000, 0x00000000d1700000| Untracked 
| 280|0x00000000d1800000, 0x00000000d1900000, 0x00000000d1900000|100%| O|  |TAMS 0x00000000d1900000, 0x00000000d1800000| Untracked 
| 281|0x00000000d1900000, 0x00000000d1a00000, 0x00000000d1a00000|100%| O|  |TAMS 0x00000000d1a00000, 0x00000000d1900000| Untracked 
| 282|0x00000000d1a00000, 0x00000000d1b00000, 0x00000000d1b00000|100%| O|  |TAMS 0x00000000d1b00000, 0x00000000d1a00000| Untracked 
| 283|0x00000000d1b00000, 0x00000000d1c00000, 0x00000000d1c00000|100%| O|  |TAMS 0x00000000d1c00000, 0x00000000d1b00000| Untracked 
| 284|0x00000000d1c00000, 0x00000000d1d00000, 0x00000000d1d00000|100%| O|  |TAMS 0x00000000d1d00000, 0x00000000d1c00000| Untracked 
| 285|0x00000000d1d00000, 0x00000000d1e00000, 0x00000000d1e00000|100%| O|  |TAMS 0x00000000d1e00000, 0x00000000d1d00000| Untracked 
| 286|0x00000000d1e00000, 0x00000000d1f00000, 0x00000000d1f00000|100%| O|  |TAMS 0x00000000d1f00000, 0x00000000d1e00000| Untracked 
| 287|0x00000000d1f00000, 0x00000000d2000000, 0x00000000d2000000|100%| O|  |TAMS 0x00000000d2000000, 0x00000000d1f00000| Updating 
| 288|0x00000000d2000000, 0x00000000d2100000, 0x00000000d2100000|100%| O|  |TAMS 0x00000000d2100000, 0x00000000d2000000| Updating 
| 289|0x00000000d2100000, 0x00000000d2200000, 0x00000000d2200000|100%| O|  |TAMS 0x00000000d2200000, 0x00000000d2100000| Updating 
| 290|0x00000000d2200000, 0x00000000d2300000, 0x00000000d2300000|100%| O|  |TAMS 0x00000000d2300000, 0x00000000d2200000| Updating 
| 291|0x00000000d2300000, 0x00000000d2400000, 0x00000000d2400000|100%| O|  |TAMS 0x00000000d2400000, 0x00000000d2300000| Updating 
| 292|0x00000000d2400000, 0x00000000d2500000, 0x00000000d2500000|100%| O|  |TAMS 0x00000000d2500000, 0x00000000d2400000| Untracked 
| 293|0x00000000d2500000, 0x00000000d2600000, 0x00000000d2600000|100%| O|  |TAMS 0x00000000d2600000, 0x00000000d2500000| Untracked 
| 294|0x00000000d2600000, 0x00000000d2700000, 0x00000000d2700000|100%| O|  |TAMS 0x00000000d2700000, 0x00000000d2600000| Untracked 
| 295|0x00000000d2700000, 0x00000000d2800000, 0x00000000d2800000|100%| O|  |TAMS 0x00000000d2800000, 0x00000000d2700000| Untracked 
| 296|0x00000000d2800000, 0x00000000d2900000, 0x00000000d2900000|100%| O|  |TAMS 0x00000000d2900000, 0x00000000d2800000| Untracked 
| 297|0x00000000d2900000, 0x00000000d2a00000, 0x00000000d2a00000|100%| O|  |TAMS 0x00000000d2a00000, 0x00000000d2900000| Untracked 
| 298|0x00000000d2a00000, 0x00000000d2b00000, 0x00000000d2b00000|100%| O|  |TAMS 0x00000000d2b00000, 0x00000000d2a00000| Untracked 
| 299|0x00000000d2b00000, 0x00000000d2c00000, 0x00000000d2c00000|100%| O|  |TAMS 0x00000000d2c00000, 0x00000000d2b00000| Untracked 
| 300|0x00000000d2c00000, 0x00000000d2d00000, 0x00000000d2d00000|100%| O|  |TAMS 0x00000000d2d00000, 0x00000000d2c00000| Untracked 
| 301|0x00000000d2d00000, 0x00000000d2e00000, 0x00000000d2e00000|100%| O|  |TAMS 0x00000000d2e00000, 0x00000000d2d00000| Untracked 
| 302|0x00000000d2e00000, 0x00000000d2f00000, 0x00000000d2f00000|100%| O|  |TAMS 0x00000000d2f00000, 0x00000000d2e00000| Untracked 
| 303|0x00000000d2f00000, 0x00000000d3000000, 0x00000000d3000000|100%| O|  |TAMS 0x00000000d3000000, 0x00000000d2f00000| Untracked 
| 304|0x00000000d3000000, 0x00000000d3100000, 0x00000000d3100000|100%| O|  |TAMS 0x00000000d3100000, 0x00000000d3000000| Untracked 
| 305|0x00000000d3100000, 0x00000000d3200000, 0x00000000d3200000|100%| O|  |TAMS 0x00000000d3200000, 0x00000000d3100000| Untracked 
| 306|0x00000000d3200000, 0x00000000d3300000, 0x00000000d3300000|100%| O|  |TAMS 0x00000000d3300000, 0x00000000d3200000| Untracked 
| 307|0x00000000d3300000, 0x00000000d3400000, 0x00000000d3400000|100%| O|  |TAMS 0x00000000d3400000, 0x00000000d3300000| Untracked 
| 308|0x00000000d3400000, 0x00000000d3500000, 0x00000000d3500000|100%| O|  |TAMS 0x00000000d3500000, 0x00000000d3400000| Untracked 
| 309|0x00000000d3500000, 0x00000000d3600000, 0x00000000d3600000|100%| O|  |TAMS 0x00000000d3600000, 0x00000000d3500000| Untracked 
| 310|0x00000000d3600000, 0x00000000d3700000, 0x00000000d3700000|100%| O|  |TAMS 0x00000000d3700000, 0x00000000d3600000| Untracked 
| 311|0x00000000d3700000, 0x00000000d3800000, 0x00000000d3800000|100%| O|  |TAMS 0x00000000d3800000, 0x00000000d3700000| Untracked 
| 312|0x00000000d3800000, 0x00000000d3900000, 0x00000000d3900000|100%| O|  |TAMS 0x00000000d3900000, 0x00000000d3800000| Untracked 
| 313|0x00000000d3900000, 0x00000000d3a00000, 0x00000000d3a00000|100%| O|  |TAMS 0x00000000d3a00000, 0x00000000d3900000| Untracked 
| 314|0x00000000d3a00000, 0x00000000d3b00000, 0x00000000d3b00000|100%| O|  |TAMS 0x00000000d3b00000, 0x00000000d3a00000| Untracked 
| 315|0x00000000d3b00000, 0x00000000d3c00000, 0x00000000d3c00000|100%| O|  |TAMS 0x00000000d3c00000, 0x00000000d3b00000| Updating 
| 316|0x00000000d3c00000, 0x00000000d3d00000, 0x00000000d3d00000|100%| O|  |TAMS 0x00000000d3d00000, 0x00000000d3c00000| Updating 
| 317|0x00000000d3d00000, 0x00000000d3e00000, 0x00000000d3e00000|100%| O|  |TAMS 0x00000000d3e00000, 0x00000000d3d00000| Updating 
| 318|0x00000000d3e00000, 0x00000000d3f00000, 0x00000000d3f00000|100%| O|  |TAMS 0x00000000d3f00000, 0x00000000d3e00000| Updating 
| 319|0x00000000d3f00000, 0x00000000d4000000, 0x00000000d4000000|100%| O|  |TAMS 0x00000000d4000000, 0x00000000d3f00000| Updating 
| 320|0x00000000d4000000, 0x00000000d4100000, 0x00000000d4100000|100%| O|  |TAMS 0x00000000d4100000, 0x00000000d4000000| Updating 
| 321|0x00000000d4100000, 0x00000000d4200000, 0x00000000d4200000|100%| O|  |TAMS 0x00000000d4200000, 0x00000000d4100000| Updating 
| 322|0x00000000d4200000, 0x00000000d4300000, 0x00000000d4300000|100%| O|  |TAMS 0x00000000d4300000, 0x00000000d4200000| Untracked 
| 323|0x00000000d4300000, 0x00000000d4400000, 0x00000000d4400000|100%| O|  |TAMS 0x00000000d4400000, 0x00000000d4300000| Untracked 
| 324|0x00000000d4400000, 0x00000000d4500000, 0x00000000d4500000|100%| O|  |TAMS 0x00000000d4500000, 0x00000000d4400000| Untracked 
| 325|0x00000000d4500000, 0x00000000d4600000, 0x00000000d4600000|100%| O|  |TAMS 0x00000000d4600000, 0x00000000d4500000| Untracked 
| 326|0x00000000d4600000, 0x00000000d4700000, 0x00000000d4700000|100%| O|  |TAMS 0x00000000d4700000, 0x00000000d4600000| Untracked 
| 327|0x00000000d4700000, 0x00000000d4800000, 0x00000000d4800000|100%| O|  |TAMS 0x00000000d4800000, 0x00000000d4700000| Untracked 
| 328|0x00000000d4800000, 0x00000000d4900000, 0x00000000d4900000|100%| O|  |TAMS 0x00000000d4900000, 0x00000000d4800000| Untracked 
| 329|0x00000000d4900000, 0x00000000d4a00000, 0x00000000d4a00000|100%| O|  |TAMS 0x00000000d4a00000, 0x00000000d4900000| Untracked 
| 330|0x00000000d4a00000, 0x00000000d4b00000, 0x00000000d4b00000|100%| O|  |TAMS 0x00000000d4b00000, 0x00000000d4a00000| Untracked 
| 331|0x00000000d4b00000, 0x00000000d4c00000, 0x00000000d4c00000|100%| O|  |TAMS 0x00000000d4c00000, 0x00000000d4b00000| Untracked 
| 332|0x00000000d4c00000, 0x00000000d4d00000, 0x00000000d4d00000|100%| O|  |TAMS 0x00000000d4d00000, 0x00000000d4c00000| Untracked 
| 333|0x00000000d4d00000, 0x00000000d4e00000, 0x00000000d4e00000|100%| O|  |TAMS 0x00000000d4e00000, 0x00000000d4d00000| Untracked 
| 334|0x00000000d4e00000, 0x00000000d4f00000, 0x00000000d4f00000|100%| O|  |TAMS 0x00000000d4f00000, 0x00000000d4e00000| Untracked 
| 335|0x00000000d4f00000, 0x00000000d5000000, 0x00000000d5000000|100%| O|  |TAMS 0x00000000d5000000, 0x00000000d4f00000| Untracked 
| 336|0x00000000d5000000, 0x00000000d5100000, 0x00000000d5100000|100%| O|  |TAMS 0x00000000d5100000, 0x00000000d5000000| Untracked 
| 337|0x00000000d5100000, 0x00000000d5200000, 0x00000000d5200000|100%| O|  |TAMS 0x00000000d5200000, 0x00000000d5100000| Untracked 
| 338|0x00000000d5200000, 0x00000000d5300000, 0x00000000d5300000|100%| O|  |TAMS 0x00000000d5300000, 0x00000000d5200000| Untracked 
| 339|0x00000000d5300000, 0x00000000d5400000, 0x00000000d5400000|100%| O|  |TAMS 0x00000000d5400000, 0x00000000d5300000| Untracked 
| 340|0x00000000d5400000, 0x00000000d5500000, 0x00000000d5500000|100%| O|  |TAMS 0x00000000d5500000, 0x00000000d5400000| Untracked 
| 341|0x00000000d5500000, 0x00000000d5600000, 0x00000000d5600000|100%| O|  |TAMS 0x00000000d5600000, 0x00000000d5500000| Untracked 
| 342|0x00000000d5600000, 0x00000000d5700000, 0x00000000d5700000|100%| O|  |TAMS 0x00000000d5700000, 0x00000000d5600000| Updating 
| 343|0x00000000d5700000, 0x00000000d5800000, 0x00000000d5800000|100%| O|  |TAMS 0x00000000d5800000, 0x00000000d5700000| Updating 
| 344|0x00000000d5800000, 0x00000000d5900000, 0x00000000d5900000|100%| O|  |TAMS 0x00000000d5900000, 0x00000000d5800000| Updating 
| 345|0x00000000d5900000, 0x00000000d5a00000, 0x00000000d5a00000|100%| O|  |TAMS 0x00000000d5a00000, 0x00000000d5900000| Updating 
| 346|0x00000000d5a00000, 0x00000000d5b00000, 0x00000000d5b00000|100%| O|  |TAMS 0x00000000d5b00000, 0x00000000d5a00000| Untracked 
| 347|0x00000000d5b00000, 0x00000000d5c00000, 0x00000000d5c00000|100%| O|  |TAMS 0x00000000d5c00000, 0x00000000d5b00000| Untracked 
| 348|0x00000000d5c00000, 0x00000000d5d00000, 0x00000000d5d00000|100%| O|  |TAMS 0x00000000d5d00000, 0x00000000d5c00000| Untracked 
| 349|0x00000000d5d00000, 0x00000000d5e00000, 0x00000000d5e00000|100%| O|  |TAMS 0x00000000d5e00000, 0x00000000d5d00000| Untracked 
| 350|0x00000000d5e00000, 0x00000000d5f00000, 0x00000000d5f00000|100%| O|  |TAMS 0x00000000d5f00000, 0x00000000d5e00000| Untracked 
| 351|0x00000000d5f00000, 0x00000000d6000000, 0x00000000d6000000|100%| O|  |TAMS 0x00000000d6000000, 0x00000000d5f00000| Untracked 
| 352|0x00000000d6000000, 0x00000000d6100000, 0x00000000d6100000|100%| O|  |TAMS 0x00000000d6100000, 0x00000000d6000000| Untracked 
| 353|0x00000000d6100000, 0x00000000d6200000, 0x00000000d6200000|100%| O|  |TAMS 0x00000000d6200000, 0x00000000d6100000| Untracked 
| 354|0x00000000d6200000, 0x00000000d6300000, 0x00000000d6300000|100%| O|  |TAMS 0x00000000d6300000, 0x00000000d6200000| Untracked 
| 355|0x00000000d6300000, 0x00000000d6400000, 0x00000000d6400000|100%| O|  |TAMS 0x00000000d6400000, 0x00000000d6300000| Untracked 
| 356|0x00000000d6400000, 0x00000000d6500000, 0x00000000d6500000|100%| O|  |TAMS 0x00000000d6500000, 0x00000000d6400000| Untracked 
| 357|0x00000000d6500000, 0x00000000d6600000, 0x00000000d6600000|100%| O|  |TAMS 0x00000000d6600000, 0x00000000d6500000| Untracked 
| 358|0x00000000d6600000, 0x00000000d6700000, 0x00000000d6700000|100%| O|  |TAMS 0x00000000d6700000, 0x00000000d6600000| Untracked 
| 359|0x00000000d6700000, 0x00000000d6800000, 0x00000000d6800000|100%| O|  |TAMS 0x00000000d6800000, 0x00000000d6700000| Updating 
| 360|0x00000000d6800000, 0x00000000d6900000, 0x00000000d6900000|100%| O|  |TAMS 0x00000000d6900000, 0x00000000d6800000| Updating 
| 361|0x00000000d6900000, 0x00000000d6a00000, 0x00000000d6a00000|100%| O|  |TAMS 0x00000000d6a00000, 0x00000000d6900000| Updating 
| 362|0x00000000d6a00000, 0x00000000d6b00000, 0x00000000d6b00000|100%| O|  |TAMS 0x00000000d6b00000, 0x00000000d6a00000| Updating 
| 363|0x00000000d6b00000, 0x00000000d6c00000, 0x00000000d6c00000|100%| O|  |TAMS 0x00000000d6c00000, 0x00000000d6b00000| Untracked 
| 364|0x00000000d6c00000, 0x00000000d6d00000, 0x00000000d6d00000|100%| O|  |TAMS 0x00000000d6d00000, 0x00000000d6c00000| Untracked 
| 365|0x00000000d6d00000, 0x00000000d6e00000, 0x00000000d6e00000|100%| O|  |TAMS 0x00000000d6e00000, 0x00000000d6d00000| Untracked 
| 366|0x00000000d6e00000, 0x00000000d6f00000, 0x00000000d6f00000|100%| O|  |TAMS 0x00000000d6f00000, 0x00000000d6e00000| Untracked 
| 367|0x00000000d6f00000, 0x00000000d7000000, 0x00000000d7000000|100%| O|  |TAMS 0x00000000d7000000, 0x00000000d6f00000| Untracked 
| 368|0x00000000d7000000, 0x00000000d7100000, 0x00000000d7100000|100%| O|  |TAMS 0x00000000d7100000, 0x00000000d7000000| Untracked 
| 369|0x00000000d7100000, 0x00000000d7200000, 0x00000000d7200000|100%| O|  |TAMS 0x00000000d7200000, 0x00000000d7100000| Untracked 
| 370|0x00000000d7200000, 0x00000000d7300000, 0x00000000d7300000|100%| O|  |TAMS 0x00000000d7300000, 0x00000000d7200000| Untracked 
| 371|0x00000000d7300000, 0x00000000d7400000, 0x00000000d7400000|100%| O|  |TAMS 0x00000000d7400000, 0x00000000d7300000| Untracked 
| 372|0x00000000d7400000, 0x00000000d7500000, 0x00000000d7500000|100%| O|  |TAMS 0x00000000d7500000, 0x00000000d7400000| Untracked 
| 373|0x00000000d7500000, 0x00000000d7600000, 0x00000000d7600000|100%| O|  |TAMS 0x00000000d7600000, 0x00000000d7500000| Updating 
| 374|0x00000000d7600000, 0x00000000d7700000, 0x00000000d7700000|100%| O|  |TAMS 0x00000000d7700000, 0x00000000d7600000| Updating 
| 375|0x00000000d7700000, 0x00000000d7800000, 0x00000000d7800000|100%| O|  |TAMS 0x00000000d7800000, 0x00000000d7700000| Updating 
| 376|0x00000000d7800000, 0x00000000d7900000, 0x00000000d7900000|100%| O|  |TAMS 0x00000000d7900000, 0x00000000d7800000| Untracked 
| 377|0x00000000d7900000, 0x00000000d7a00000, 0x00000000d7a00000|100%| O|  |TAMS 0x00000000d7a00000, 0x00000000d7900000| Untracked 
| 378|0x00000000d7a00000, 0x00000000d7b00000, 0x00000000d7b00000|100%| O|  |TAMS 0x00000000d7b00000, 0x00000000d7a00000| Untracked 
| 379|0x00000000d7b00000, 0x00000000d7c00000, 0x00000000d7c00000|100%| O|  |TAMS 0x00000000d7c00000, 0x00000000d7b00000| Untracked 
| 380|0x00000000d7c00000, 0x00000000d7d00000, 0x00000000d7d00000|100%| O|  |TAMS 0x00000000d7d00000, 0x00000000d7c00000| Untracked 
| 381|0x00000000d7d00000, 0x00000000d7e00000, 0x00000000d7e00000|100%| O|  |TAMS 0x00000000d7e00000, 0x00000000d7d00000| Untracked 
| 382|0x00000000d7e00000, 0x00000000d7f00000, 0x00000000d7f00000|100%| O|  |TAMS 0x00000000d7f00000, 0x00000000d7e00000| Untracked 
| 383|0x00000000d7f00000, 0x00000000d8000000, 0x00000000d8000000|100%| O|  |TAMS 0x00000000d8000000, 0x00000000d7f00000| Untracked 
| 384|0x00000000d8000000, 0x00000000d8100000, 0x00000000d8100000|100%| O|  |TAMS 0x00000000d8100000, 0x00000000d8000000| Untracked 
| 385|0x00000000d8100000, 0x00000000d8200000, 0x00000000d8200000|100%| O|  |TAMS 0x00000000d8200000, 0x00000000d8100000| Untracked 
| 386|0x00000000d8200000, 0x00000000d8300000, 0x00000000d8300000|100%| O|  |TAMS 0x00000000d8300000, 0x00000000d8200000| Untracked 
| 387|0x00000000d8300000, 0x00000000d8400000, 0x00000000d8400000|100%| O|  |TAMS 0x00000000d8400000, 0x00000000d8300000| Untracked 
| 388|0x00000000d8400000, 0x00000000d8500000, 0x00000000d8500000|100%| O|  |TAMS 0x00000000d8500000, 0x00000000d8400000| Untracked 
| 389|0x00000000d8500000, 0x00000000d8600000, 0x00000000d8600000|100%| O|  |TAMS 0x00000000d8600000, 0x00000000d8500000| Untracked 
| 390|0x00000000d8600000, 0x00000000d8700000, 0x00000000d8700000|100%| O|  |TAMS 0x00000000d8700000, 0x00000000d8600000| Untracked 
| 391|0x00000000d8700000, 0x00000000d8800000, 0x00000000d8800000|100%| O|  |TAMS 0x00000000d8800000, 0x00000000d8700000| Untracked 
| 392|0x00000000d8800000, 0x00000000d8900000, 0x00000000d8900000|100%| O|  |TAMS 0x00000000d8900000, 0x00000000d8800000| Untracked 
| 393|0x00000000d8900000, 0x00000000d8a00000, 0x00000000d8a00000|100%| O|  |TAMS 0x00000000d8a00000, 0x00000000d8900000| Untracked 
| 394|0x00000000d8a00000, 0x00000000d8b00000, 0x00000000d8b00000|100%| O|  |TAMS 0x00000000d8b00000, 0x00000000d8a00000| Untracked 
| 395|0x00000000d8b00000, 0x00000000d8c00000, 0x00000000d8c00000|100%| O|  |TAMS 0x00000000d8c00000, 0x00000000d8b00000| Untracked 
| 396|0x00000000d8c00000, 0x00000000d8d00000, 0x00000000d8d00000|100%| O|  |TAMS 0x00000000d8d00000, 0x00000000d8c00000| Untracked 
| 397|0x00000000d8d00000, 0x00000000d8e00000, 0x00000000d8e00000|100%| O|  |TAMS 0x00000000d8e00000, 0x00000000d8d00000| Untracked 
| 398|0x00000000d8e00000, 0x00000000d8f00000, 0x00000000d8f00000|100%| O|  |TAMS 0x00000000d8f00000, 0x00000000d8e00000| Untracked 
| 399|0x00000000d8f00000, 0x00000000d9000000, 0x00000000d9000000|100%| O|  |TAMS 0x00000000d9000000, 0x00000000d8f00000| Untracked 
| 400|0x00000000d9000000, 0x00000000d9100000, 0x00000000d9100000|100%| O|  |TAMS 0x00000000d9100000, 0x00000000d9000000| Updating 
| 401|0x00000000d9100000, 0x00000000d9200000, 0x00000000d9200000|100%| O|  |TAMS 0x00000000d9200000, 0x00000000d9100000| Updating 
| 402|0x00000000d9200000, 0x00000000d9300000, 0x00000000d9300000|100%| O|  |TAMS 0x00000000d922d000, 0x00000000d9200000| Updating 
| 403|0x00000000d9300000, 0x00000000d9400000, 0x00000000d9400000|100%| O|  |TAMS 0x00000000d9300000, 0x00000000d9300000| Untracked 
| 404|0x00000000d9400000, 0x00000000d9500000, 0x00000000d9500000|100%| O|  |TAMS 0x00000000d9400000, 0x00000000d9400000| Untracked 
| 405|0x00000000d9500000, 0x00000000d9600000, 0x00000000d9600000|100%| O|  |TAMS 0x00000000d9500000, 0x00000000d9500000| Untracked 
| 406|0x00000000d9600000, 0x00000000d9700000, 0x00000000d9700000|100%| O|  |TAMS 0x00000000d9600000, 0x00000000d9600000| Untracked 
| 407|0x00000000d9700000, 0x00000000d9800000, 0x00000000d9800000|100%| O|  |TAMS 0x00000000d9700000, 0x00000000d9700000| Untracked 
| 408|0x00000000d9800000, 0x00000000d9900000, 0x00000000d9900000|100%| O|  |TAMS 0x00000000d9800000, 0x00000000d9800000| Untracked 
| 409|0x00000000d9900000, 0x00000000d9a00000, 0x00000000d9a00000|100%| O|  |TAMS 0x00000000d9900000, 0x00000000d9900000| Untracked 
| 410|0x00000000d9a00000, 0x00000000d9b00000, 0x00000000d9b00000|100%| O|  |TAMS 0x00000000d9a00000, 0x00000000d9a00000| Untracked 
| 411|0x00000000d9b00000, 0x00000000d9c00000, 0x00000000d9c00000|100%| O|  |TAMS 0x00000000d9b00000, 0x00000000d9b00000| Untracked 
| 412|0x00000000d9c00000, 0x00000000d9d00000, 0x00000000d9d00000|100%| O|  |TAMS 0x00000000d9c00000, 0x00000000d9c00000| Untracked 
| 413|0x00000000d9d00000, 0x00000000d9e00000, 0x00000000d9e00000|100%| O|  |TAMS 0x00000000d9d00000, 0x00000000d9d00000| Untracked 
| 414|0x00000000d9e00000, 0x00000000d9f00000, 0x00000000d9f00000|100%| O|  |TAMS 0x00000000d9e00000, 0x00000000d9e00000| Untracked 
| 415|0x00000000d9f00000, 0x00000000da000000, 0x00000000da000000|100%| O|  |TAMS 0x00000000d9f00000, 0x00000000d9f00000| Untracked 
| 416|0x00000000da000000, 0x00000000da100000, 0x00000000da100000|100%| O|  |TAMS 0x00000000da000000, 0x00000000da000000| Untracked 
| 417|0x00000000da100000, 0x00000000da200000, 0x00000000da200000|100%| O|  |TAMS 0x00000000da100000, 0x00000000da100000| Untracked 
| 418|0x00000000da200000, 0x00000000da300000, 0x00000000da300000|100%| O|  |TAMS 0x00000000da200000, 0x00000000da200000| Untracked 
| 419|0x00000000da300000, 0x00000000da400000, 0x00000000da400000|100%| O|  |TAMS 0x00000000da300000, 0x00000000da300000| Untracked 
| 420|0x00000000da400000, 0x00000000da500000, 0x00000000da500000|100%| O|  |TAMS 0x00000000da400000, 0x00000000da400000| Untracked 
| 421|0x00000000da500000, 0x00000000da600000, 0x00000000da600000|100%| O|  |TAMS 0x00000000da500000, 0x00000000da500000| Untracked 
| 422|0x00000000da600000, 0x00000000da700000, 0x00000000da700000|100%| O|  |TAMS 0x00000000da600000, 0x00000000da600000| Untracked 
| 423|0x00000000da700000, 0x00000000da800000, 0x00000000da800000|100%| O|  |TAMS 0x00000000da700000, 0x00000000da700000| Untracked 
| 424|0x00000000da800000, 0x00000000da900000, 0x00000000da900000|100%| O|  |TAMS 0x00000000da800000, 0x00000000da800000| Untracked 
| 425|0x00000000da900000, 0x00000000daa00000, 0x00000000daa00000|100%| O|  |TAMS 0x00000000da900000, 0x00000000da900000| Untracked 
| 426|0x00000000daa00000, 0x00000000dab00000, 0x00000000dab00000|100%| O|  |TAMS 0x00000000daa00000, 0x00000000daa00000| Untracked 
| 427|0x00000000dab00000, 0x00000000dac00000, 0x00000000dac00000|100%| O|  |TAMS 0x00000000dab00000, 0x00000000dab00000| Untracked 
| 428|0x00000000dac00000, 0x00000000dad00000, 0x00000000dad00000|100%| O|  |TAMS 0x00000000dac00000, 0x00000000dac00000| Untracked 
| 429|0x00000000dad00000, 0x00000000dae00000, 0x00000000dae00000|100%| O|  |TAMS 0x00000000dad00000, 0x00000000dad00000| Untracked 
| 430|0x00000000dae00000, 0x00000000daf00000, 0x00000000daf00000|100%| O|  |TAMS 0x00000000dae00000, 0x00000000dae00000| Untracked 
| 431|0x00000000daf00000, 0x00000000db000000, 0x00000000db000000|100%| O|  |TAMS 0x00000000daf00000, 0x00000000daf00000| Untracked 
| 432|0x00000000db000000, 0x00000000db100000, 0x00000000db100000|100%| O|  |TAMS 0x00000000db000000, 0x00000000db000000| Untracked 
| 433|0x00000000db100000, 0x00000000db200000, 0x00000000db200000|100%| O|  |TAMS 0x00000000db100000, 0x00000000db100000| Untracked 
| 434|0x00000000db200000, 0x00000000db300000, 0x00000000db300000|100%| O|  |TAMS 0x00000000db200000, 0x00000000db200000| Untracked 
| 435|0x00000000db300000, 0x00000000db400000, 0x00000000db400000|100%| O|  |TAMS 0x00000000db300000, 0x00000000db300000| Untracked 
| 436|0x00000000db400000, 0x00000000db500000, 0x00000000db500000|100%| O|  |TAMS 0x00000000db400000, 0x00000000db400000| Untracked 
| 437|0x00000000db500000, 0x00000000db600000, 0x00000000db600000|100%| O|  |TAMS 0x00000000db500000, 0x00000000db500000| Untracked 
| 438|0x00000000db600000, 0x00000000db700000, 0x00000000db700000|100%| O|  |TAMS 0x00000000db600000, 0x00000000db600000| Untracked 
| 439|0x00000000db700000, 0x00000000db800000, 0x00000000db800000|100%| O|  |TAMS 0x00000000db700000, 0x00000000db700000| Untracked 
| 440|0x00000000db800000, 0x00000000db900000, 0x00000000db900000|100%| O|  |TAMS 0x00000000db800000, 0x00000000db800000| Untracked 
| 441|0x00000000db900000, 0x00000000dba00000, 0x00000000dba00000|100%| O|  |TAMS 0x00000000db900000, 0x00000000db900000| Untracked 
| 442|0x00000000dba00000, 0x00000000dbb00000, 0x00000000dbb00000|100%| O|  |TAMS 0x00000000dba00000, 0x00000000dba00000| Untracked 
| 443|0x00000000dbb00000, 0x00000000dbc00000, 0x00000000dbc00000|100%| O|  |TAMS 0x00000000dbb00000, 0x00000000dbb00000| Untracked 
| 444|0x00000000dbc00000, 0x00000000dbd00000, 0x00000000dbd00000|100%| O|  |TAMS 0x00000000dbc00000, 0x00000000dbc00000| Untracked 
| 445|0x00000000dbd00000, 0x00000000dbe00000, 0x00000000dbe00000|100%| O|  |TAMS 0x00000000dbd00000, 0x00000000dbd00000| Untracked 
| 446|0x00000000dbe00000, 0x00000000dbf00000, 0x00000000dbf00000|100%| O|  |TAMS 0x00000000dbe00000, 0x00000000dbe00000| Untracked 
| 447|0x00000000dbf00000, 0x00000000dbf97c00, 0x00000000dc000000| 59%| O|  |TAMS 0x00000000dbf00000, 0x00000000dbf00000| Updating 
| 448|0x00000000dc000000, 0x00000000dc000000, 0x00000000dc100000|  0%| F|  |TAMS 0x00000000dc000000, 0x00000000dc000000| Untracked 
| 449|0x00000000dc100000, 0x00000000dc100000, 0x00000000dc200000|  0%| F|  |TAMS 0x00000000dc100000, 0x00000000dc100000| Untracked 
| 450|0x00000000dc200000, 0x00000000dc200000, 0x00000000dc300000|  0%| F|  |TAMS 0x00000000dc200000, 0x00000000dc200000| Untracked 
| 451|0x00000000dc300000, 0x00000000dc300000, 0x00000000dc400000|  0%| F|  |TAMS 0x00000000dc300000, 0x00000000dc300000| Untracked 
| 452|0x00000000dc400000, 0x00000000dc400000, 0x00000000dc500000|  0%| F|  |TAMS 0x00000000dc400000, 0x00000000dc400000| Untracked 
| 453|0x00000000dc500000, 0x00000000dc500000, 0x00000000dc600000|  0%| F|  |TAMS 0x00000000dc500000, 0x00000000dc500000| Untracked 
| 454|0x00000000dc600000, 0x00000000dc600000, 0x00000000dc700000|  0%| F|  |TAMS 0x00000000dc600000, 0x00000000dc600000| Untracked 
| 455|0x00000000dc700000, 0x00000000dc700000, 0x00000000dc800000|  0%| F|  |TAMS 0x00000000dc700000, 0x00000000dc700000| Untracked 
| 456|0x00000000dc800000, 0x00000000dc800000, 0x00000000dc900000|  0%| F|  |TAMS 0x00000000dc800000, 0x00000000dc800000| Untracked 
| 457|0x00000000dc900000, 0x00000000dc900000, 0x00000000dca00000|  0%| F|  |TAMS 0x00000000dc900000, 0x00000000dc900000| Untracked 
| 458|0x00000000dca00000, 0x00000000dca00000, 0x00000000dcb00000|  0%| F|  |TAMS 0x00000000dca00000, 0x00000000dca00000| Untracked 
| 459|0x00000000dcb00000, 0x00000000dcb00000, 0x00000000dcc00000|  0%| F|  |TAMS 0x00000000dcb00000, 0x00000000dcb00000| Untracked 
| 460|0x00000000dcc00000, 0x00000000dcc00000, 0x00000000dcd00000|  0%| F|  |TAMS 0x00000000dcc00000, 0x00000000dcc00000| Untracked 
| 461|0x00000000dcd00000, 0x00000000dcd00000, 0x00000000dce00000|  0%| F|  |TAMS 0x00000000dcd00000, 0x00000000dcd00000| Untracked 
| 462|0x00000000dce00000, 0x00000000dce00000, 0x00000000dcf00000|  0%| F|  |TAMS 0x00000000dce00000, 0x00000000dce00000| Untracked 
| 463|0x00000000dcf00000, 0x00000000dcf00000, 0x00000000dd000000|  0%| F|  |TAMS 0x00000000dcf00000, 0x00000000dcf00000| Untracked 
| 464|0x00000000dd000000, 0x00000000dd000000, 0x00000000dd100000|  0%| F|  |TAMS 0x00000000dd000000, 0x00000000dd000000| Untracked 
| 465|0x00000000dd100000, 0x00000000dd100000, 0x00000000dd200000|  0%| F|  |TAMS 0x00000000dd100000, 0x00000000dd100000| Untracked 
| 466|0x00000000dd200000, 0x00000000dd200000, 0x00000000dd300000|  0%| F|  |TAMS 0x00000000dd200000, 0x00000000dd200000| Untracked 
| 467|0x00000000dd300000, 0x00000000dd300000, 0x00000000dd400000|  0%| F|  |TAMS 0x00000000dd300000, 0x00000000dd300000| Untracked 
| 468|0x00000000dd400000, 0x00000000dd400000, 0x00000000dd500000|  0%| F|  |TAMS 0x00000000dd400000, 0x00000000dd400000| Untracked 
| 469|0x00000000dd500000, 0x00000000dd500000, 0x00000000dd600000|  0%| F|  |TAMS 0x00000000dd500000, 0x00000000dd500000| Untracked 
| 470|0x00000000dd600000, 0x00000000dd600000, 0x00000000dd700000|  0%| F|  |TAMS 0x00000000dd600000, 0x00000000dd600000| Untracked 
| 471|0x00000000dd700000, 0x00000000dd700000, 0x00000000dd800000|  0%| F|  |TAMS 0x00000000dd700000, 0x00000000dd700000| Untracked 
| 472|0x00000000dd800000, 0x00000000dd800000, 0x00000000dd900000|  0%| F|  |TAMS 0x00000000dd800000, 0x00000000dd800000| Untracked 
| 473|0x00000000dd900000, 0x00000000dd900000, 0x00000000dda00000|  0%| F|  |TAMS 0x00000000dd900000, 0x00000000dd900000| Untracked 
| 474|0x00000000dda00000, 0x00000000dda00000, 0x00000000ddb00000|  0%| F|  |TAMS 0x00000000dda00000, 0x00000000dda00000| Untracked 
| 475|0x00000000ddb00000, 0x00000000ddb00000, 0x00000000ddc00000|  0%| F|  |TAMS 0x00000000ddb00000, 0x00000000ddb00000| Untracked 
| 476|0x00000000ddc00000, 0x00000000ddc00000, 0x00000000ddd00000|  0%| F|  |TAMS 0x00000000ddc00000, 0x00000000ddc00000| Untracked 
| 477|0x00000000ddd00000, 0x00000000ddd00000, 0x00000000dde00000|  0%| F|  |TAMS 0x00000000ddd00000, 0x00000000ddd00000| Untracked 
| 478|0x00000000dde00000, 0x00000000dde00000, 0x00000000ddf00000|  0%| F|  |TAMS 0x00000000dde00000, 0x00000000dde00000| Untracked 
| 479|0x00000000ddf00000, 0x00000000ddf00000, 0x00000000de000000|  0%| F|  |TAMS 0x00000000ddf00000, 0x00000000ddf00000| Untracked 
| 480|0x00000000de000000, 0x00000000de000000, 0x00000000de100000|  0%| F|  |TAMS 0x00000000de000000, 0x00000000de000000| Untracked 
| 481|0x00000000de100000, 0x00000000de100000, 0x00000000de200000|  0%| F|  |TAMS 0x00000000de100000, 0x00000000de100000| Untracked 
| 482|0x00000000de200000, 0x00000000de200000, 0x00000000de300000|  0%| F|  |TAMS 0x00000000de200000, 0x00000000de200000| Untracked 
| 483|0x00000000de300000, 0x00000000de300000, 0x00000000de400000|  0%| F|  |TAMS 0x00000000de300000, 0x00000000de300000| Untracked 
| 484|0x00000000de400000, 0x00000000de400000, 0x00000000de500000|  0%| F|  |TAMS 0x00000000de400000, 0x00000000de400000| Untracked 
| 485|0x00000000de500000, 0x00000000de500000, 0x00000000de600000|  0%| F|  |TAMS 0x00000000de500000, 0x00000000de500000| Untracked 
| 486|0x00000000de600000, 0x00000000de600000, 0x00000000de700000|  0%| F|  |TAMS 0x00000000de600000, 0x00000000de600000| Untracked 
| 487|0x00000000de700000, 0x00000000de700000, 0x00000000de800000|  0%| F|  |TAMS 0x00000000de700000, 0x00000000de700000| Untracked 
| 488|0x00000000de800000, 0x00000000de800000, 0x00000000de900000|  0%| F|  |TAMS 0x00000000de800000, 0x00000000de800000| Untracked 
| 489|0x00000000de900000, 0x00000000de900000, 0x00000000dea00000|  0%| F|  |TAMS 0x00000000de900000, 0x00000000de900000| Untracked 
| 490|0x00000000dea00000, 0x00000000dea00000, 0x00000000deb00000|  0%| F|  |TAMS 0x00000000dea00000, 0x00000000dea00000| Untracked 
| 491|0x00000000deb00000, 0x00000000deb00000, 0x00000000dec00000|  0%| F|  |TAMS 0x00000000deb00000, 0x00000000deb00000| Untracked 
| 492|0x00000000dec00000, 0x00000000dec00000, 0x00000000ded00000|  0%| F|  |TAMS 0x00000000dec00000, 0x00000000dec00000| Untracked 
| 493|0x00000000ded00000, 0x00000000ded00000, 0x00000000dee00000|  0%| F|  |TAMS 0x00000000ded00000, 0x00000000ded00000| Untracked 
| 494|0x00000000dee00000, 0x00000000dee00000, 0x00000000def00000|  0%| F|  |TAMS 0x00000000dee00000, 0x00000000dee00000| Untracked 
| 495|0x00000000def00000, 0x00000000def00000, 0x00000000df000000|  0%| F|  |TAMS 0x00000000def00000, 0x00000000def00000| Untracked 
| 496|0x00000000df000000, 0x00000000df000000, 0x00000000df100000|  0%| F|  |TAMS 0x00000000df000000, 0x00000000df000000| Untracked 
| 497|0x00000000df100000, 0x00000000df100000, 0x00000000df200000|  0%| F|  |TAMS 0x00000000df100000, 0x00000000df100000| Untracked 
| 498|0x00000000df200000, 0x00000000df200000, 0x00000000df300000|  0%| F|  |TAMS 0x00000000df200000, 0x00000000df200000| Untracked 
| 499|0x00000000df300000, 0x00000000df300000, 0x00000000df400000|  0%| F|  |TAMS 0x00000000df300000, 0x00000000df300000| Untracked 
| 500|0x00000000df400000, 0x00000000df400000, 0x00000000df500000|  0%| F|  |TAMS 0x00000000df400000, 0x00000000df400000| Untracked 
| 501|0x00000000df500000, 0x00000000df500000, 0x00000000df600000|  0%| F|  |TAMS 0x00000000df500000, 0x00000000df500000| Untracked 
| 502|0x00000000df600000, 0x00000000df600000, 0x00000000df700000|  0%| F|  |TAMS 0x00000000df600000, 0x00000000df600000| Untracked 
| 503|0x00000000df700000, 0x00000000df700000, 0x00000000df800000|  0%| F|  |TAMS 0x00000000df700000, 0x00000000df700000| Untracked 
| 504|0x00000000df800000, 0x00000000df800000, 0x00000000df900000|  0%| F|  |TAMS 0x00000000df800000, 0x00000000df800000| Untracked 
| 505|0x00000000df900000, 0x00000000df900000, 0x00000000dfa00000|  0%| F|  |TAMS 0x00000000df900000, 0x00000000df900000| Untracked 
| 506|0x00000000dfa00000, 0x00000000dfa00000, 0x00000000dfb00000|  0%| F|  |TAMS 0x00000000dfa00000, 0x00000000dfa00000| Untracked 
| 507|0x00000000dfb00000, 0x00000000dfb00000, 0x00000000dfc00000|  0%| F|  |TAMS 0x00000000dfb00000, 0x00000000dfb00000| Untracked 
| 508|0x00000000dfc00000, 0x00000000dfc00000, 0x00000000dfd00000|  0%| F|  |TAMS 0x00000000dfc00000, 0x00000000dfc00000| Untracked 
| 509|0x00000000dfd00000, 0x00000000dfd00000, 0x00000000dfe00000|  0%| F|  |TAMS 0x00000000dfd00000, 0x00000000dfd00000| Untracked 
| 510|0x00000000dfe00000, 0x00000000dfe00000, 0x00000000dff00000|  0%| F|  |TAMS 0x00000000dfe00000, 0x00000000dfe00000| Untracked 
| 511|0x00000000dff00000, 0x00000000dff00000, 0x00000000e0000000|  0%| F|  |TAMS 0x00000000dff00000, 0x00000000dff00000| Untracked 
| 512|0x00000000e0000000, 0x00000000e0000000, 0x00000000e0100000|  0%| F|  |TAMS 0x00000000e0000000, 0x00000000e0000000| Untracked 
| 513|0x00000000e0100000, 0x00000000e0100000, 0x00000000e0200000|  0%| F|  |TAMS 0x00000000e0100000, 0x00000000e0100000| Untracked 
| 514|0x00000000e0200000, 0x00000000e0200000, 0x00000000e0300000|  0%| F|  |TAMS 0x00000000e0200000, 0x00000000e0200000| Untracked 
| 515|0x00000000e0300000, 0x00000000e0300000, 0x00000000e0400000|  0%| F|  |TAMS 0x00000000e0300000, 0x00000000e0300000| Untracked 
| 516|0x00000000e0400000, 0x00000000e0400000, 0x00000000e0500000|  0%| F|  |TAMS 0x00000000e0400000, 0x00000000e0400000| Untracked 
| 517|0x00000000e0500000, 0x00000000e0500000, 0x00000000e0600000|  0%| F|  |TAMS 0x00000000e0500000, 0x00000000e0500000| Untracked 
| 518|0x00000000e0600000, 0x00000000e0600000, 0x00000000e0700000|  0%| F|  |TAMS 0x00000000e0600000, 0x00000000e0600000| Untracked 
| 519|0x00000000e0700000, 0x00000000e0700000, 0x00000000e0800000|  0%| F|  |TAMS 0x00000000e0700000, 0x00000000e0700000| Untracked 
| 520|0x00000000e0800000, 0x00000000e0800000, 0x00000000e0900000|  0%| F|  |TAMS 0x00000000e0800000, 0x00000000e0800000| Untracked 
| 521|0x00000000e0900000, 0x00000000e0900000, 0x00000000e0a00000|  0%| F|  |TAMS 0x00000000e0900000, 0x00000000e0900000| Untracked 
| 522|0x00000000e0a00000, 0x00000000e0a00000, 0x00000000e0b00000|  0%| F|  |TAMS 0x00000000e0a00000, 0x00000000e0a00000| Untracked 
| 523|0x00000000e0b00000, 0x00000000e0b00000, 0x00000000e0c00000|  0%| F|  |TAMS 0x00000000e0b00000, 0x00000000e0b00000| Untracked 
| 524|0x00000000e0c00000, 0x00000000e0c00000, 0x00000000e0d00000|  0%| F|  |TAMS 0x00000000e0c00000, 0x00000000e0c00000| Untracked 
| 525|0x00000000e0d00000, 0x00000000e0d00000, 0x00000000e0e00000|  0%| F|  |TAMS 0x00000000e0d00000, 0x00000000e0d00000| Untracked 
| 526|0x00000000e0e00000, 0x00000000e0e00000, 0x00000000e0f00000|  0%| F|  |TAMS 0x00000000e0e00000, 0x00000000e0e00000| Untracked 
| 527|0x00000000e0f00000, 0x00000000e0f00000, 0x00000000e1000000|  0%| F|  |TAMS 0x00000000e0f00000, 0x00000000e0f00000| Untracked 
| 528|0x00000000e1000000, 0x00000000e1000000, 0x00000000e1100000|  0%| F|  |TAMS 0x00000000e1000000, 0x00000000e1000000| Untracked 
| 529|0x00000000e1100000, 0x00000000e1100000, 0x00000000e1200000|  0%| F|  |TAMS 0x00000000e1100000, 0x00000000e1100000| Untracked 
| 530|0x00000000e1200000, 0x00000000e1200000, 0x00000000e1300000|  0%| F|  |TAMS 0x00000000e1200000, 0x00000000e1200000| Untracked 
| 531|0x00000000e1300000, 0x00000000e1300000, 0x00000000e1400000|  0%| F|  |TAMS 0x00000000e1300000, 0x00000000e1300000| Untracked 
| 532|0x00000000e1400000, 0x00000000e1400000, 0x00000000e1500000|  0%| F|  |TAMS 0x00000000e1400000, 0x00000000e1400000| Untracked 
| 533|0x00000000e1500000, 0x00000000e1500000, 0x00000000e1600000|  0%| F|  |TAMS 0x00000000e1500000, 0x00000000e1500000| Untracked 
| 534|0x00000000e1600000, 0x00000000e1600000, 0x00000000e1700000|  0%| F|  |TAMS 0x00000000e1600000, 0x00000000e1600000| Untracked 
| 535|0x00000000e1700000, 0x00000000e1700000, 0x00000000e1800000|  0%| F|  |TAMS 0x00000000e1700000, 0x00000000e1700000| Untracked 
| 536|0x00000000e1800000, 0x00000000e1800000, 0x00000000e1900000|  0%| F|  |TAMS 0x00000000e1800000, 0x00000000e1800000| Untracked 
| 537|0x00000000e1900000, 0x00000000e1a00000, 0x00000000e1a00000|100%| S|CS|TAMS 0x00000000e1900000, 0x00000000e1900000| Complete 
| 538|0x00000000e1a00000, 0x00000000e1b00000, 0x00000000e1b00000|100%| S|CS|TAMS 0x00000000e1a00000, 0x00000000e1a00000| Complete 
| 539|0x00000000e1b00000, 0x00000000e1c00000, 0x00000000e1c00000|100%| S|CS|TAMS 0x00000000e1b00000, 0x00000000e1b00000| Complete 
| 540|0x00000000e1c00000, 0x00000000e1d00000, 0x00000000e1d00000|100%| S|CS|TAMS 0x00000000e1c00000, 0x00000000e1c00000| Complete 
| 541|0x00000000e1d00000, 0x00000000e1e00000, 0x00000000e1e00000|100%| S|CS|TAMS 0x00000000e1d00000, 0x00000000e1d00000| Complete 
| 542|0x00000000e1e00000, 0x00000000e1f00000, 0x00000000e1f00000|100%| S|CS|TAMS 0x00000000e1e00000, 0x00000000e1e00000| Complete 
| 543|0x00000000e1f00000, 0x00000000e2000000, 0x00000000e2000000|100%| S|CS|TAMS 0x00000000e1f00000, 0x00000000e1f00000| Complete 
| 544|0x00000000e2000000, 0x00000000e2100000, 0x00000000e2100000|100%| S|CS|TAMS 0x00000000e2000000, 0x00000000e2000000| Complete 
| 545|0x00000000e2100000, 0x00000000e2200000, 0x00000000e2200000|100%| S|CS|TAMS 0x00000000e2100000, 0x00000000e2100000| Complete 
| 546|0x00000000e2200000, 0x00000000e2300000, 0x00000000e2300000|100%| S|CS|TAMS 0x00000000e2200000, 0x00000000e2200000| Complete 
| 547|0x00000000e2300000, 0x00000000e2400000, 0x00000000e2400000|100%| S|CS|TAMS 0x00000000e2300000, 0x00000000e2300000| Complete 
| 548|0x00000000e2400000, 0x00000000e2500000, 0x00000000e2500000|100%| S|CS|TAMS 0x00000000e2400000, 0x00000000e2400000| Complete 
| 549|0x00000000e2500000, 0x00000000e2600000, 0x00000000e2600000|100%| S|CS|TAMS 0x00000000e2500000, 0x00000000e2500000| Complete 
| 550|0x00000000e2600000, 0x00000000e2700000, 0x00000000e2700000|100%| S|CS|TAMS 0x00000000e2600000, 0x00000000e2600000| Complete 
| 551|0x00000000e2700000, 0x00000000e2700000, 0x00000000e2800000|  0%| F|  |TAMS 0x00000000e2700000, 0x00000000e2700000| Untracked 
| 552|0x00000000e2800000, 0x00000000e2800000, 0x00000000e2900000|  0%| F|  |TAMS 0x00000000e2800000, 0x00000000e2800000| Untracked 
| 553|0x00000000e2900000, 0x00000000e2900000, 0x00000000e2a00000|  0%| F|  |TAMS 0x00000000e2900000, 0x00000000e2900000| Untracked 
| 554|0x00000000e2a00000, 0x00000000e2a00000, 0x00000000e2b00000|  0%| F|  |TAMS 0x00000000e2a00000, 0x00000000e2a00000| Untracked 
| 555|0x00000000e2b00000, 0x00000000e2b00000, 0x00000000e2c00000|  0%| F|  |TAMS 0x00000000e2b00000, 0x00000000e2b00000| Untracked 
| 556|0x00000000e2c00000, 0x00000000e2c00000, 0x00000000e2d00000|  0%| F|  |TAMS 0x00000000e2c00000, 0x00000000e2c00000| Untracked 
| 557|0x00000000e2d00000, 0x00000000e2d00000, 0x00000000e2e00000|  0%| F|  |TAMS 0x00000000e2d00000, 0x00000000e2d00000| Untracked 
| 558|0x00000000e2e00000, 0x00000000e2e00000, 0x00000000e2f00000|  0%| F|  |TAMS 0x00000000e2e00000, 0x00000000e2e00000| Untracked 
| 559|0x00000000e2f00000, 0x00000000e2f00000, 0x00000000e3000000|  0%| F|  |TAMS 0x00000000e2f00000, 0x00000000e2f00000| Untracked 
| 560|0x00000000e3000000, 0x00000000e3000000, 0x00000000e3100000|  0%| F|  |TAMS 0x00000000e3000000, 0x00000000e3000000| Untracked 
| 561|0x00000000e3100000, 0x00000000e3100000, 0x00000000e3200000|  0%| F|  |TAMS 0x00000000e3100000, 0x00000000e3100000| Untracked 
| 562|0x00000000e3200000, 0x00000000e3200000, 0x00000000e3300000|  0%| F|  |TAMS 0x00000000e3200000, 0x00000000e3200000| Untracked 
| 563|0x00000000e3300000, 0x00000000e3300000, 0x00000000e3400000|  0%| F|  |TAMS 0x00000000e3300000, 0x00000000e3300000| Untracked 
| 564|0x00000000e3400000, 0x00000000e3400000, 0x00000000e3500000|  0%| F|  |TAMS 0x00000000e3400000, 0x00000000e3400000| Untracked 
| 565|0x00000000e3500000, 0x00000000e3500000, 0x00000000e3600000|  0%| F|  |TAMS 0x00000000e3500000, 0x00000000e3500000| Untracked 
| 566|0x00000000e3600000, 0x00000000e3600000, 0x00000000e3700000|  0%| F|  |TAMS 0x00000000e3600000, 0x00000000e3600000| Untracked 
| 567|0x00000000e3700000, 0x00000000e3700000, 0x00000000e3800000|  0%| F|  |TAMS 0x00000000e3700000, 0x00000000e3700000| Untracked 
| 568|0x00000000e3800000, 0x00000000e3800000, 0x00000000e3900000|  0%| F|  |TAMS 0x00000000e3800000, 0x00000000e3800000| Untracked 
| 569|0x00000000e3900000, 0x00000000e3900000, 0x00000000e3a00000|  0%| F|  |TAMS 0x00000000e3900000, 0x00000000e3900000| Untracked 
| 570|0x00000000e3a00000, 0x00000000e3a00000, 0x00000000e3b00000|  0%| F|  |TAMS 0x00000000e3a00000, 0x00000000e3a00000| Untracked 
| 571|0x00000000e3b00000, 0x00000000e3b00000, 0x00000000e3c00000|  0%| F|  |TAMS 0x00000000e3b00000, 0x00000000e3b00000| Untracked 
| 572|0x00000000e3c00000, 0x00000000e3c00000, 0x00000000e3d00000|  0%| F|  |TAMS 0x00000000e3c00000, 0x00000000e3c00000| Untracked 
| 573|0x00000000e3d00000, 0x00000000e3d00000, 0x00000000e3e00000|  0%| F|  |TAMS 0x00000000e3d00000, 0x00000000e3d00000| Untracked 
| 574|0x00000000e3e00000, 0x00000000e3e00000, 0x00000000e3f00000|  0%| F|  |TAMS 0x00000000e3e00000, 0x00000000e3e00000| Untracked 
| 575|0x00000000e3f00000, 0x00000000e3f00000, 0x00000000e4000000|  0%| F|  |TAMS 0x00000000e3f00000, 0x00000000e3f00000| Untracked 
| 576|0x00000000e4000000, 0x00000000e4000000, 0x00000000e4100000|  0%| F|  |TAMS 0x00000000e4000000, 0x00000000e4000000| Untracked 
| 577|0x00000000e4100000, 0x00000000e4100000, 0x00000000e4200000|  0%| F|  |TAMS 0x00000000e4100000, 0x00000000e4100000| Untracked 
| 578|0x00000000e4200000, 0x00000000e4200000, 0x00000000e4300000|  0%| F|  |TAMS 0x00000000e4200000, 0x00000000e4200000| Untracked 
| 579|0x00000000e4300000, 0x00000000e4300000, 0x00000000e4400000|  0%| F|  |TAMS 0x00000000e4300000, 0x00000000e4300000| Untracked 
| 580|0x00000000e4400000, 0x00000000e4400000, 0x00000000e4500000|  0%| F|  |TAMS 0x00000000e4400000, 0x00000000e4400000| Untracked 
| 581|0x00000000e4500000, 0x00000000e4500000, 0x00000000e4600000|  0%| F|  |TAMS 0x00000000e4500000, 0x00000000e4500000| Untracked 
| 582|0x00000000e4600000, 0x00000000e4600000, 0x00000000e4700000|  0%| F|  |TAMS 0x00000000e4600000, 0x00000000e4600000| Untracked 
| 583|0x00000000e4700000, 0x00000000e4700000, 0x00000000e4800000|  0%| F|  |TAMS 0x00000000e4700000, 0x00000000e4700000| Untracked 
| 584|0x00000000e4800000, 0x00000000e4800000, 0x00000000e4900000|  0%| F|  |TAMS 0x00000000e4800000, 0x00000000e4800000| Untracked 
| 585|0x00000000e4900000, 0x00000000e4900000, 0x00000000e4a00000|  0%| F|  |TAMS 0x00000000e4900000, 0x00000000e4900000| Untracked 
| 586|0x00000000e4a00000, 0x00000000e4a00000, 0x00000000e4b00000|  0%| F|  |TAMS 0x00000000e4a00000, 0x00000000e4a00000| Untracked 
| 587|0x00000000e4b00000, 0x00000000e4b00000, 0x00000000e4c00000|  0%| F|  |TAMS 0x00000000e4b00000, 0x00000000e4b00000| Untracked 
| 588|0x00000000e4c00000, 0x00000000e4c00000, 0x00000000e4d00000|  0%| F|  |TAMS 0x00000000e4c00000, 0x00000000e4c00000| Untracked 
| 589|0x00000000e4d00000, 0x00000000e4d00000, 0x00000000e4e00000|  0%| F|  |TAMS 0x00000000e4d00000, 0x00000000e4d00000| Untracked 
| 590|0x00000000e4e00000, 0x00000000e4e00000, 0x00000000e4f00000|  0%| F|  |TAMS 0x00000000e4e00000, 0x00000000e4e00000| Untracked 
| 591|0x00000000e4f00000, 0x00000000e4f00000, 0x00000000e5000000|  0%| F|  |TAMS 0x00000000e4f00000, 0x00000000e4f00000| Untracked 
| 592|0x00000000e5000000, 0x00000000e5000000, 0x00000000e5100000|  0%| F|  |TAMS 0x00000000e5000000, 0x00000000e5000000| Untracked 
| 593|0x00000000e5100000, 0x00000000e5100000, 0x00000000e5200000|  0%| F|  |TAMS 0x00000000e5100000, 0x00000000e5100000| Untracked 
| 594|0x00000000e5200000, 0x00000000e5200000, 0x00000000e5300000|  0%| F|  |TAMS 0x00000000e5200000, 0x00000000e5200000| Untracked 
| 595|0x00000000e5300000, 0x00000000e5300000, 0x00000000e5400000|  0%| F|  |TAMS 0x00000000e5300000, 0x00000000e5300000| Untracked 
| 596|0x00000000e5400000, 0x00000000e5400000, 0x00000000e5500000|  0%| F|  |TAMS 0x00000000e5400000, 0x00000000e5400000| Untracked 
| 597|0x00000000e5500000, 0x00000000e5500000, 0x00000000e5600000|  0%| F|  |TAMS 0x00000000e5500000, 0x00000000e5500000| Untracked 
| 598|0x00000000e5600000, 0x00000000e5600000, 0x00000000e5700000|  0%| F|  |TAMS 0x00000000e5600000, 0x00000000e5600000| Untracked 
| 599|0x00000000e5700000, 0x00000000e5700000, 0x00000000e5800000|  0%| F|  |TAMS 0x00000000e5700000, 0x00000000e5700000| Untracked 
| 600|0x00000000e5800000, 0x00000000e5800000, 0x00000000e5900000|  0%| F|  |TAMS 0x00000000e5800000, 0x00000000e5800000| Untracked 
| 601|0x00000000e5900000, 0x00000000e5900000, 0x00000000e5a00000|  0%| F|  |TAMS 0x00000000e5900000, 0x00000000e5900000| Untracked 
| 602|0x00000000e5a00000, 0x00000000e5a00000, 0x00000000e5b00000|  0%| F|  |TAMS 0x00000000e5a00000, 0x00000000e5a00000| Untracked 
| 603|0x00000000e5b00000, 0x00000000e5b00000, 0x00000000e5c00000|  0%| F|  |TAMS 0x00000000e5b00000, 0x00000000e5b00000| Untracked 
| 604|0x00000000e5c00000, 0x00000000e5c00000, 0x00000000e5d00000|  0%| F|  |TAMS 0x00000000e5c00000, 0x00000000e5c00000| Untracked 
| 605|0x00000000e5d00000, 0x00000000e5d00000, 0x00000000e5e00000|  0%| F|  |TAMS 0x00000000e5d00000, 0x00000000e5d00000| Untracked 
| 606|0x00000000e5e00000, 0x00000000e5e00000, 0x00000000e5f00000|  0%| F|  |TAMS 0x00000000e5e00000, 0x00000000e5e00000| Untracked 
| 607|0x00000000e5f00000, 0x00000000e5f00000, 0x00000000e6000000|  0%| F|  |TAMS 0x00000000e5f00000, 0x00000000e5f00000| Untracked 
| 608|0x00000000e6000000, 0x00000000e6000000, 0x00000000e6100000|  0%| F|  |TAMS 0x00000000e6000000, 0x00000000e6000000| Untracked 
| 609|0x00000000e6100000, 0x00000000e6100000, 0x00000000e6200000|  0%| F|  |TAMS 0x00000000e6100000, 0x00000000e6100000| Untracked 
| 610|0x00000000e6200000, 0x00000000e6200000, 0x00000000e6300000|  0%| F|  |TAMS 0x00000000e6200000, 0x00000000e6200000| Untracked 
| 611|0x00000000e6300000, 0x00000000e6300000, 0x00000000e6400000|  0%| F|  |TAMS 0x00000000e6300000, 0x00000000e6300000| Untracked 
| 612|0x00000000e6400000, 0x00000000e6400000, 0x00000000e6500000|  0%| F|  |TAMS 0x00000000e6400000, 0x00000000e6400000| Untracked 
| 613|0x00000000e6500000, 0x00000000e6500000, 0x00000000e6600000|  0%| F|  |TAMS 0x00000000e6500000, 0x00000000e6500000| Untracked 
| 614|0x00000000e6600000, 0x00000000e6600000, 0x00000000e6700000|  0%| F|  |TAMS 0x00000000e6600000, 0x00000000e6600000| Untracked 
| 615|0x00000000e6700000, 0x00000000e6700000, 0x00000000e6800000|  0%| F|  |TAMS 0x00000000e6700000, 0x00000000e6700000| Untracked 
| 616|0x00000000e6800000, 0x00000000e6800000, 0x00000000e6900000|  0%| F|  |TAMS 0x00000000e6800000, 0x00000000e6800000| Untracked 
| 617|0x00000000e6900000, 0x00000000e6900000, 0x00000000e6a00000|  0%| F|  |TAMS 0x00000000e6900000, 0x00000000e6900000| Untracked 
| 618|0x00000000e6a00000, 0x00000000e6a00000, 0x00000000e6b00000|  0%| F|  |TAMS 0x00000000e6a00000, 0x00000000e6a00000| Untracked 
| 619|0x00000000e6b00000, 0x00000000e6b00000, 0x00000000e6c00000|  0%| F|  |TAMS 0x00000000e6b00000, 0x00000000e6b00000| Untracked 
| 620|0x00000000e6c00000, 0x00000000e6c00000, 0x00000000e6d00000|  0%| F|  |TAMS 0x00000000e6c00000, 0x00000000e6c00000| Untracked 
| 621|0x00000000e6d00000, 0x00000000e6d00000, 0x00000000e6e00000|  0%| F|  |TAMS 0x00000000e6d00000, 0x00000000e6d00000| Untracked 
| 622|0x00000000e6e00000, 0x00000000e6e00000, 0x00000000e6f00000|  0%| F|  |TAMS 0x00000000e6e00000, 0x00000000e6e00000| Untracked 
| 623|0x00000000e6f00000, 0x00000000e6f00000, 0x00000000e7000000|  0%| F|  |TAMS 0x00000000e6f00000, 0x00000000e6f00000| Untracked 
| 624|0x00000000e7000000, 0x00000000e7000000, 0x00000000e7100000|  0%| F|  |TAMS 0x00000000e7000000, 0x00000000e7000000| Untracked 
| 625|0x00000000e7100000, 0x00000000e7100000, 0x00000000e7200000|  0%| F|  |TAMS 0x00000000e7100000, 0x00000000e7100000| Untracked 
| 626|0x00000000e7200000, 0x00000000e7200000, 0x00000000e7300000|  0%| F|  |TAMS 0x00000000e7200000, 0x00000000e7200000| Untracked 
| 627|0x00000000e7300000, 0x00000000e7300000, 0x00000000e7400000|  0%| F|  |TAMS 0x00000000e7300000, 0x00000000e7300000| Untracked 
| 628|0x00000000e7400000, 0x00000000e7400000, 0x00000000e7500000|  0%| F|  |TAMS 0x00000000e7400000, 0x00000000e7400000| Untracked 
| 629|0x00000000e7500000, 0x00000000e7500000, 0x00000000e7600000|  0%| F|  |TAMS 0x00000000e7500000, 0x00000000e7500000| Untracked 
| 630|0x00000000e7600000, 0x00000000e7700000, 0x00000000e7700000|100%| E|  |TAMS 0x00000000e7600000, 0x00000000e7600000| Complete 
| 631|0x00000000e7700000, 0x00000000e7800000, 0x00000000e7800000|100%| E|CS|TAMS 0x00000000e7700000, 0x00000000e7700000| Complete 
| 632|0x00000000e7800000, 0x00000000e7900000, 0x00000000e7900000|100%| E|CS|TAMS 0x00000000e7800000, 0x00000000e7800000| Complete 
| 633|0x00000000e7900000, 0x00000000e7a00000, 0x00000000e7a00000|100%| E|CS|TAMS 0x00000000e7900000, 0x00000000e7900000| Complete 
| 634|0x00000000e7a00000, 0x00000000e7b00000, 0x00000000e7b00000|100%| E|CS|TAMS 0x00000000e7a00000, 0x00000000e7a00000| Complete 
| 635|0x00000000e7b00000, 0x00000000e7c00000, 0x00000000e7c00000|100%| E|CS|TAMS 0x00000000e7b00000, 0x00000000e7b00000| Complete 
| 636|0x00000000e7c00000, 0x00000000e7d00000, 0x00000000e7d00000|100%| E|CS|TAMS 0x00000000e7c00000, 0x00000000e7c00000| Complete 
| 637|0x00000000e7d00000, 0x00000000e7e00000, 0x00000000e7e00000|100%| E|CS|TAMS 0x00000000e7d00000, 0x00000000e7d00000| Complete 
| 638|0x00000000e7e00000, 0x00000000e7f00000, 0x00000000e7f00000|100%| E|CS|TAMS 0x00000000e7e00000, 0x00000000e7e00000| Complete 
| 639|0x00000000e7f00000, 0x00000000e8000000, 0x00000000e8000000|100%| E|CS|TAMS 0x00000000e7f00000, 0x00000000e7f00000| Complete 

Card table byte_map: [0x00000227a01f0000,0x00000227a03f0000] _byte_map_base: 0x000002279fbf0000

Marking Bits (Prev, Next): (CMBitMap*) 0x00000227876551a0, (CMBitMap*) 0x00000227876551e0
 Prev Bits: [0x00000227a05f0000, 0x00000227a15f0000)
 Next Bits: [0x00000227a15f0000, 0x00000227a25f0000)

Polling page: 0x00000227850f0000

Metaspace:

Usage:
  Non-class:     99.79 MB used.
      Class:     15.82 MB used.
       Both:    115.60 MB used.

Virtual space:
  Non-class space:      128.00 MB reserved,     100.88 MB ( 79%) committed,  2 nodes.
      Class space:        1.00 GB reserved,      17.13 MB (  2%) committed,  1 nodes.
             Both:        1.13 GB reserved,     118.00 MB ( 10%) committed. 

Chunk freelists:
   Non-Class:  2.83 MB
       Class:  2.83 MB
        Both:  5.66 MB

MaxMetaspaceSize: unlimited
CompressedClassSpaceSize: 1.00 GB
Initial GC threshold: 21.00 MB
Current GC threshold: 189.63 MB
CDS: on
MetaspaceReclaimPolicy: balanced
 - commit_granule_bytes: 65536.
 - commit_granule_words: 8192.
 - virtual_space_node_default_size: 8388608.
 - enlarge_chunks_in_place: 1.
 - new_chunks_are_fully_committed: 0.
 - uncommit_free_chunks: 1.
 - use_allocation_guard: 0.


Internal statistics:

num_allocs_failed_limit: 18.
num_arena_births: 4866.
num_arena_deaths: 2.
num_vsnodes_births: 3.
num_vsnodes_deaths: 0.
num_space_committed: 1887.
num_space_uncommitted: 0.
num_chunks_returned_to_freelist: 21.
num_chunks_taken_from_freelist: 10438.
num_chunk_merges: 18.
num_chunk_splits: 6812.
num_chunks_enlarged: 4223.
num_inconsistent_stats: 0.

CodeHeap 'non-profiled nmethods': size=119168Kb used=9120Kb max_used=9120Kb free=110048Kb
 bounds [0x00000227980f0000, 0x00000227989e0000, 0x000002279f550000]
CodeHeap 'profiled nmethods': size=119104Kb used=28396Kb max_used=28396Kb free=90708Kb
 bounds [0x0000022790ca0000, 0x0000022792860000, 0x00000227980f0000]
CodeHeap 'non-nmethods': size=7488Kb used=3475Kb max_used=3526Kb free=4012Kb
 bounds [0x0000022790550000, 0x00000227908d0000, 0x0000022790ca0000]
 total_blobs=15161 nmethods=14309 adapters=757
 compilation: enabled
              stopped_count=0, restarted_count=0
 full_count=0

Compilation events (20 events):
Event: 16.862 Thread 0x00000227a9812b60 nmethod 17309 0x000002279285a510 code [0x000002279285a6a0, 0x000002279285a858]
Event: 16.862 Thread 0x00000227a9812b60 17300       3       java.util.Collections$SetFromMap::size (10 bytes)
Event: 16.863 Thread 0x00000227a9810d00 nmethod 17306 0x0000022792851e90 code [0x0000022792852440, 0x0000022792855798]
Event: 16.863 Thread 0x00000227a9812b60 nmethod 17300 0x000002279285c490 code [0x000002279285c640, 0x000002279285c808]
Event: 16.863 Thread 0x00000227a9810d00 17295       3       com.android.tools.r8.internal.aA$$Lambda$2284/0x0000000801ce8718::compare (12 bytes)
Event: 16.863 Thread 0x00000227a9813fa0 nmethod 17303 0x0000022792857610 code [0x0000022792857a40, 0x0000022792859988]
Event: 16.863 Thread 0x00000227a9812b60 17335       3       com.android.tools.r8.internal.aB::get (29 bytes)
Event: 16.863 Thread 0x00000227a9811c30 nmethod 17308 0x000002279285a910 code [0x000002279285abe0, 0x000002279285bea8]
Event: 16.863 Thread 0x00000227a9813fa0 17299       3       com.android.tools.r8.internal.CQ$$Lambda$2285/0x0000000801ce8e80::compare (12 bytes)
Event: 16.864 Thread 0x00000227a9811c30 17310       3       com.android.tools.r8.internal.CQ$$Lambda$2292/0x0000000801cea2b0::<init> (10 bytes)
Event: 16.864 Thread 0x00000227a57fda70 nmethod 17319 0x00000227989d7610 code [0x00000227989d77c0, 0x00000227989d7bd8]
Event: 16.864 Thread 0x00000227a9812b60 nmethod 17335 0x000002279285d110 code [0x000002279285d2e0, 0x000002279285d698]
Event: 16.864 Thread 0x00000227a9810d00 nmethod 17295 0x000002279285c910 code [0x000002279285cae0, 0x000002279285cf98]
Event: 16.864 Thread 0x00000227a9812b60 17337       3       com.android.tools.r8.internal.CQ::a (246 bytes)
Event: 16.865 Thread 0x00000227a9810d00 17311       3       com.android.tools.r8.internal.CQ$$Lambda$2291/0x0000000801cea070::test (12 bytes)
Event: 16.865 Thread 0x00000227a9811c30 nmethod 17310 0x000002279285d810 code [0x000002279285d9a0, 0x000002279285db58]
Event: 16.865 Thread 0x00000227a9811c30 17304       3       java.util.PriorityQueue::siftDown (41 bytes)
Event: 16.865 Thread 0x00000227a9813fa0 nmethod 17299 0x000002279285dc10 code [0x000002279285dde0, 0x000002279285e298]
Event: 16.865 Thread 0x00000227a9813fa0 17338       3       com.android.tools.r8.ir.optimize.Z::a (129 bytes)
Event: 16.866 Thread 0x00000227a57fda70 17334       4       com.android.tools.r8.internal.cA::next (5 bytes)

GC Heap History (20 events):
Event: 15.053 GC heap before
{Heap before GC invocations=19 (full 0):
 garbage-first heap   total 545792K, used 402432K [0x00000000c0000000, 0x0000000100000000)
  region size 1024K, 227 young (232448K), 31 survivors (31744K)
 Metaspace       used 111040K, committed 113600K, reserved 1179648K
  class space    used 15266K, committed 16640K, reserved 1048576K
}
Event: 15.072 GC heap after
{Heap after GC invocations=20 (full 0):
 garbage-first heap   total 545792K, used 250579K [0x00000000c0000000, 0x0000000100000000)
  region size 1024K, 29 young (29696K), 29 survivors (29696K)
 Metaspace       used 111040K, committed 113600K, reserved 1179648K
  class space    used 15266K, committed 16640K, reserved 1048576K
}
Event: 15.297 GC heap before
{Heap before GC invocations=20 (full 0):
 garbage-first heap   total 545792K, used 409299K [0x00000000c0000000, 0x0000000100000000)
  region size 1024K, 184 young (188416K), 29 survivors (29696K)
 Metaspace       used 111614K, committed 114112K, reserved 1179648K
  class space    used 15356K, committed 16704K, reserved 1048576K
}
Event: 15.313 GC heap after
{Heap after GC invocations=21 (full 0):
 garbage-first heap   total 545792K, used 288256K [0x00000000c0000000, 0x0000000100000000)
  region size 1024K, 23 young (23552K), 23 survivors (23552K)
 Metaspace       used 111614K, committed 114112K, reserved 1179648K
  class space    used 15356K, committed 16704K, reserved 1048576K
}
Event: 15.565 GC heap before
{Heap before GC invocations=21 (full 0):
 garbage-first heap   total 545792K, used 420352K [0x00000000c0000000, 0x0000000100000000)
  region size 1024K, 152 young (155648K), 23 survivors (23552K)
 Metaspace       used 112050K, committed 114624K, reserved 1179648K
  class space    used 15395K, committed 16768K, reserved 1048576K
}
Event: 15.579 GC heap after
{Heap after GC invocations=22 (full 0):
 garbage-first heap   total 545792K, used 319488K [0x00000000c0000000, 0x0000000100000000)
  region size 1024K, 19 young (19456K), 19 survivors (19456K)
 Metaspace       used 112050K, committed 114624K, reserved 1179648K
  class space    used 15395K, committed 16768K, reserved 1048576K
}
Event: 15.771 GC heap before
{Heap before GC invocations=22 (full 0):
 garbage-first heap   total 545792K, used 431104K [0x00000000c0000000, 0x0000000100000000)
  region size 1024K, 128 young (131072K), 19 survivors (19456K)
 Metaspace       used 113644K, committed 116160K, reserved 1179648K
  class space    used 15600K, committed 16960K, reserved 1048576K
}
Event: 15.782 GC heap after
{Heap after GC invocations=23 (full 0):
 garbage-first heap   total 545792K, used 346002K [0x00000000c0000000, 0x0000000100000000)
  region size 1024K, 16 young (16384K), 16 survivors (16384K)
 Metaspace       used 113644K, committed 116160K, reserved 1179648K
  class space    used 15600K, committed 16960K, reserved 1048576K
}
Event: 15.996 GC heap before
{Heap before GC invocations=24 (full 0):
 garbage-first heap   total 655360K, used 441234K [0x00000000c0000000, 0x0000000100000000)
  region size 1024K, 109 young (111616K), 16 survivors (16384K)
 Metaspace       used 113953K, committed 116480K, reserved 1179648K
  class space    used 15644K, committed 17024K, reserved 1048576K
}
Event: 16.006 GC heap after
{Heap after GC invocations=25 (full 0):
 garbage-first heap   total 655360K, used 368352K [0x00000000c0000000, 0x0000000100000000)
  region size 1024K, 14 young (14336K), 14 survivors (14336K)
 Metaspace       used 113953K, committed 116480K, reserved 1179648K
  class space    used 15644K, committed 17024K, reserved 1048576K
}
Event: 16.038 GC heap before
{Heap before GC invocations=25 (full 0):
 garbage-first heap   total 655360K, used 386784K [0x00000000c0000000, 0x0000000100000000)
  region size 1024K, 32 young (32768K), 14 survivors (14336K)
 Metaspace       used 113958K, committed 116480K, reserved 1179648K
  class space    used 15649K, committed 17024K, reserved 1048576K
}
Event: 16.043 GC heap after
{Heap after GC invocations=26 (full 0):
 garbage-first heap   total 655360K, used 373760K [0x00000000c0000000, 0x0000000100000000)
  region size 1024K, 4 young (4096K), 4 survivors (4096K)
 Metaspace       used 113958K, committed 116480K, reserved 1179648K
  class space    used 15649K, committed 17024K, reserved 1048576K
}
Event: 16.284 GC heap before
{Heap before GC invocations=26 (full 0):
 garbage-first heap   total 655360K, used 518144K [0x00000000c0000000, 0x0000000100000000)
  region size 1024K, 145 young (148480K), 4 survivors (4096K)
 Metaspace       used 116379K, committed 118912K, reserved 1179648K
  class space    used 16038K, committed 17408K, reserved 1048576K
}
Event: 16.293 GC heap after
{Heap after GC invocations=27 (full 0):
 garbage-first heap   total 655360K, used 403918K [0x00000000c0000000, 0x0000000100000000)
  region size 1024K, 19 young (19456K), 19 survivors (19456K)
 Metaspace       used 116379K, committed 118912K, reserved 1179648K
  class space    used 16038K, committed 17408K, reserved 1048576K
}
Event: 16.527 GC heap before
{Heap before GC invocations=27 (full 0):
 garbage-first heap   total 655360K, used 527822K [0x00000000c0000000, 0x0000000100000000)
  region size 1024K, 140 young (143360K), 19 survivors (19456K)
 Metaspace       used 117313K, committed 119872K, reserved 1179648K
  class space    used 16157K, committed 17536K, reserved 1048576K
}
Event: 16.539 GC heap after
{Heap after GC invocations=28 (full 0):
 garbage-first heap   total 655360K, used 430260K [0x00000000c0000000, 0x0000000100000000)
  region size 1024K, 18 young (18432K), 18 survivors (18432K)
 Metaspace       used 117313K, committed 119872K, reserved 1179648K
  class space    used 16157K, committed 17536K, reserved 1048576K
}
Event: 16.701 GC heap before
{Heap before GC invocations=28 (full 0):
 garbage-first heap   total 655360K, used 534708K [0x00000000c0000000, 0x0000000100000000)
  region size 1024K, 121 young (123904K), 18 survivors (18432K)
 Metaspace       used 118055K, committed 120576K, reserved 1179648K
  class space    used 16177K, committed 17536K, reserved 1048576K
}
Event: 16.712 GC heap after
{Heap after GC invocations=29 (full 0):
 garbage-first heap   total 655360K, used 452913K [0x00000000c0000000, 0x0000000100000000)
  region size 1024K, 16 young (16384K), 16 survivors (16384K)
 Metaspace       used 118055K, committed 120576K, reserved 1179648K
  class space    used 16177K, committed 17536K, reserved 1048576K
}
Event: 16.842 GC heap before
{Heap before GC invocations=29 (full 0):
 garbage-first heap   total 655360K, used 544049K [0x00000000c0000000, 0x0000000100000000)
  region size 1024K, 105 young (107520K), 16 survivors (16384K)
 Metaspace       used 118362K, committed 120832K, reserved 1179648K
  class space    used 16193K, committed 17536K, reserved 1048576K
}
Event: 16.852 GC heap after
{Heap after GC invocations=30 (full 0):
 garbage-first heap   total 655360K, used 472671K [0x00000000c0000000, 0x0000000100000000)
  region size 1024K, 14 young (14336K), 14 survivors (14336K)
 Metaspace       used 118362K, committed 120832K, reserved 1179648K
  class space    used 16193K, committed 17536K, reserved 1048576K
}

Deoptimization events (20 events):
Event: 16.663 Thread 0x00000227ae828cc0 DEOPT PACKING pc=0x000002279106fc9d sp=0x0000003e47ef9a70
Event: 16.663 Thread 0x00000227ae828cc0 DEOPT UNPACKING pc=0x00000227905a2b43 sp=0x0000003e47ef8f00 mode 0
Event: 16.664 Thread 0x00000227ae828cc0 DEOPT PACKING pc=0x000002279106fc9d sp=0x0000003e47ef9a70
Event: 16.664 Thread 0x00000227ae828cc0 DEOPT UNPACKING pc=0x00000227905a2b43 sp=0x0000003e47ef8f00 mode 0
Event: 16.665 Thread 0x00000227ae828cc0 DEOPT PACKING pc=0x000002279106fc9d sp=0x0000003e47ef9a70
Event: 16.665 Thread 0x00000227ae828cc0 DEOPT UNPACKING pc=0x00000227905a2b43 sp=0x0000003e47ef8f00 mode 0
Event: 16.670 Thread 0x00000227ae828cc0 DEOPT PACKING pc=0x000002279106fc9d sp=0x0000003e47efa4c0
Event: 16.670 Thread 0x00000227ae828cc0 DEOPT UNPACKING pc=0x00000227905a2b43 sp=0x0000003e47ef9950 mode 0
Event: 16.718 Thread 0x00000227ae828cc0 Uncommon trap: trap_request=0xffffff45 fr.pc=0x00000227983e5edc relative=0x000000000000005c
Event: 16.718 Thread 0x00000227ae828cc0 Uncommon trap: reason=unstable_if action=reinterpret pc=0x00000227983e5edc method=java.util.Objects.equals(Ljava/lang/Object;Ljava/lang/Object;)Z @ 6 c2
Event: 16.719 Thread 0x00000227ae828cc0 DEOPT PACKING pc=0x00000227983e5edc sp=0x0000003e47ef9910
Event: 16.719 Thread 0x00000227ae828cc0 DEOPT UNPACKING pc=0x00000227905a23a3 sp=0x0000003e47ef98b0 mode 2
Event: 16.781 Thread 0x00000227ae828cc0 Uncommon trap: trap_request=0xffffff45 fr.pc=0x00000227989a60e4 relative=0x0000000000000424
Event: 16.781 Thread 0x00000227ae828cc0 Uncommon trap: reason=unstable_if action=reinterpret pc=0x00000227989a60e4 method=com.android.tools.r8.internal.TF.a(ILjava/lang/Object;)Ljava/lang/Object; @ 8 c2
Event: 16.781 Thread 0x00000227ae828cc0 DEOPT PACKING pc=0x00000227989a60e4 sp=0x0000003e47ef9f60
Event: 16.781 Thread 0x00000227ae828cc0 DEOPT UNPACKING pc=0x00000227905a23a3 sp=0x0000003e47ef9f28 mode 2
Event: 16.821 Thread 0x00000227ae828cc0 Uncommon trap: trap_request=0xffffff45 fr.pc=0x00000227989cee98 relative=0x0000000000000518
Event: 16.821 Thread 0x00000227ae828cc0 Uncommon trap: reason=unstable_if action=reinterpret pc=0x00000227989cee98 method=com.android.tools.r8.internal.YR.b(I)Lcom/android/tools/r8/internal/YR; @ 48 c2
Event: 16.822 Thread 0x00000227ae828cc0 DEOPT PACKING pc=0x00000227989cee98 sp=0x0000003e47efa110
Event: 16.822 Thread 0x00000227ae828cc0 DEOPT UNPACKING pc=0x00000227905a23a3 sp=0x0000003e47efa0a0 mode 2

Classes loaded (20 events):
Event: 16.180 Loading class java/util/IdentityHashMap$EntrySpliterator
Event: 16.180 Loading class java/util/IdentityHashMap$IdentityHashMapSpliterator
Event: 16.180 Loading class java/util/IdentityHashMap$IdentityHashMapSpliterator done
Event: 16.180 Loading class java/util/IdentityHashMap$EntrySpliterator done
Event: 16.181 Loading class java/util/stream/SortedOps$RefSortingSink
Event: 16.181 Loading class java/util/stream/SortedOps$RefSortingSink done
Event: 16.193 Loading class java/util/SortedSet$1
Event: 16.194 Loading class java/util/SortedSet$1 done
Event: 16.196 Loading class java/util/stream/SliceOps
Event: 16.196 Loading class java/util/stream/SliceOps done
Event: 16.196 Loading class java/util/stream/SliceOps$1
Event: 16.196 Loading class java/util/stream/SliceOps$1 done
Event: 16.196 Loading class java/util/stream/SliceOps$1$1
Event: 16.196 Loading class java/util/stream/SliceOps$1$1 done
Event: 16.207 Loading class java/util/PriorityQueue
Event: 16.207 Loading class java/util/PriorityQueue done
Event: 16.216 Loading class java/util/IdentityHashMap$ValueIterator
Event: 16.216 Loading class java/util/IdentityHashMap$ValueIterator done
Event: 16.400 Loading class java/util/AbstractList$SubList$1
Event: 16.400 Loading class java/util/AbstractList$SubList$1 done

Classes unloaded (1 events):
Event: 15.872 Thread 0x00000227876b5c80 Unloading class 0x0000000801b14000 'java/lang/invoke/LambdaForm$DMH+0x0000000801b14000'

Classes redefined (0 events):
No events

Internal exceptions (20 events):
Event: 13.608 Thread 0x00000227ad9ee240 Exception <a 'sun/nio/fs/WindowsException'{0x00000000d6c5f6e8}> (0x00000000d6c5f6e8) 
thrown [s\src\hotspot\share\prims\jni.cpp, line 516]
Event: 13.608 Thread 0x00000227ad9ee240 Exception <a 'sun/nio/fs/WindowsException'{0x00000000d6c604c8}> (0x00000000d6c604c8) 
thrown [s\src\hotspot\share\prims\jni.cpp, line 516]
Event: 13.608 Thread 0x00000227ad9ee240 Exception <a 'sun/nio/fs/WindowsException'{0x00000000d6c612f8}> (0x00000000d6c612f8) 
thrown [s\src\hotspot\share\prims\jni.cpp, line 516]
Event: 13.608 Thread 0x00000227ad9ee240 Exception <a 'sun/nio/fs/WindowsException'{0x00000000d6c62128}> (0x00000000d6c62128) 
thrown [s\src\hotspot\share\prims\jni.cpp, line 516]
Event: 13.669 Thread 0x00000227ad8c3760 Exception <a 'java/lang/NoSuchMethodError'{0x00000000d5a040c0}: static Lcom/android/ide/common/resources/MergedAssetWriter$AssetWorkAction;.<clinit>()V> (0x00000000d5a040c0) 
thrown [s\src\hotspot\share\prims\jni.cpp, line 1104]
Event: 13.784 Thread 0x00000227ae828cc0 Implicit null exception at 0x00000227982c7f99 to 0x00000227982c8a00
Event: 14.051 Thread 0x00000227ae828cc0 Exception <a 'sun/nio/fs/WindowsException'{0x00000000d0ade570}> (0x00000000d0ade570) 
thrown [s\src\hotspot\share\prims\jni.cpp, line 516]
Event: 14.372 Thread 0x00000227ae828cc0 Exception <a 'java/lang/NoSuchMethodError'{0x00000000da0cdc98}: 'java.lang.Object java.lang.invoke.DirectMethodHandle$Holder.invokeStaticInit(java.lang.Object, java.lang.Object, java.lang.Object, java.lang.Object, java.lang.Object, java.lang.Object, java.lang.Object, java.lang.Object, java.lang.Object, java.lang.Object, java.lang.Object, java.lang.Object, java.lang.Object, java.lang.Object, java.lang.Object, java.lang.Object, java.lang.Object, java.lang.Object, java.lang.Object, java.lang.Object, int, java
Event: 14.397 Thread 0x00000227ae828cc0 Exception <a 'java/lang/IncompatibleClassChangeError'{0x00000000d934f640}: Found class java.lang.Object, but interface was expected> (0x00000000d934f640) 
thrown [s\src\hotspot\share\interpreter\linkResolver.cpp, line 826]
Event: 14.895 Thread 0x00000227ad8c0c10 Exception <a 'sun/nio/fs/WindowsException'{0x00000000dbdeda68}> (0x00000000dbdeda68) 
thrown [s\src\hotspot\share\prims\jni.cpp, line 516]
Event: 14.946 Thread 0x00000227ae828cc0 Exception <a 'java/lang/IncompatibleClassChangeError'{0x00000000d9f34d28}: Found class java.lang.Object, but interface was expected> (0x00000000d9f34d28) 
thrown [s\src\hotspot\share\interpreter\linkResolver.cpp, line 826]
Event: 14.971 Thread 0x00000227ae828cc0 Implicit null exception at 0x00000227988e7483 to 0x00000227988e8e2c
Event: 14.972 Thread 0x00000227ae828cc0 Implicit null exception at 0x00000227988da872 to 0x00000227988da944
Event: 14.972 Thread 0x00000227ae828cc0 Implicit null exception at 0x00000227988da872 to 0x00000227988da944
Event: 15.712 Thread 0x00000227ae828cc0 Exception <a 'java/lang/NoSuchMethodError'{0x00000000dcf97a48}: 'java.lang.Object java.lang.invoke.DirectMethodHandle$Holder.invokeStatic(java.lang.Object, int, java.lang.Object, java.lang.Object)'> (0x00000000dcf97a48) 
thrown [s\src\hotspot\share\interpreter\linkResolver.cpp, line 759]
Event: 15.713 Thread 0x00000227ae828cc0 Exception <a 'java/lang/NoSuchMethodError'{0x00000000dcb8cf58}: 'java.lang.Object java.lang.invoke.DirectMethodHandle$Holder.invokeStatic(java.lang.Object, java.lang.Object, int, java.lang.Object, java.lang.Object)'> (0x00000000dcb8cf58) 
thrown [s\src\hotspot\share\interpreter\linkResolver.cpp, line 759]
Event: 16.078 Thread 0x00000227ae828cc0 Exception <a 'java/lang/IncompatibleClassChangeError'{0x00000000e6edc6b0}: Found class java.lang.Object, but interface was expected> (0x00000000e6edc6b0) 
thrown [s\src\hotspot\share\interpreter\linkResolver.cpp, line 826]
Event: 16.078 Thread 0x00000227ae828cc0 Exception <a 'java/lang/IncompatibleClassChangeError'{0x00000000e6ee1598}: Found class java.lang.Object, but interface was expected> (0x00000000e6ee1598) 
thrown [s\src\hotspot\share\interpreter\linkResolver.cpp, line 826]
Event: 16.150 Thread 0x00000227ae828cc0 Exception <a 'java/lang/NoSuchMethodError'{0x00000000e3c70eb0}: 'void java.lang.invoke.DirectMethodHandle$Holder.invokeSpecial(java.lang.Object, java.lang.Object, int, java.lang.Object)'> (0x00000000e3c70eb0) 
thrown [s\src\hotspot\share\interpreter\linkResolver.cpp, line 759]
Event: 16.224 Thread 0x00000227ae828cc0 Exception <a 'java/lang/NoSuchMethodError'{0x00000000e138ba90}: 'int java.lang.invoke.DirectMethodHandle$Holder.invokeSpecial(java.lang.Object, java.lang.Object, java.lang.Object, int, java.lang.Object)'> (0x00000000e138ba90) 
thrown [s\src\hotspot\share\interpreter\linkResolver.cpp, line 759]

VM Operations (20 events):
Event: 16.397 Executing VM operation: HandshakeAllThreads done
Event: 16.516 Executing VM operation: HandshakeAllThreads
Event: 16.516 Executing VM operation: HandshakeAllThreads done
Event: 16.518 Executing VM operation: ICBufferFull
Event: 16.518 Executing VM operation: ICBufferFull done
Event: 16.527 Executing VM operation: G1CollectForAllocation
Event: 16.539 Executing VM operation: G1CollectForAllocation done
Event: 16.629 Executing VM operation: HandshakeAllThreads
Event: 16.629 Executing VM operation: HandshakeAllThreads done
Event: 16.636 Executing VM operation: ICBufferFull
Event: 16.636 Executing VM operation: ICBufferFull done
Event: 16.650 Executing VM operation: HandshakeAllThreads
Event: 16.650 Executing VM operation: HandshakeAllThreads done
Event: 16.701 Executing VM operation: G1CollectForAllocation
Event: 16.712 Executing VM operation: G1CollectForAllocation done
Event: 16.815 Executing VM operation: ICBufferFull
Event: 16.816 Executing VM operation: ICBufferFull done
Event: 16.842 Executing VM operation: G1CollectForAllocation
Event: 16.852 Executing VM operation: G1CollectForAllocation done
Event: 16.865 Executing VM operation: G1Concurrent

Events (20 events):
Event: 15.527 Thread 0x00000227a57fe750 flushing nmethod 0x0000022792464590
Event: 15.527 Thread 0x00000227a57fe750 flushing nmethod 0x0000022792470690
Event: 15.527 Thread 0x00000227a57fe750 flushing nmethod 0x0000022792477910
Event: 15.527 Thread 0x00000227a57fe750 flushing nmethod 0x0000022792478b10
Event: 15.527 Thread 0x00000227a57fe750 flushing nmethod 0x000002279247a110
Event: 15.527 Thread 0x00000227a57fe750 flushing nmethod 0x000002279248a590
Event: 15.527 Thread 0x00000227a57fe750 flushing nmethod 0x000002279248b610
Event: 15.527 Thread 0x00000227a57fe750 flushing nmethod 0x000002279248c010
Event: 15.527 Thread 0x00000227a57fe750 flushing nmethod 0x000002279248ca90
Event: 15.527 Thread 0x00000227a57fe750 flushing nmethod 0x000002279248d090
Event: 15.527 Thread 0x00000227a57fe750 flushing nmethod 0x000002279248e910
Event: 15.529 Thread 0x00000227a57fe750 flushing nmethod 0x0000022792564310
Event: 15.529 Thread 0x00000227a57fe750 flushing nmethod 0x0000022792582e90
Event: 15.529 Thread 0x00000227a57fe750 flushing nmethod 0x0000022792584e90
Event: 15.529 Thread 0x00000227a57fe750 flushing nmethod 0x0000022792586e90
Event: 15.529 Thread 0x00000227a57fe750 flushing nmethod 0x0000022792589190
Event: 15.529 Thread 0x00000227a57fe750 flushing nmethod 0x0000022792595110
Event: 15.529 Thread 0x00000227a57fe750 flushing nmethod 0x00000227925c8690
Event: 15.529 Thread 0x00000227a57fe750 flushing nmethod 0x00000227925f1a90
Event: 16.214 Thread 0x00000227ae9ce6a0 Thread exited: 0x00000227ae9ce6a0


Dynamic libraries:
0x00007ff68f9a0000 - 0x00007ff68f9ad000 	D:\Program Files\JDK18\bin\java.exe
0x00007ffa1fd80000 - 0x00007ffa1ffe7000 	C:\WINDOWS\SYSTEM32\ntdll.dll
0x00007ffa1ea70000 - 0x00007ffa1eb39000 	C:\WINDOWS\System32\KERNEL32.DLL
0x00007ffa1d2f0000 - 0x00007ffa1d6e7000 	C:\WINDOWS\System32\KERNELBASE.dll
0x00007ffa1d1a0000 - 0x00007ffa1d2eb000 	C:\WINDOWS\System32\ucrtbase.dll
0x00007ff9fe600000 - 0x00007ff9fe617000 	D:\Program Files\JDK18\bin\jli.dll
0x00007ffa02eb0000 - 0x00007ffa02ec5000 	D:\Program Files\JDK18\bin\VCRUNTIME140.dll
0x00007ffa1e5b0000 - 0x00007ffa1e776000 	C:\WINDOWS\System32\USER32.dll
0x00007ffa1d7b0000 - 0x00007ffa1d7d7000 	C:\WINDOWS\System32\win32u.dll
0x00007ffa03800000 - 0x00007ffa03a92000 	C:\WINDOWS\WinSxS\amd64_microsoft.windows.common-controls_6595b64144ccf1df_6.0.26100.8457_none_3e0b2faee331e92d\COMCTL32.dll
0x00007ffa1dc40000 - 0x00007ffa1dc6b000 	C:\WINDOWS\System32\GDI32.dll
0x00007ffa1eb60000 - 0x00007ffa1ec09000 	C:\WINDOWS\System32\msvcrt.dll
0x00007ffa1d920000 - 0x00007ffa1da4c000 	C:\WINDOWS\System32\gdi32full.dll
0x00007ffa1d870000 - 0x00007ffa1d913000 	C:\WINDOWS\System32\msvcp_win.dll
0x00007ffa1e780000 - 0x00007ffa1e7b2000 	C:\WINDOWS\System32\IMM32.DLL
0x00007ff99f3f0000 - 0x00007ff99f48b000 	D:\Program Files\JDK18\bin\msvcp140.dll
0x00007ff99bf70000 - 0x00007ff99cbea000 	D:\Program Files\JDK18\bin\server\jvm.dll
0x00007ffa1e4f0000 - 0x00007ffa1e5a6000 	C:\WINDOWS\System32\ADVAPI32.dll
0x00007ffa1fb00000 - 0x00007ffa1fba7000 	C:\WINDOWS\System32\sechost.dll
0x00007ffa1ec10000 - 0x00007ffa1ed28000 	C:\WINDOWS\System32\RPCRT4.dll
0x00007ffa1fd30000 - 0x00007ffa1fd38000 	C:\WINDOWS\System32\PSAPI.DLL
0x00007ffa0fa50000 - 0x00007ffa0fa86000 	C:\WINDOWS\SYSTEM32\WINMM.dll
0x00007ffa09180000 - 0x00007ffa0918a000 	C:\WINDOWS\SYSTEM32\WSOCK32.dll
0x00007ffa15a10000 - 0x00007ffa15a1b000 	C:\WINDOWS\SYSTEM32\VERSION.dll
0x00007ffa1de90000 - 0x00007ffa1df10000 	C:\WINDOWS\System32\WS2_32.dll
0x00007ffa1b4d0000 - 0x00007ffa1b4eb000 	C:\WINDOWS\SYSTEM32\kernel.appcore.dll
0x00007ff9ef3b0000 - 0x00007ff9ef3ba000 	D:\Program Files\JDK18\bin\jimage.dll
0x00007ffa1a540000 - 0x00007ffa1a782000 	C:\WINDOWS\SYSTEM32\DBGHELP.DLL
0x00007ffa1df20000 - 0x00007ffa1e2a3000 	C:\WINDOWS\System32\combase.dll
0x00007ffa1db60000 - 0x00007ffa1dc39000 	C:\WINDOWS\System32\OLEAUT32.dll
0x00007ff9e78e0000 - 0x00007ff9e791b000 	C:\WINDOWS\SYSTEM32\dbgcore.DLL
0x00007ffa1da50000 - 0x00007ffa1daf8000 	C:\WINDOWS\System32\bcryptPrimitives.dll
0x00007ff9cd8f0000 - 0x00007ff9cd8fe000 	D:\Program Files\JDK18\bin\instrument.dll
0x00007ff9e7c60000 - 0x00007ff9e7c85000 	D:\Program Files\JDK18\bin\java.dll
0x00007ff99f310000 - 0x00007ff99f3e6000 	D:\Program Files\JDK18\bin\jsvml.dll
0x00007ffa1f380000 - 0x00007ffa1faee000 	C:\WINDOWS\System32\SHELL32.dll
0x00007ffa1c7b0000 - 0x00007ffa1d01c000 	C:\WINDOWS\System32\windows.storage.dll
0x00007ffa1e7d0000 - 0x00007ffa1e8c6000 	C:\WINDOWS\System32\SHCORE.dll
0x00007ffa1fcc0000 - 0x00007ffa1fd26000 	C:\WINDOWS\System32\shlwapi.dll
0x00007ffa1c6d0000 - 0x00007ffa1c6f9000 	C:\WINDOWS\SYSTEM32\profapi.dll
0x00007ff9ceda0000 - 0x00007ff9cedb8000 	D:\Program Files\JDK18\bin\zip.dll
0x00007ff9cede0000 - 0x00007ff9cedf3000 	D:\Program Files\JDK18\bin\net.dll
0x00007ffa169f0000 - 0x00007ffa16b19000 	C:\WINDOWS\SYSTEM32\WINHTTP.dll
0x00007ffa1ba50000 - 0x00007ffa1babc000 	C:\WINDOWS\system32\mswsock.dll
0x00007ff9cedc0000 - 0x00007ff9cedd5000 	D:\Program Files\JDK18\bin\nio.dll
0x00007ff9ef3a0000 - 0x00007ff9ef3b0000 	D:\Program Files\JDK18\bin\verify.dll
0x00007ff9c84d0000 - 0x00007ff9c84f7000 	C:\Users\color\.gradle\native\c067742578af261105cb4f569cf0c3c89f3d7b1fecec35dd04571415982c5e48\windows-amd64\native-platform.dll
0x00007ff99ef50000 - 0x00007ff99f094000 	C:\Users\color\.gradle\native\100fb08df4bc3b14c8652ba06237920a3bd2aa13389f12d3474272988ae205f9\windows-amd64\native-platform-file-events.dll
0x00007ff9ced90000 - 0x00007ff9ced99000 	D:\Program Files\JDK18\bin\management.dll
0x00007ff9cecb0000 - 0x00007ff9cecbb000 	D:\Program Files\JDK18\bin\management_ext.dll
0x00007ffa1be50000 - 0x00007ffa1be6b000 	C:\WINDOWS\SYSTEM32\CRYPTSP.dll
0x00007ffa1b430000 - 0x00007ffa1b469000 	C:\WINDOWS\system32\rsaenh.dll
0x00007ffa1bb00000 - 0x00007ffa1bb33000 	C:\WINDOWS\SYSTEM32\USERENV.dll
0x00007ffa1c6a0000 - 0x00007ffa1c6ca000 	C:\WINDOWS\SYSTEM32\bcrypt.dll
0x00007ffa1bcb0000 - 0x00007ffa1bcbc000 	C:\WINDOWS\SYSTEM32\CRYPTBASE.dll
0x00007ffa1aec0000 - 0x00007ffa1aef2000 	C:\WINDOWS\SYSTEM32\IPHLPAPI.DLL
0x00007ffa1e4e0000 - 0x00007ffa1e4ea000 	C:\WINDOWS\System32\NSI.dll
0x00007ffa16e60000 - 0x00007ffa16e7d000 	C:\WINDOWS\SYSTEM32\dhcpcsvc6.DLL
0x00007ffa16e30000 - 0x00007ffa16e55000 	C:\WINDOWS\SYSTEM32\dhcpcsvc.DLL
0x00007ffa1af50000 - 0x00007ffa1b082000 	C:\WINDOWS\SYSTEM32\DNSAPI.dll
0x00007ff9eebe0000 - 0x00007ff9eebf8000 	C:\WINDOWS\system32\napinsp.dll
0x00007ff9eebc0000 - 0x00007ff9eebd3000 	C:\WINDOWS\System32\winrnr.dll
0x00007ff9ee3b0000 - 0x00007ff9ee3d2000 	C:\WINDOWS\system32\nlansp_c.dll
0x00007ff9e9d20000 - 0x00007ff9e9d36000 	C:\WINDOWS\system32\wshbth.dll
0x00007ffa166b0000 - 0x00007ffa166bb000 	C:\Windows\System32\rasadhlp.dll
0x00007ffa175f0000 - 0x00007ffa17676000 	C:\WINDOWS\System32\fwpuclnt.dll

dbghelp: loaded successfully - version: 4.0.5 - missing functions: none
symbol engine: initialized successfully - sym options: 0x614 - pdb path: .;D:\Program Files\JDK18\bin;C:\WINDOWS\SYSTEM32;C:\WINDOWS\WinSxS\amd64_microsoft.windows.common-controls_6595b64144ccf1df_6.0.26100.8457_none_3e0b2faee331e92d;D:\Program Files\JDK18\bin\server;C:\Users\color\.gradle\native\c067742578af261105cb4f569cf0c3c89f3d7b1fecec35dd04571415982c5e48\windows-amd64;C:\Users\color\.gradle\native\100fb08df4bc3b14c8652ba06237920a3bd2aa13389f12d3474272988ae205f9\windows-amd64

VM Arguments:
jvm_args: --add-opens=java.base/java.util=ALL-UNNAMED --add-opens=java.base/java.lang=ALL-UNNAMED --add-opens=java.base/java.lang.invoke=ALL-UNNAMED --add-opens=java.prefs/java.util.prefs=ALL-UNNAMED --add-exports=jdk.compiler/com.sun.tools.javac.api=ALL-UNNAMED --add-exports=jdk.compiler/com.sun.tools.javac.util=ALL-UNNAMED --add-opens=java.base/java.nio.charset=ALL-UNNAMED --add-opens=java.base/java.net=ALL-UNNAMED --add-opens=java.base/java.util.concurrent.atomic=ALL-UNNAMED -Xms512m -Xmx1024m -Dfile.encoding=UTF-8 -Duser.country=CN -Duser.language=zh -Duser.variant -javaagent:C:\Users\color\.gradle\wrapper\dists\gradle-8.10.2-bin\a04bxjujx95o3nb99gddekhwo\gradle-8.10.2\lib\agents\gradle-instrumentation-agent-8.10.2.jar 
java_command: org.gradle.launcher.daemon.bootstrap.GradleDaemon 8.10.2
java_class_path (initial): C:\Users\color\.gradle\wrapper\dists\gradle-8.10.2-bin\a04bxjujx95o3nb99gddekhwo\gradle-8.10.2\lib\gradle-daemon-main-8.10.2.jar
Launcher Type: SUN_STANDARD

[Global flags]
     intx CICompilerCount                          = 12                                        {product} {ergonomic}
     uint ConcGCThreads                            = 4                                         {product} {ergonomic}
     uint G1ConcRefinementThreads                  = 15                                        {product} {ergonomic}
   size_t G1HeapRegionSize                         = 1048576                                   {product} {ergonomic}
    uintx GCDrainStackTargetSize                   = 64                                        {product} {ergonomic}
   size_t InitialHeapSize                          = 536870912                                 {product} {command line}
   size_t MarkStackSize                            = 4194304                                   {product} {ergonomic}
   size_t MaxHeapSize                              = 1073741824                                {product} {command line}
   size_t MaxNewSize                               = 643825664                                 {product} {ergonomic}
   size_t MinHeapDeltaBytes                        = 1048576                                   {product} {ergonomic}
   size_t MinHeapSize                              = 536870912                                 {product} {command line}
    uintx NonNMethodCodeHeapSize                   = 7602480                                {pd product} {ergonomic}
    uintx NonProfiledCodeHeapSize                  = 122027880                              {pd product} {ergonomic}
    uintx ProfiledCodeHeapSize                     = 122027880                              {pd product} {ergonomic}
    uintx ReservedCodeCacheSize                    = 251658240                              {pd product} {ergonomic}
     bool SegmentedCodeCache                       = true                                      {product} {ergonomic}
   size_t SoftMaxHeapSize                          = 1073741824                             {manageable} {ergonomic}
     bool UseCompressedClassPointers               = true                           {product lp64_product} {ergonomic}
     bool UseCompressedOops                        = true                           {product lp64_product} {ergonomic}
     bool UseG1GC                                  = true                                      {product} {ergonomic}
     bool UseLargePagesIndividualAllocation        = false                                  {pd product} {ergonomic}

Logging:
Log output configuration:
 #0: stdout all=warning uptime,level,tags foldmultilines=false
 #1: stderr all=off uptime,level,tags foldmultilines=false

Environment Variables:
JAVA_HOME=D:\Program Files\JDK18\
PATH=C:\Users\color\bin;D:\Program Files\Git\mingw64\bin;D:\Program Files\Git\usr\local\bin;D:\Program Files\Git\usr\bin;D:\Program Files\Git\usr\bin;D:\Program Files\Git\mingw64\bin;D:\Program Files\Git\usr\bin;C:\Users\color\bin;D:\Program Files\JDK18\bin;C:\Program Files\Java\jdkmicrosoft21\bin;C:\Program Files\Python311\Scripts;C:\Program Files\Python311;C:\Program Files\Common Files\Oracle\Java\javapath;D:\Program Files\bin;C:\ProgramData\Oracle\Java\javapath;C:\Windows\system32;C:\Windows;C:\Windows\System32\Wbem;C:\Windows\System32\WindowsPowerShell\v1.0;C:\Windows\System32\OpenSSH;C:\WINDOWS\system32;C:\WINDOWS;C:\WINDOWS\System32\Wbem;C:\WINDOWS\System32\WindowsPowerShell\v1.0;C:\WINDOWS\System32\OpenSSH;C:\Program Files\NVIDIA Corporation\NVIDIA app\NvDLISR;C:\Program Files\dotnet;C:\Program Files (x86)\NVIDIA Corporation\PhysX\Common;C:\Users\color\Desktop\gmapiserver\lib\ffmpeg\bin;D:\Program Files\Git\cmd;C:\Program Files\Tailscale;D:\Program Files;C:\Program Files\GitHub CLI;C:\Users\color\.local\bin;C:\Users\color\AppData\Local\Microsoft\WindowsApps;C:\ProgramData\color\GitHubDesktop\bin;D:\Microsoft VS Code\bin;D:\Program Files;C:\Users\color\.dotnet\tools;D:\project\gmapiserver\lib\ffmpeg\bin;C:\Users\color\AppData\Roaming\npm;D:\Program Files\Git\usr\bin\vendor_perl;D:\Program Files\Git\usr\bin\core_perl
USERNAME=color
SHELL=D:\Program Files\Git\usr\bin\bash.exe
OS=Windows_NT
PROCESSOR_IDENTIFIER=Intel64 Family 6 Model 154 Stepping 3, GenuineIntel



---------------  S Y S T E M  ---------------

OS:
 Windows 11 , 64 bit Build 26100 (10.0.26100.8328)
OS uptime: 0 days 19:39 hours
Hyper-V role detected

CPU: total 20 (initial active 20) (10 cores per cpu, 2 threads per core) family 6 model 154 stepping 3 microcode 0x414, cx8, cmov, fxsr, ht, mmx, 3dnowpref, sse, sse2, sse3, ssse3, sse4.1, sse4.2, popcnt, lzcnt, tsc, tscinvbit, avx, avx2, aes, erms, clmul, bmi1, bmi2, adx, sha, fma, vzeroupper, clflush, clflushopt, clwb, hv, serialize

Memory: 4k page, system-wide physical 16128M (6422M free)
TotalPageFile size 32128M (AvailPageFile size 96M)
current process WorkingSet (physical memory assigned to process): 1004M, peak: 1004M
current process commit charge ("private bytes"): 1067M, peak: 1214M

vm_info: OpenJDK 64-Bit Server VM (18.0.2+10) for windows-amd64 JRE (18.0.2+10), built on Jul 18 2022 14:02:19 by "" with MS VC++ 15.9 (VS2017)

END.
