#
# There is insufficient memory for the Java Runtime Environment to continue.
# Native memory allocation (mmap) failed to map 79691776 bytes for G1 virtual space
# Possible reasons:
#   The system is out of physical RAM or swap space
#   The process is running with CompressedOops enabled, and the Java Heap may be blocking the growth of the native heap
# Possible solutions:
#   Reduce memory load on the system
#   Increase physical memory or swap space
#   Check if swap backing store is full
#   Decrease Java heap size (-Xmx/-Xms)
#   Decrease number of Java threads
#   Decrease Java thread stack sizes (-Xss)
#   Set larger code cache with -XX:ReservedCodeCacheSize=
#   JVM is running with Unscaled Compressed Oops mode in which the Java heap is
#     placed in the first 4GB address space. The Java Heap base address is the
#     maximum limit for the native heap growth. Please use -XX:HeapBaseMinAddress
#     to set the Java Heap base and to place the Java Heap above 4GB virtual address.
# This output file may be truncated or incomplete.
#
#  Out of Memory Error (os_windows.cpp:3530), pid=30144, tid=9208
#
# JRE version: OpenJDK Runtime Environment (18.0.2+10) (build 18.0.2+10)
# Java VM: OpenJDK 64-Bit Server VM (18.0.2+10, mixed mode, sharing, tiered, compressed oops, compressed class ptrs, g1 gc, windows-amd64)
# No core dump will be written. Minidumps are not enabled by default on client versions of Windows
#

---------------  S U M M A R Y ------------

Command Line: --add-opens=java.base/java.util=ALL-UNNAMED --add-opens=java.base/java.lang=ALL-UNNAMED --add-opens=java.base/java.lang.invoke=ALL-UNNAMED --add-opens=java.prefs/java.util.prefs=ALL-UNNAMED --add-exports=jdk.compiler/com.sun.tools.javac.api=ALL-UNNAMED --add-exports=jdk.compiler/com.sun.tools.javac.util=ALL-UNNAMED --add-opens=java.base/java.nio.charset=ALL-UNNAMED --add-opens=java.base/java.net=ALL-UNNAMED --add-opens=java.base/java.util.concurrent.atomic=ALL-UNNAMED -Xms512m -Xmx1024m -Dfile.encoding=UTF-8 -Duser.country=CN -Duser.language=zh -Duser.variant -javaagent:C:\Users\color\.gradle\wrapper\dists\gradle-8.10.2-bin\a04bxjujx95o3nb99gddekhwo\gradle-8.10.2\lib\agents\gradle-instrumentation-agent-8.10.2.jar org.gradle.launcher.daemon.bootstrap.GradleDaemon 8.10.2

Host: 12th Gen Intel(R) Core(TM) i7-12700H, 20 cores, 15G,  Windows 11 , 64 bit Build 26100 (10.0.26100.8328)
Time: Thu May 28 16:17:37 2026  Windows 11 , 64 bit Build 26100 (10.0.26100.8328) elapsed time: 16.007531 seconds (0d 0h 0m 16s)

---------------  T H R E A D  ---------------

Current thread (0x000001e378acf220):  VMThread "VM Thread" [stack: 0x00000023a8600000,0x00000023a8700000] [id=9208]

Stack: [0x00000023a8600000,0x00000023a8700000]
Native frames: (J=compiled Java code, j=interpreted, Vv=VM code, C=native code)
V  [jvm.dll+0x6859ca]
V  [jvm.dll+0x82ac3d]
V  [jvm.dll+0x82c50e]
V  [jvm.dll+0x82cbb3]
V  [jvm.dll+0x25ee6b]
V  [jvm.dll+0x68286a]
V  [jvm.dll+0x6773fa]
V  [jvm.dll+0x3244e9]
V  [jvm.dll+0x32bb76]
V  [jvm.dll+0x37e0fa]
V  [jvm.dll+0x37e33f]
V  [jvm.dll+0x2fb5ca]
V  [jvm.dll+0x2fb677]
V  [jvm.dll+0x33f252]
V  [jvm.dll+0x33d9e0]
V  [jvm.dll+0x2fae30]
V  [jvm.dll+0x33cfbb]
V  [jvm.dll+0x8318eb]
V  [jvm.dll+0x832678]
V  [jvm.dll+0x832bc5]
V  [jvm.dll+0x833004]
V  [jvm.dll+0x8330c5]
V  [jvm.dll+0x7d9bba]
V  [jvm.dll+0x684845]
C  [ucrtbase.dll+0x37b0]
C  [KERNEL32.DLL+0x2e957]
C  [ntdll.dll+0x427c]

VM_Operation (0x00000023acff6fe0): G1CollectForAllocation, mode: safepoint, requested by thread 0x000001e300fa28e0


---------------  P R O C E S S  ---------------

Threads class SMR info:
_java_thread_list=0x000001e309be5b40, length=94, elements={
0x000001e35a904130, 0x000001e378ad4af0, 0x000001e378ad53a0, 0x000001e378ade580,
0x000001e37cc12f00, 0x000001e37cc137b0, 0x000001e37cc14060, 0x000001e37cc16c50,
0x000001e37cc17540, 0x000001e37cc23e60, 0x000001e37cceb7e0, 0x000001e37cd744d0,
0x000001e37cd77020, 0x000001e37cd83690, 0x000001e37cf2f770, 0x000001e37e894c70,
0x000001e37cdbdf30, 0x000001e37e9e0240, 0x000001e37eb81ff0, 0x000001e37e9a6420,
0x000001e37e9b40a0, 0x000001e37e872fc0, 0x000001e37e873960, 0x000001e37e8747d0,
0x000001e37e875b10, 0x000001e37eae9810, 0x000001e37e8764b0, 0x000001e37e876980,
0x000001e37e873490, 0x000001e37e874300, 0x000001e37e875170, 0x000001e37e875640,
0x000001e37e875fe0, 0x000001e3008c7030, 0x000001e3008c61c0, 0x000001e3008c5cf0,
0x000001e3008c3670, 0x000001e303c27570, 0x000001e303c27a40, 0x000001e303c26bd0,
0x000001e303c24ef0, 0x000001e303c25890, 0x000001e303c25d60, 0x000001e303c26700,
0x000001e303c24550, 0x000001e303c270a0, 0x000001e300f9e0b0, 0x000001e300f9ef20,
0x000001e303b8a5c0, 0x000001e303b8e280, 0x000001e303b8f6c0, 0x000001e300f9cd70,
0x000001e300f9fd90, 0x000001e300fa0c00, 0x000001e300f9d240, 0x000001e300fa28e0,
0x000001e300fa10d0, 0x000001e300fa1a70, 0x000001e300fa2410, 0x000001e303c24a20,
0x000001e3008c4e80, 0x000001e302386040, 0x000001e3023856a0, 0x000001e302383e90,
0x000001e302384d00, 0x000001e302387380, 0x000001e302386510, 0x000001e302385b70,
0x000001e302384360, 0x000001e302386eb0, 0x000001e302387d20, 0x000001e302387850,
0x000001e302389a00, 0x000001e3023881f0, 0x000001e3023886c0, 0x000001e302388b90,
0x000001e3023869e0, 0x000001e302389060, 0x000001e302389530, 0x000001e30238ad40,
0x000001e30238b210, 0x000001e30238b6e0, 0x000001e302389ed0, 0x000001e30238a3a0,
0x000001e30238a870, 0x000001e301381730, 0x000001e301381260, 0x000001e301380d90,
0x000001e30137fa50, 0x000001e3013820d0, 0x000001e301381c00, 0x000001e30126e3b0,
0x000001e30126d990, 0x000001e30126f2e0
}

Java Threads: ( => current thread )
  0x000001e35a904130 JavaThread "main" [_thread_blocked, id=17872, stack(0x00000023a8000000,0x00000023a8100000)]
  0x000001e378ad4af0 JavaThread "Reference Handler" daemon [_thread_blocked, id=38192, stack(0x00000023a8700000,0x00000023a8800000)]
  0x000001e378ad53a0 JavaThread "Finalizer" daemon [_thread_blocked, id=4708, stack(0x00000023a8800000,0x00000023a8900000)]
  0x000001e378ade580 JavaThread "Signal Dispatcher" daemon [_thread_blocked, id=3772, stack(0x00000023a8900000,0x00000023a8a00000)]
  0x000001e37cc12f00 JavaThread "Attach Listener" daemon [_thread_blocked, id=2352, stack(0x00000023a8a00000,0x00000023a8b00000)]
  0x000001e37cc137b0 JavaThread "Service Thread" daemon [_thread_blocked, id=23004, stack(0x00000023a8b00000,0x00000023a8c00000)]
  0x000001e37cc14060 JavaThread "Monitor Deflation Thread" daemon [_thread_blocked, id=19596, stack(0x00000023a8c00000,0x00000023a8d00000)]
  0x000001e37cc16c50 JavaThread "C2 CompilerThread0" daemon [_thread_blocked, id=23264, stack(0x00000023a8d00000,0x00000023a8e00000)]
  0x000001e37cc17540 JavaThread "C1 CompilerThread0" daemon [_thread_blocked, id=428, stack(0x00000023a8e00000,0x00000023a8f00000)]
  0x000001e37cc23e60 JavaThread "Sweeper thread" daemon [_thread_blocked, id=36516, stack(0x00000023a8f00000,0x00000023a9000000)]
  0x000001e37cceb7e0 JavaThread "C1 CompilerThread1" daemon [_thread_blocked, id=35640, stack(0x00000023a9000000,0x00000023a9100000)]
  0x000001e37cd744d0 JavaThread "Common-Cleaner" daemon [_thread_blocked, id=29388, stack(0x00000023a9100000,0x00000023a9200000)]
  0x000001e37cd77020 JavaThread "C1 CompilerThread2" daemon [_thread_blocked, id=24900, stack(0x00000023a9200000,0x00000023a9300000)]
  0x000001e37cd83690 JavaThread "C1 CompilerThread3" daemon [_thread_blocked, id=37716, stack(0x00000023a9300000,0x00000023a9400000)]
  0x000001e37cf2f770 JavaThread "Notification Thread" daemon [_thread_blocked, id=10280, stack(0x00000023a9600000,0x00000023a9700000)]
  0x000001e37e894c70 JavaThread "Daemon health stats" [_thread_blocked, id=35488, stack(0x00000023aa300000,0x00000023aa400000)]
  0x000001e37cdbdf30 JavaThread "Incoming local TCP Connector on port 47309" [_thread_in_native, id=34468, stack(0x00000023a9400000,0x00000023a9500000)]
  0x000001e37e9e0240 JavaThread "Daemon periodic checks" [_thread_blocked, id=37524, stack(0x00000023a9500000,0x00000023a9600000)]
  0x000001e37eb81ff0 JavaThread "Daemon" [_thread_blocked, id=21640, stack(0x00000023aa400000,0x00000023aa500000)]
  0x000001e37e9a6420 JavaThread "Handler for socket connection from /127.0.0.1:47309 to /127.0.0.1:47310" [_thread_in_native, id=12676, stack(0x00000023aa500000,0x00000023aa600000)]
  0x000001e37e9b40a0 JavaThread "Cancel handler" [_thread_blocked, id=33500, stack(0x00000023aa600000,0x00000023aa700000)]
  0x000001e37e872fc0 JavaThread "Daemon worker" [_thread_blocked, id=36336, stack(0x00000023aa700000,0x00000023aa800000)]
  0x000001e37e873960 JavaThread "Asynchronous log dispatcher for DefaultDaemonConnection: socket connection from /127.0.0.1:47309 to /127.0.0.1:47310" [_thread_blocked, id=20360, stack(0x00000023aa800000,0x00000023aa900000)]
  0x000001e37e8747d0 JavaThread "Stdin handler" [_thread_blocked, id=32468, stack(0x00000023aa900000,0x00000023aaa00000)]
  0x000001e37e875b10 JavaThread "Daemon client event forwarder" [_thread_blocked, id=7272, stack(0x00000023aaa00000,0x00000023aab00000)]
  0x000001e37eae9810 JavaThread "C2 CompilerThread1" daemon [_thread_blocked, id=30916, stack(0x00000023aab00000,0x00000023aac00000)]
  0x000001e37e8764b0 JavaThread "Cache worker for journal cache (C:\Users\color\.gradle\caches\journal-1)" [_thread_blocked, id=22712, stack(0x00000023aac00000,0x00000023aad00000)]
  0x000001e37e876980 JavaThread "File lock request listener" [_thread_in_native, id=21752, stack(0x00000023aad00000,0x00000023aae00000)]
  0x000001e37e873490 JavaThread "Cache worker for file hash cache (C:\Users\color\.gradle\caches\8.10.2\fileHashes)" [_thread_blocked, id=13276, stack(0x00000023aae00000,0x00000023aaf00000)]
  0x000001e37e874300 JavaThread "Cache worker for file hash cache (D:\project\mindustry_mobile_launcher\android\.gradle\8.10.2\fileHashes)" [_thread_blocked, id=4308, stack(0x00000023ab200000,0x00000023ab300000)]
  0x000001e37e875170 JavaThread "Cache worker for Build Output Cleanup Cache (D:\project\mindustry_mobile_launcher\android\.gradle\buildOutputCleanup)" [_thread_blocked, id=28028, stack(0x00000023ab300000,0x00000023ab400000)]
  0x000001e37e875640 JavaThread "File watcher server" daemon [_thread_blocked, id=23796, stack(0x00000023aba00000,0x00000023abb00000)]
  0x000001e37e875fe0 JavaThread "File watcher consumer" daemon [_thread_blocked, id=26828, stack(0x00000023abb00000,0x00000023abc00000)]
  0x000001e3008c7030 JavaThread "Cache worker for checksums cache (D:\project\mindustry_mobile_launcher\android\.gradle\8.10.2\checksums)" [_thread_blocked, id=37868, stack(0x00000023ab100000,0x00000023ab200000)]
  0x000001e3008c61c0 JavaThread "Cache worker for file content cache (C:\Users\color\.gradle\caches\8.10.2\fileContent)" [_thread_blocked, id=24168, stack(0x00000023abc00000,0x00000023abd00000)]
  0x000001e3008c5cf0 JavaThread "Cache worker for cache directory md-rule (C:\Users\color\.gradle\caches\8.10.2\md-rule)" [_thread_blocked, id=38224, stack(0x00000023abd00000,0x00000023abe00000)]
  0x000001e3008c3670 JavaThread "Cache worker for cache directory md-supplier (C:\Users\color\.gradle\caches\8.10.2\md-supplier)" [_thread_blocked, id=27860, stack(0x00000023abe00000,0x00000023abf00000)]
  0x000001e303c27570 JavaThread "Unconstrained build operations" [_thread_blocked, id=36936, stack(0x00000023abf00000,0x00000023ac000000)]
  0x000001e303c27a40 JavaThread "Unconstrained build operations Thread 2" [_thread_blocked, id=31264, stack(0x00000023ac000000,0x00000023ac100000)]
  0x000001e303c26bd0 JavaThread "Unconstrained build operations Thread 3" [_thread_blocked, id=33996, stack(0x00000023ac100000,0x00000023ac200000)]
  0x000001e303c24ef0 JavaThread "Unconstrained build operations Thread 4" [_thread_blocked, id=38524, stack(0x00000023ac200000,0x00000023ac300000)]
  0x000001e303c25890 JavaThread "Unconstrained build operations Thread 5" [_thread_blocked, id=27908, stack(0x00000023ac300000,0x00000023ac400000)]
  0x000001e303c25d60 JavaThread "Unconstrained build operations Thread 6" [_thread_blocked, id=34404, stack(0x00000023ac400000,0x00000023ac500000)]
  0x000001e303c26700 JavaThread "Unconstrained build operations Thread 7" [_thread_blocked, id=38080, stack(0x00000023ac500000,0x00000023ac600000)]
  0x000001e303c24550 JavaThread "Unconstrained build operations Thread 8" [_thread_blocked, id=23224, stack(0x00000023ac600000,0x00000023ac700000)]
  0x000001e303c270a0 JavaThread "Unconstrained build operations Thread 9" [_thread_blocked, id=32772, stack(0x00000023ac700000,0x00000023ac800000)]
  0x000001e300f9e0b0 JavaThread "Memory manager" [_thread_blocked, id=34804, stack(0x00000023aca00000,0x00000023acb00000)]
  0x000001e300f9ef20 JavaThread "build event listener" [_thread_blocked, id=18252, stack(0x00000023ac800000,0x00000023ac900000)]
  0x000001e303b8a5c0 JavaThread "C2 CompilerThread2" daemon [_thread_blocked, id=26976, stack(0x00000023aaf00000,0x00000023ab000000)]
  0x000001e303b8e280 JavaThread "C2 CompilerThread3" daemon [_thread_blocked, id=23456, stack(0x00000023ab000000,0x00000023ab100000)]
  0x000001e303b8f6c0 JavaThread "C2 CompilerThread4" daemon [_thread_blocked, id=13936, stack(0x00000023ac900000,0x00000023aca00000)]
  0x000001e300f9cd70 JavaThread "pool-3-thread-1" [_thread_blocked, id=21296, stack(0x00000023acb00000,0x00000023acc00000)]
  0x000001e300f9fd90 JavaThread "build event listener" [_thread_blocked, id=21352, stack(0x00000023acc00000,0x00000023acd00000)]
  0x000001e300fa0c00 JavaThread "included builds" [_thread_blocked, id=38252, stack(0x00000023acd00000,0x00000023ace00000)]
  0x000001e300f9d240 JavaThread "Execution worker" [_thread_blocked, id=10712, stack(0x00000023ace00000,0x00000023acf00000)]
  0x000001e300fa28e0 JavaThread "Execution worker Thread 2" [_thread_blocked, id=12844, stack(0x00000023acf00000,0x00000023ad000000)]
  0x000001e300fa10d0 JavaThread "Execution worker Thread 3" [_thread_blocked, id=38612, stack(0x00000023ad000000,0x00000023ad100000)]
  0x000001e300fa1a70 JavaThread "Cache worker for execution history cache (D:\project\mindustry_mobile_launcher\android\.gradle\8.10.2\executionHistory)" [_thread_blocked, id=21524, stack(0x00000023ad100000,0x00000023ad200000)]
  0x000001e300fa2410 JavaThread "Unconstrained build operations Thread 10" [_thread_blocked, id=35692, stack(0x00000023ad200000,0x00000023ad300000)]
  0x000001e303c24a20 JavaThread "Unconstrained build operations Thread 11" [_thread_blocked, id=10264, stack(0x00000023ad300000,0x00000023ad400000)]
  0x000001e3008c4e80 JavaThread "Unconstrained build operations Thread 12" [_thread_blocked, id=28980, stack(0x00000023ad400000,0x00000023ad500000)]
  0x000001e302386040 JavaThread "Unconstrained build operations Thread 13" [_thread_blocked, id=32144, stack(0x00000023ad500000,0x00000023ad600000)]
  0x000001e3023856a0 JavaThread "Unconstrained build operations Thread 14" [_thread_blocked, id=34424, stack(0x00000023ad600000,0x00000023ad700000)]
  0x000001e302383e90 JavaThread "Unconstrained build operations Thread 15" [_thread_blocked, id=38652, stack(0x00000023ad700000,0x00000023ad800000)]
  0x000001e302384d00 JavaThread "Unconstrained build operations Thread 16" [_thread_blocked, id=9408, stack(0x00000023ad800000,0x00000023ad900000)]
  0x000001e302387380 JavaThread "Unconstrained build operations Thread 17" [_thread_blocked, id=17832, stack(0x00000023ad900000,0x00000023ada00000)]
  0x000001e302386510 JavaThread "Unconstrained build operations Thread 18" [_thread_blocked, id=15476, stack(0x00000023ada00000,0x00000023adb00000)]
  0x000001e302385b70 JavaThread "Unconstrained build operations Thread 19" [_thread_blocked, id=22196, stack(0x00000023adb00000,0x00000023adc00000)]
  0x000001e302384360 JavaThread "Unconstrained build operations Thread 20" [_thread_blocked, id=37412, stack(0x00000023adc00000,0x00000023add00000)]
  0x000001e302386eb0 JavaThread "Unconstrained build operations Thread 21" [_thread_blocked, id=13492, stack(0x00000023add00000,0x00000023ade00000)]
  0x000001e302387d20 JavaThread "Unconstrained build operations Thread 22" [_thread_blocked, id=29780, stack(0x00000023ade00000,0x00000023adf00000)]
  0x000001e302387850 JavaThread "Unconstrained build operations Thread 23" [_thread_blocked, id=29992, stack(0x00000023adf00000,0x00000023ae000000)]
  0x000001e302389a00 JavaThread "Unconstrained build operations Thread 24" [_thread_blocked, id=29668, stack(0x00000023ae000000,0x00000023ae100000)]
  0x000001e3023881f0 JavaThread "Unconstrained build operations Thread 25" [_thread_blocked, id=17964, stack(0x00000023ae100000,0x00000023ae200000)]
  0x000001e3023886c0 JavaThread "Unconstrained build operations Thread 26" [_thread_blocked, id=37548, stack(0x00000023ae200000,0x00000023ae300000)]
  0x000001e302388b90 JavaThread "Unconstrained build operations Thread 27" [_thread_blocked, id=6240, stack(0x00000023ae300000,0x00000023ae400000)]
  0x000001e3023869e0 JavaThread "Unconstrained build operations Thread 28" [_thread_blocked, id=33788, stack(0x00000023ae400000,0x00000023ae500000)]
  0x000001e302389060 JavaThread "Unconstrained build operations Thread 29" [_thread_blocked, id=6588, stack(0x00000023ae500000,0x00000023ae600000)]
  0x000001e302389530 JavaThread "WorkerExecutor Queue" [_thread_blocked, id=2976, stack(0x00000023ae700000,0x00000023ae800000)]
  0x000001e30238ad40 JavaThread "Unconstrained build operations Thread 30" [_thread_blocked, id=34572, stack(0x00000023ae800000,0x00000023ae900000)]
  0x000001e30238b210 JavaThread "Unconstrained build operations Thread 31" [_thread_blocked, id=6392, stack(0x00000023ae900000,0x00000023aea00000)]
  0x000001e30238b6e0 JavaThread "Unconstrained build operations Thread 32" [_thread_blocked, id=13760, stack(0x00000023aea00000,0x00000023aeb00000)]
  0x000001e302389ed0 JavaThread "Unconstrained build operations Thread 33" [_thread_blocked, id=32152, stack(0x00000023aec00000,0x00000023aed00000)]
  0x000001e30238a3a0 JavaThread "Unconstrained build operations Thread 34" [_thread_blocked, id=15272, stack(0x00000023aed00000,0x00000023aee00000)]
  0x000001e30238a870 JavaThread "Unconstrained build operations Thread 35" [_thread_blocked, id=24144, stack(0x00000023aee00000,0x00000023aef00000)]
  0x000001e301381730 JavaThread "Unconstrained build operations Thread 36" [_thread_blocked, id=18768, stack(0x00000023aef00000,0x00000023af000000)]
  0x000001e301381260 JavaThread "Unconstrained build operations Thread 37" [_thread_blocked, id=35112, stack(0x00000023af000000,0x00000023af100000)]
  0x000001e301380d90 JavaThread "Unconstrained build operations Thread 38" [_thread_blocked, id=36392, stack(0x00000023af100000,0x00000023af200000)]
  0x000001e30137fa50 JavaThread "pool-4-thread-1" [_thread_blocked, id=35736, stack(0x00000023af200000,0x00000023af300000)]
  0x000001e3013820d0 JavaThread "stderr" [_thread_in_native, id=26400, stack(0x00000023af300000,0x00000023af400000)]
  0x000001e301381c00 JavaThread "stdout" [_thread_in_native, id=18640, stack(0x00000023af400000,0x00000023af500000)]
  0x000001e30126e3b0 JavaThread "C2 CompilerThread5" daemon [_thread_blocked, id=31092, stack(0x00000023af500000,0x00000023af600000)]
  0x000001e30126d990 JavaThread "C2 CompilerThread6" daemon [_thread_blocked, id=20744, stack(0x00000023af600000,0x00000023af700000)]
  0x000001e30126f2e0 JavaThread "C2 CompilerThread7" daemon [_thread_blocked, id=24504, stack(0x00000023af700000,0x00000023af800000)]

Other Threads:
=>0x000001e378acf220 VMThread "VM Thread" [stack: 0x00000023a8600000,0x00000023a8700000] [id=9208]
  0x000001e37cf2fc30 WatcherThread "VM Periodic Task Thread" [stack: 0x00000023a9700000,0x00000023a9800000] [id=13872]
  0x000001e35a944e90 WorkerThread "GC Thread#0" [stack: 0x00000023a8100000,0x00000023a8200000] [id=24856]
  0x000001e37d2ba610 WorkerThread "GC Thread#1" [stack: 0x00000023a9800000,0x00000023a9900000] [id=30884]
  0x000001e37d5b9080 WorkerThread "GC Thread#2" [stack: 0x00000023a9900000,0x00000023a9a00000] [id=3592]
  0x000001e37d72cd80 WorkerThread "GC Thread#3" [stack: 0x00000023a9a00000,0x00000023a9b00000] [id=20784]
  0x000001e37d72d020 WorkerThread "GC Thread#4" [stack: 0x00000023a9b00000,0x00000023a9c00000] [id=35424]
  0x000001e37d6b4240 WorkerThread "GC Thread#5" [stack: 0x00000023a9c00000,0x00000023a9d00000] [id=19396]
  0x000001e37d6ec210 WorkerThread "GC Thread#6" [stack: 0x00000023a9d00000,0x00000023a9e00000] [id=18752]
  0x000001e37d6ec4b0 WorkerThread "GC Thread#7" [stack: 0x00000023a9e00000,0x00000023a9f00000] [id=33416]
  0x000001e37d6ec750 WorkerThread "GC Thread#8" [stack: 0x00000023a9f00000,0x00000023aa000000] [id=22688]
  0x000001e37d6ed1d0 WorkerThread "GC Thread#9" [stack: 0x00000023aa000000,0x00000023aa100000] [id=25504]
  0x000001e37d6eba30 WorkerThread "GC Thread#10" [stack: 0x00000023aa100000,0x00000023aa200000] [id=11580]
  0x000001e37d6ed470 WorkerThread "GC Thread#11" [stack: 0x00000023aa200000,0x00000023aa300000] [id=10808]
  0x000001e37ef9e9b0 WorkerThread "GC Thread#12" [stack: 0x00000023ab400000,0x00000023ab500000] [id=18556]
  0x000001e37ef9e470 WorkerThread "GC Thread#13" [stack: 0x00000023ab500000,0x00000023ab600000] [id=29156]
  0x000001e37ef9f430 WorkerThread "GC Thread#14" [stack: 0x00000023ab600000,0x00000023ab700000] [id=33948]
  0x000001e35a94dcd0 ConcurrentGCThread "G1 Main Marker" [stack: 0x00000023a8200000,0x00000023a8300000] [id=10768]
  0x000001e35a94e5d0 WorkerThread "G1 Conc#0" [stack: 0x00000023a8300000,0x00000023a8400000] [id=32560]
  0x000001e37ef9ec50 WorkerThread "G1 Conc#1" [stack: 0x00000023ab700000,0x00000023ab800000] [id=4880]
  0x000001e37ef9feb0 WorkerThread "G1 Conc#2" [stack: 0x00000023ab800000,0x00000023ab900000] [id=34160]
  0x000001e37ef9df30 WorkerThread "G1 Conc#3" [stack: 0x00000023ab900000,0x00000023aba00000] [id=24896]
  0x000001e37898beb0 ConcurrentGCThread "G1 Refine#0" [stack: 0x00000023a8400000,0x00000023a8500000] [id=30316]
  0x000001e300077c90 ConcurrentGCThread "G1 Refine#1" [stack: 0x00000023aeb00000,0x00000023aec00000] [id=30120]
  0x000001e3000779c0 ConcurrentGCThread "G1 Refine#2" [stack: 0x00000023ae600000,0x00000023ae700000] [id=35412]
  0x000001e300075ad0 ConcurrentGCThread "G1 Refine#3" [stack: 0x00000023af800000,0x00000023af900000] [id=32976]
  0x000001e300075800 ConcurrentGCThread "G1 Refine#4" [stack: 0x00000023af900000,0x00000023afa00000] [id=23280]
  0x000001e300078500 ConcurrentGCThread "G1 Refine#5" [stack: 0x00000023afa00000,0x00000023afb00000] [id=28340]
  0x000001e300075da0 ConcurrentGCThread "G1 Refine#6" [stack: 0x00000023afb00000,0x00000023afc00000] [id=22412]
  0x000001e300076bb0 ConcurrentGCThread "G1 Refine#7" [stack: 0x00000023afc00000,0x00000023afd00000] [id=4972]
  0x000001e300076070 ConcurrentGCThread "G1 Refine#8" [stack: 0x00000023afd00000,0x00000023afe00000] [id=17340]
  0x000001e37f4a3270 ConcurrentGCThread "G1 Refine#9" [stack: 0x00000023afe00000,0x00000023aff00000] [id=17748]
  0x000001e37f4a5700 ConcurrentGCThread "G1 Refine#10" [stack: 0x00000023aff00000,0x00000023b0000000] [id=33152]
  0x000001e37f4a2460 ConcurrentGCThread "G1 Refine#11" [stack: 0x00000023b0000000,0x00000023b0100000] [id=35772]
  0x000001e309b8de10 ConcurrentGCThread "G1 Refine#12" [stack: 0x00000023b0100000,0x00000023b0200000] [id=37152]
  0x000001e309b8bc50 ConcurrentGCThread "G1 Refine#13" [stack: 0x00000023b0200000,0x00000023b0300000] [id=26872]
  0x000001e309b8ec20 ConcurrentGCThread "G1 Refine#14" [stack: 0x00000023b0300000,0x00000023b0400000] [id=17868]
  0x000001e37898c570 ConcurrentGCThread "G1 Service" [stack: 0x00000023a8500000,0x00000023a8600000] [id=16292]

Threads with active compile tasks:
C2 CompilerThread0    16026 15909       4       com.android.tools.r8.graph.p4::a (121 bytes)
C1 CompilerThread0    16026 16049       3       com.android.tools.r8.graph.x2$$Lambda$2423/0x0000000801c188c0::apply (11 bytes)
C1 CompilerThread1    16026 16062       3       com.android.tools.r8.internal.YR::h (28 bytes)
C1 CompilerThread2    16026 16048       3       com.android.tools.r8.internal.ko0::a (10 bytes)
C1 CompilerThread3    16026 16033       3       com.android.tools.r8.internal.aA::F (338 bytes)
C2 CompilerThread1    16026 15854       4       java.util.HashMap::computeIfAbsent (330 bytes)
C2 CompilerThread2    16026 15904       4       com.android.tools.r8.internal.yC::<init> (77 bytes)
C2 CompilerThread3    16026 15441       4       com.android.tools.r8.internal.vd::a (4363 bytes)
C2 CompilerThread4    16026 15486       4       com.android.tools.r8.internal.vd::a (6886 bytes)
C2 CompilerThread5    16026 15968       4       java.util.function.Predicate$$Lambda$189/0x0000000800d70040::test (15 bytes)
C2 CompilerThread6    16026 15977       4       java.util.Collections$SetFromMap::<init> (39 bytes)
C2 CompilerThread7    16026 15886       4       com.android.tools.r8.internal.ho0::a (23 bytes)

VM state: at safepoint (normal execution)

VM Mutex/Monitor currently owned by a thread:  ([mutex/lock_event])
[0x000001e35a8ffe70] Threads_lock - owner thread: 0x000001e378acf220
[0x000001e35a900b60] Heap_lock - owner thread: 0x000001e300fa28e0

Heap address: 0x00000000c0000000, size: 1024 MB, Compressed Oops mode: 32-bit

CDS archive(s) mapped at: [0x0000000800000000-0x0000000800ba0000-0x0000000800ba0000), size 12189696, SharedBaseAddress: 0x0000000800000000, ArchiveRelocationMode: 0.
Compressed class space mapped at: 0x0000000800c00000-0x0000000840c00000, reserved size: 1073741824
Narrow klass base: 0x0000000800000000, Narrow klass shift: 0, Narrow klass range: 0x100000000

GC Precious Log:
 CardTable entry size: 512
 Card Set container configuration: InlinePtr #cards 5 size 8 Array Of Cards #cards 12 size 40 Howl #buckets 4 coarsen threshold 1843 Howl Bitmap #cards 512 size 80 coarsen threshold 460 Card regions per heap region 1 cards per card region 2048
 CPUs: 20 total, 20 available
 Memory: 16128M
 Large Page Support: Disabled
 NUMA Support: Disabled
 Compressed Oops: Enabled (32-bit)
 Heap Region Size: 1M
 Heap Min Capacity: 512M
 Heap Initial Capacity: 512M
 Heap Max Capacity: 1G
 Pre-touch: Disabled
 Parallel Workers: 15
 Concurrent Workers: 4
 Concurrent Refinement Workers: 15
 Periodic GC: Disabled

Heap:
 garbage-first heap   total 662528K, used 405053K [0x00000000c0000000, 0x0000000100000000)
  region size 1024K, 18 young (18432K), 18 survivors (18432K)
 Metaspace       used 112725K, committed 114944K, reserved 1179648K
  class space    used 15630K, committed 16768K, reserved 1048576K

Heap Regions: E=young(eden), S=young(survivor), O=old, HS=humongous(starts), HC=humongous(continues), CS=collection set, F=free, OA=open archive, CA=closed archive, TAMS=top-at-mark-start (previous, next)
|   0|0x00000000c0000000, 0x00000000c0100000, 0x00000000c0100000|100%|HS|  |TAMS 0x00000000c0100000, 0x00000000c0100000| Complete 
|   1|0x00000000c0100000, 0x00000000c0200000, 0x00000000c0200000|100%|HC|  |TAMS 0x00000000c0200000, 0x00000000c0200000| Complete 
|   2|0x00000000c0200000, 0x00000000c0300000, 0x00000000c0300000|100%|HC|  |TAMS 0x00000000c0300000, 0x00000000c0300000| Complete 
|   3|0x00000000c0300000, 0x00000000c0400000, 0x00000000c0400000|100%|HC|  |TAMS 0x00000000c0400000, 0x00000000c0400000| Complete 
|   4|0x00000000c0400000, 0x00000000c0500000, 0x00000000c0500000|100%| O|  |TAMS 0x00000000c0500000, 0x00000000c0500000| Untracked 
|   5|0x00000000c0500000, 0x00000000c0600000, 0x00000000c0600000|100%| O|  |TAMS 0x00000000c0600000, 0x00000000c0600000| Untracked 
|   6|0x00000000c0600000, 0x00000000c0700000, 0x00000000c0700000|100%| O|  |TAMS 0x00000000c0700000, 0x00000000c0700000| Untracked 
|   7|0x00000000c0700000, 0x00000000c0800000, 0x00000000c0800000|100%| O|  |TAMS 0x00000000c0800000, 0x00000000c0800000| Untracked 
|   8|0x00000000c0800000, 0x00000000c0900000, 0x00000000c0900000|100%| O|  |TAMS 0x00000000c0900000, 0x00000000c0900000| Untracked 
|   9|0x00000000c0900000, 0x00000000c0a00000, 0x00000000c0a00000|100%| O|  |TAMS 0x00000000c0a00000, 0x00000000c0a00000| Untracked 
|  10|0x00000000c0a00000, 0x00000000c0b00000, 0x00000000c0b00000|100%|HS|  |TAMS 0x00000000c0b00000, 0x00000000c0b00000| Complete 
|  11|0x00000000c0b00000, 0x00000000c0c00000, 0x00000000c0c00000|100%| O|  |TAMS 0x00000000c0c00000, 0x00000000c0c00000| Untracked 
|  12|0x00000000c0c00000, 0x00000000c0d00000, 0x00000000c0d00000|100%| O|  |TAMS 0x00000000c0d00000, 0x00000000c0d00000| Untracked 
|  13|0x00000000c0d00000, 0x00000000c0e00000, 0x00000000c0e00000|100%| O|  |TAMS 0x00000000c0e00000, 0x00000000c0e00000| Untracked 
|  14|0x00000000c0e00000, 0x00000000c0f00000, 0x00000000c0f00000|100%| O|  |TAMS 0x00000000c0f00000, 0x00000000c0f00000| Untracked 
|  15|0x00000000c0f00000, 0x00000000c1000000, 0x00000000c1000000|100%| O|  |TAMS 0x00000000c1000000, 0x00000000c1000000| Untracked 
|  16|0x00000000c1000000, 0x00000000c1100000, 0x00000000c1100000|100%|HS|  |TAMS 0x00000000c1100000, 0x00000000c1100000| Complete 
|  17|0x00000000c1100000, 0x00000000c1200000, 0x00000000c1200000|100%|HS|  |TAMS 0x00000000c1200000, 0x00000000c1200000| Complete 
|  18|0x00000000c1200000, 0x00000000c1300000, 0x00000000c1300000|100%|HS|  |TAMS 0x00000000c1300000, 0x00000000c1300000| Complete 
|  19|0x00000000c1300000, 0x00000000c1400000, 0x00000000c1400000|100%|HC|  |TAMS 0x00000000c1400000, 0x00000000c1400000| Complete 
|  20|0x00000000c1400000, 0x00000000c1500000, 0x00000000c1500000|100%|HS|  |TAMS 0x00000000c1500000, 0x00000000c1500000| Complete 
|  21|0x00000000c1500000, 0x00000000c1600000, 0x00000000c1600000|100%|HC|  |TAMS 0x00000000c1600000, 0x00000000c1600000| Complete 
|  22|0x00000000c1600000, 0x00000000c1700000, 0x00000000c1700000|100%|HS|  |TAMS 0x00000000c1700000, 0x00000000c1700000| Complete 
|  23|0x00000000c1700000, 0x00000000c1800000, 0x00000000c1800000|100%|HS|  |TAMS 0x00000000c1800000, 0x00000000c1800000| Complete 
|  24|0x00000000c1800000, 0x00000000c1900000, 0x00000000c1900000|100%|HC|  |TAMS 0x00000000c1900000, 0x00000000c1900000| Complete 
|  25|0x00000000c1900000, 0x00000000c1a00000, 0x00000000c1a00000|100%|HC|  |TAMS 0x00000000c1a00000, 0x00000000c1a00000| Complete 
|  26|0x00000000c1a00000, 0x00000000c1b00000, 0x00000000c1b00000|100%|HS|  |TAMS 0x00000000c1b00000, 0x00000000c1b00000| Complete 
|  27|0x00000000c1b00000, 0x00000000c1c00000, 0x00000000c1c00000|100%| O|  |TAMS 0x00000000c1c00000, 0x00000000c1c00000| Untracked 
|  28|0x00000000c1c00000, 0x00000000c1d00000, 0x00000000c1d00000|100%|HS|  |TAMS 0x00000000c1d00000, 0x00000000c1d00000| Complete 
|  29|0x00000000c1d00000, 0x00000000c1e00000, 0x00000000c1e00000|100%|HS|  |TAMS 0x00000000c1e00000, 0x00000000c1e00000| Complete 
|  30|0x00000000c1e00000, 0x00000000c1f00000, 0x00000000c1f00000|100%| O|  |TAMS 0x00000000c1f00000, 0x00000000c1f00000| Untracked 
|  31|0x00000000c1f00000, 0x00000000c2000000, 0x00000000c2000000|100%| O|  |TAMS 0x00000000c2000000, 0x00000000c2000000| Untracked 
|  32|0x00000000c2000000, 0x00000000c2100000, 0x00000000c2100000|100%| O|  |TAMS 0x00000000c2100000, 0x00000000c2100000| Untracked 
|  33|0x00000000c2100000, 0x00000000c2200000, 0x00000000c2200000|100%| O|  |TAMS 0x00000000c2200000, 0x00000000c2200000| Untracked 
|  34|0x00000000c2200000, 0x00000000c2300000, 0x00000000c2300000|100%| O|  |TAMS 0x00000000c2300000, 0x00000000c2300000| Untracked 
|  35|0x00000000c2300000, 0x00000000c2400000, 0x00000000c2400000|100%| O|  |TAMS 0x00000000c2400000, 0x00000000c2400000| Untracked 
|  36|0x00000000c2400000, 0x00000000c2500000, 0x00000000c2500000|100%| O|  |TAMS 0x00000000c2500000, 0x00000000c2500000| Untracked 
|  37|0x00000000c2500000, 0x00000000c2600000, 0x00000000c2600000|100%| O|  |TAMS 0x00000000c2600000, 0x00000000c2600000| Untracked 
|  38|0x00000000c2600000, 0x00000000c2700000, 0x00000000c2700000|100%| O|  |TAMS 0x00000000c2700000, 0x00000000c2700000| Untracked 
|  39|0x00000000c2700000, 0x00000000c2800000, 0x00000000c2800000|100%| O|  |TAMS 0x00000000c2800000, 0x00000000c2800000| Untracked 
|  40|0x00000000c2800000, 0x00000000c2900000, 0x00000000c2900000|100%| O|  |TAMS 0x00000000c2900000, 0x00000000c2900000| Untracked 
|  41|0x00000000c2900000, 0x00000000c2a00000, 0x00000000c2a00000|100%| O|  |TAMS 0x00000000c2a00000, 0x00000000c2a00000| Untracked 
|  42|0x00000000c2a00000, 0x00000000c2b00000, 0x00000000c2b00000|100%| O|  |TAMS 0x00000000c2b00000, 0x00000000c2b00000| Untracked 
|  43|0x00000000c2b00000, 0x00000000c2c00000, 0x00000000c2c00000|100%| O|  |TAMS 0x00000000c2c00000, 0x00000000c2c00000| Untracked 
|  44|0x00000000c2c00000, 0x00000000c2d00000, 0x00000000c2d00000|100%| O|  |TAMS 0x00000000c2d00000, 0x00000000c2d00000| Untracked 
|  45|0x00000000c2d00000, 0x00000000c2e00000, 0x00000000c2e00000|100%| O|  |TAMS 0x00000000c2e00000, 0x00000000c2e00000| Untracked 
|  46|0x00000000c2e00000, 0x00000000c2f00000, 0x00000000c2f00000|100%| O|  |TAMS 0x00000000c2f00000, 0x00000000c2f00000| Untracked 
|  47|0x00000000c2f00000, 0x00000000c3000000, 0x00000000c3000000|100%| O|  |TAMS 0x00000000c3000000, 0x00000000c3000000| Untracked 
|  48|0x00000000c3000000, 0x00000000c3100000, 0x00000000c3100000|100%| O|  |TAMS 0x00000000c3100000, 0x00000000c3100000| Untracked 
|  49|0x00000000c3100000, 0x00000000c3200000, 0x00000000c3200000|100%|HS|  |TAMS 0x00000000c3200000, 0x00000000c3200000| Complete 
|  50|0x00000000c3200000, 0x00000000c3300000, 0x00000000c3300000|100%|HS|  |TAMS 0x00000000c3300000, 0x00000000c3300000| Complete 
|  51|0x00000000c3300000, 0x00000000c3400000, 0x00000000c3400000|100%|HC|  |TAMS 0x00000000c3400000, 0x00000000c3400000| Complete 
|  52|0x00000000c3400000, 0x00000000c3500000, 0x00000000c3500000|100%|HC|  |TAMS 0x00000000c3500000, 0x00000000c3500000| Complete 
|  53|0x00000000c3500000, 0x00000000c3600000, 0x00000000c3600000|100%| O|  |TAMS 0x00000000c3600000, 0x00000000c3600000| Untracked 
|  54|0x00000000c3600000, 0x00000000c3700000, 0x00000000c3700000|100%| O|  |TAMS 0x00000000c3700000, 0x00000000c3700000| Untracked 
|  55|0x00000000c3700000, 0x00000000c3800000, 0x00000000c3800000|100%| O|  |TAMS 0x00000000c3800000, 0x00000000c3800000| Untracked 
|  56|0x00000000c3800000, 0x00000000c3900000, 0x00000000c3900000|100%| O|  |TAMS 0x00000000c3900000, 0x00000000c3900000| Untracked 
|  57|0x00000000c3900000, 0x00000000c3a00000, 0x00000000c3a00000|100%| O|  |TAMS 0x00000000c3a00000, 0x00000000c3a00000| Untracked 
|  58|0x00000000c3a00000, 0x00000000c3b00000, 0x00000000c3b00000|100%| O|  |TAMS 0x00000000c3b00000, 0x00000000c3b00000| Untracked 
|  59|0x00000000c3b00000, 0x00000000c3c00000, 0x00000000c3c00000|100%| O|  |TAMS 0x00000000c3c00000, 0x00000000c3c00000| Untracked 
|  60|0x00000000c3c00000, 0x00000000c3d00000, 0x00000000c3d00000|100%| O|  |TAMS 0x00000000c3d00000, 0x00000000c3d00000| Untracked 
|  61|0x00000000c3d00000, 0x00000000c3e00000, 0x00000000c3e00000|100%| O|  |TAMS 0x00000000c3e00000, 0x00000000c3e00000| Untracked 
|  62|0x00000000c3e00000, 0x00000000c3f00000, 0x00000000c3f00000|100%| O|  |TAMS 0x00000000c3f00000, 0x00000000c3f00000| Untracked 
|  63|0x00000000c3f00000, 0x00000000c4000000, 0x00000000c4000000|100%| O|  |TAMS 0x00000000c4000000, 0x00000000c4000000| Untracked 
|  64|0x00000000c4000000, 0x00000000c4100000, 0x00000000c4100000|100%| O|  |TAMS 0x00000000c4100000, 0x00000000c4100000| Untracked 
|  65|0x00000000c4100000, 0x00000000c4200000, 0x00000000c4200000|100%| O|  |TAMS 0x00000000c4200000, 0x00000000c4200000| Untracked 
|  66|0x00000000c4200000, 0x00000000c4300000, 0x00000000c4300000|100%| O|  |TAMS 0x00000000c4300000, 0x00000000c4300000| Untracked 
|  67|0x00000000c4300000, 0x00000000c4400000, 0x00000000c4400000|100%| O|  |TAMS 0x00000000c4400000, 0x00000000c4400000| Untracked 
|  68|0x00000000c4400000, 0x00000000c4500000, 0x00000000c4500000|100%| O|  |TAMS 0x00000000c4500000, 0x00000000c4500000| Untracked 
|  69|0x00000000c4500000, 0x00000000c4600000, 0x00000000c4600000|100%| O|  |TAMS 0x00000000c4600000, 0x00000000c4600000| Untracked 
|  70|0x00000000c4600000, 0x00000000c4700000, 0x00000000c4700000|100%| O|  |TAMS 0x00000000c4700000, 0x00000000c4700000| Untracked 
|  71|0x00000000c4700000, 0x00000000c4800000, 0x00000000c4800000|100%| O|  |TAMS 0x00000000c4800000, 0x00000000c4800000| Untracked 
|  72|0x00000000c4800000, 0x00000000c4900000, 0x00000000c4900000|100%| O|  |TAMS 0x00000000c4900000, 0x00000000c4900000| Untracked 
|  73|0x00000000c4900000, 0x00000000c4a00000, 0x00000000c4a00000|100%| O|  |TAMS 0x00000000c4a00000, 0x00000000c4a00000| Untracked 
|  74|0x00000000c4a00000, 0x00000000c4b00000, 0x00000000c4b00000|100%| O|  |TAMS 0x00000000c4b00000, 0x00000000c4b00000| Untracked 
|  75|0x00000000c4b00000, 0x00000000c4c00000, 0x00000000c4c00000|100%| O|  |TAMS 0x00000000c4c00000, 0x00000000c4c00000| Untracked 
|  76|0x00000000c4c00000, 0x00000000c4d00000, 0x00000000c4d00000|100%| O|  |TAMS 0x00000000c4d00000, 0x00000000c4d00000| Untracked 
|  77|0x00000000c4d00000, 0x00000000c4e00000, 0x00000000c4e00000|100%| O|  |TAMS 0x00000000c4e00000, 0x00000000c4e00000| Untracked 
|  78|0x00000000c4e00000, 0x00000000c4f00000, 0x00000000c4f00000|100%| O|  |TAMS 0x00000000c4f00000, 0x00000000c4f00000| Untracked 
|  79|0x00000000c4f00000, 0x00000000c5000000, 0x00000000c5000000|100%| O|  |TAMS 0x00000000c5000000, 0x00000000c5000000| Untracked 
|  80|0x00000000c5000000, 0x00000000c5100000, 0x00000000c5100000|100%| O|  |TAMS 0x00000000c5100000, 0x00000000c5100000| Untracked 
|  81|0x00000000c5100000, 0x00000000c5200000, 0x00000000c5200000|100%| O|  |TAMS 0x00000000c5200000, 0x00000000c5200000| Untracked 
|  82|0x00000000c5200000, 0x00000000c5300000, 0x00000000c5300000|100%| O|  |TAMS 0x00000000c5300000, 0x00000000c5300000| Untracked 
|  83|0x00000000c5300000, 0x00000000c5400000, 0x00000000c5400000|100%| O|  |TAMS 0x00000000c5400000, 0x00000000c5400000| Untracked 
|  84|0x00000000c5400000, 0x00000000c5500000, 0x00000000c5500000|100%| O|  |TAMS 0x00000000c5500000, 0x00000000c5500000| Untracked 
|  85|0x00000000c5500000, 0x00000000c5600000, 0x00000000c5600000|100%| O|  |TAMS 0x00000000c5600000, 0x00000000c5600000| Untracked 
|  86|0x00000000c5600000, 0x00000000c5700000, 0x00000000c5700000|100%| O|  |TAMS 0x00000000c5700000, 0x00000000c5700000| Untracked 
|  87|0x00000000c5700000, 0x00000000c5800000, 0x00000000c5800000|100%| O|  |TAMS 0x00000000c5800000, 0x00000000c5800000| Untracked 
|  88|0x00000000c5800000, 0x00000000c5900000, 0x00000000c5900000|100%| O|  |TAMS 0x00000000c5900000, 0x00000000c5900000| Untracked 
|  89|0x00000000c5900000, 0x00000000c5a00000, 0x00000000c5a00000|100%| O|  |TAMS 0x00000000c5a00000, 0x00000000c5a00000| Untracked 
|  90|0x00000000c5a00000, 0x00000000c5b00000, 0x00000000c5b00000|100%| O|  |TAMS 0x00000000c5b00000, 0x00000000c5b00000| Untracked 
|  91|0x00000000c5b00000, 0x00000000c5c00000, 0x00000000c5c00000|100%| O|  |TAMS 0x00000000c5c00000, 0x00000000c5c00000| Untracked 
|  92|0x00000000c5c00000, 0x00000000c5d00000, 0x00000000c5d00000|100%| O|  |TAMS 0x00000000c5d00000, 0x00000000c5d00000| Untracked 
|  93|0x00000000c5d00000, 0x00000000c5e00000, 0x00000000c5e00000|100%| O|  |TAMS 0x00000000c5e00000, 0x00000000c5e00000| Untracked 
|  94|0x00000000c5e00000, 0x00000000c5f00000, 0x00000000c5f00000|100%| O|  |TAMS 0x00000000c5f00000, 0x00000000c5f00000| Untracked 
|  95|0x00000000c5f00000, 0x00000000c6000000, 0x00000000c6000000|100%| O|  |TAMS 0x00000000c6000000, 0x00000000c6000000| Untracked 
|  96|0x00000000c6000000, 0x00000000c6100000, 0x00000000c6100000|100%| O|  |TAMS 0x00000000c6100000, 0x00000000c6100000| Untracked 
|  97|0x00000000c6100000, 0x00000000c6200000, 0x00000000c6200000|100%| O|  |TAMS 0x00000000c6200000, 0x00000000c6200000| Untracked 
|  98|0x00000000c6200000, 0x00000000c6300000, 0x00000000c6300000|100%| O|  |TAMS 0x00000000c6300000, 0x00000000c6300000| Untracked 
|  99|0x00000000c6300000, 0x00000000c6400000, 0x00000000c6400000|100%| O|  |TAMS 0x00000000c6400000, 0x00000000c6400000| Untracked 
| 100|0x00000000c6400000, 0x00000000c6500000, 0x00000000c6500000|100%| O|  |TAMS 0x00000000c6500000, 0x00000000c6500000| Untracked 
| 101|0x00000000c6500000, 0x00000000c6600000, 0x00000000c6600000|100%| O|  |TAMS 0x00000000c6600000, 0x00000000c6600000| Untracked 
| 102|0x00000000c6600000, 0x00000000c6700000, 0x00000000c6700000|100%| O|  |TAMS 0x00000000c6700000, 0x00000000c6700000| Untracked 
| 103|0x00000000c6700000, 0x00000000c6800000, 0x00000000c6800000|100%| O|  |TAMS 0x00000000c6800000, 0x00000000c6800000| Untracked 
| 104|0x00000000c6800000, 0x00000000c6900000, 0x00000000c6900000|100%| O|  |TAMS 0x00000000c6900000, 0x00000000c6900000| Untracked 
| 105|0x00000000c6900000, 0x00000000c6a00000, 0x00000000c6a00000|100%|HS|  |TAMS 0x00000000c6a00000, 0x00000000c6a00000| Complete 
| 106|0x00000000c6a00000, 0x00000000c6b00000, 0x00000000c6b00000|100%|HC|  |TAMS 0x00000000c6b00000, 0x00000000c6b00000| Complete 
| 107|0x00000000c6b00000, 0x00000000c6c00000, 0x00000000c6c00000|100%| O|  |TAMS 0x00000000c6c00000, 0x00000000c6c00000| Untracked 
| 108|0x00000000c6c00000, 0x00000000c6d00000, 0x00000000c6d00000|100%| O|  |TAMS 0x00000000c6d00000, 0x00000000c6d00000| Untracked 
| 109|0x00000000c6d00000, 0x00000000c6e00000, 0x00000000c6e00000|100%| O|  |TAMS 0x00000000c6e00000, 0x00000000c6e00000| Untracked 
| 110|0x00000000c6e00000, 0x00000000c6f00000, 0x00000000c6f00000|100%| O|  |TAMS 0x00000000c6f00000, 0x00000000c6f00000| Untracked 
| 111|0x00000000c6f00000, 0x00000000c7000000, 0x00000000c7000000|100%| O|  |TAMS 0x00000000c7000000, 0x00000000c7000000| Untracked 
| 112|0x00000000c7000000, 0x00000000c7100000, 0x00000000c7100000|100%| O|  |TAMS 0x00000000c7100000, 0x00000000c7100000| Untracked 
| 113|0x00000000c7100000, 0x00000000c7200000, 0x00000000c7200000|100%| O|  |TAMS 0x00000000c7200000, 0x00000000c7200000| Untracked 
| 114|0x00000000c7200000, 0x00000000c7300000, 0x00000000c7300000|100%| O|  |TAMS 0x00000000c7300000, 0x00000000c7300000| Untracked 
| 115|0x00000000c7300000, 0x00000000c7400000, 0x00000000c7400000|100%| O|  |TAMS 0x00000000c7400000, 0x00000000c7400000| Untracked 
| 116|0x00000000c7400000, 0x00000000c7500000, 0x00000000c7500000|100%| O|  |TAMS 0x00000000c7500000, 0x00000000c7500000| Untracked 
| 117|0x00000000c7500000, 0x00000000c7600000, 0x00000000c7600000|100%| O|  |TAMS 0x00000000c7600000, 0x00000000c7600000| Untracked 
| 118|0x00000000c7600000, 0x00000000c7700000, 0x00000000c7700000|100%| O|  |TAMS 0x00000000c7700000, 0x00000000c7700000| Untracked 
| 119|0x00000000c7700000, 0x00000000c7800000, 0x00000000c7800000|100%| O|  |TAMS 0x00000000c7800000, 0x00000000c7800000| Untracked 
| 120|0x00000000c7800000, 0x00000000c7900000, 0x00000000c7900000|100%| O|  |TAMS 0x00000000c7900000, 0x00000000c7900000| Untracked 
| 121|0x00000000c7900000, 0x00000000c7a00000, 0x00000000c7a00000|100%| O|  |TAMS 0x00000000c7a00000, 0x00000000c7a00000| Untracked 
| 122|0x00000000c7a00000, 0x00000000c7b00000, 0x00000000c7b00000|100%| O|  |TAMS 0x00000000c7b00000, 0x00000000c7b00000| Untracked 
| 123|0x00000000c7b00000, 0x00000000c7c00000, 0x00000000c7c00000|100%| O|  |TAMS 0x00000000c7c00000, 0x00000000c7c00000| Untracked 
| 124|0x00000000c7c00000, 0x00000000c7d00000, 0x00000000c7d00000|100%| O|  |TAMS 0x00000000c7d00000, 0x00000000c7d00000| Untracked 
| 125|0x00000000c7d00000, 0x00000000c7e00000, 0x00000000c7e00000|100%| O|  |TAMS 0x00000000c7e00000, 0x00000000c7e00000| Untracked 
| 126|0x00000000c7e00000, 0x00000000c7f00000, 0x00000000c7f00000|100%| O|  |TAMS 0x00000000c7f00000, 0x00000000c7f00000| Untracked 
| 127|0x00000000c7f00000, 0x00000000c8000000, 0x00000000c8000000|100%| O|  |TAMS 0x00000000c8000000, 0x00000000c8000000| Untracked 
| 128|0x00000000c8000000, 0x00000000c8100000, 0x00000000c8100000|100%| O|  |TAMS 0x00000000c8100000, 0x00000000c8100000| Untracked 
| 129|0x00000000c8100000, 0x00000000c8200000, 0x00000000c8200000|100%| O|  |TAMS 0x00000000c8200000, 0x00000000c8200000| Untracked 
| 130|0x00000000c8200000, 0x00000000c8300000, 0x00000000c8300000|100%| O|  |TAMS 0x00000000c8300000, 0x00000000c8300000| Untracked 
| 131|0x00000000c8300000, 0x00000000c8400000, 0x00000000c8400000|100%| O|  |TAMS 0x00000000c8300000, 0x00000000c8400000| Untracked 
| 132|0x00000000c8400000, 0x00000000c8500000, 0x00000000c8500000|100%| O|  |TAMS 0x00000000c8500000, 0x00000000c8500000| Untracked 
| 133|0x00000000c8500000, 0x00000000c8600000, 0x00000000c8600000|100%| O|  |TAMS 0x00000000c8600000, 0x00000000c8600000| Untracked 
| 134|0x00000000c8600000, 0x00000000c8700000, 0x00000000c8700000|100%| O|  |TAMS 0x00000000c8700000, 0x00000000c8700000| Untracked 
| 135|0x00000000c8700000, 0x00000000c8800000, 0x00000000c8800000|100%| O|  |TAMS 0x00000000c8800000, 0x00000000c8800000| Untracked 
| 136|0x00000000c8800000, 0x00000000c8900000, 0x00000000c8900000|100%| O|  |TAMS 0x00000000c8900000, 0x00000000c8900000| Untracked 
| 137|0x00000000c8900000, 0x00000000c8a00000, 0x00000000c8a00000|100%| O|  |TAMS 0x00000000c8a00000, 0x00000000c8a00000| Untracked 
| 138|0x00000000c8a00000, 0x00000000c8b00000, 0x00000000c8b00000|100%| O|  |TAMS 0x00000000c8b00000, 0x00000000c8b00000| Untracked 
| 139|0x00000000c8b00000, 0x00000000c8c00000, 0x00000000c8c00000|100%| O|  |TAMS 0x00000000c8c00000, 0x00000000c8c00000| Untracked 
| 140|0x00000000c8c00000, 0x00000000c8d00000, 0x00000000c8d00000|100%| O|  |TAMS 0x00000000c8d00000, 0x00000000c8d00000| Untracked 
| 141|0x00000000c8d00000, 0x00000000c8e00000, 0x00000000c8e00000|100%| O|  |TAMS 0x00000000c8e00000, 0x00000000c8e00000| Untracked 
| 142|0x00000000c8e00000, 0x00000000c8f00000, 0x00000000c8f00000|100%| O|  |TAMS 0x00000000c8f00000, 0x00000000c8f00000| Untracked 
| 143|0x00000000c8f00000, 0x00000000c9000000, 0x00000000c9000000|100%| O|  |TAMS 0x00000000c9000000, 0x00000000c9000000| Untracked 
| 144|0x00000000c9000000, 0x00000000c9100000, 0x00000000c9100000|100%| O|  |TAMS 0x00000000c9100000, 0x00000000c9100000| Untracked 
| 145|0x00000000c9100000, 0x00000000c9200000, 0x00000000c9200000|100%| O|  |TAMS 0x00000000c9200000, 0x00000000c9200000| Untracked 
| 146|0x00000000c9200000, 0x00000000c9300000, 0x00000000c9300000|100%| O|  |TAMS 0x00000000c9300000, 0x00000000c9300000| Untracked 
| 147|0x00000000c9300000, 0x00000000c9400000, 0x00000000c9400000|100%| O|  |TAMS 0x00000000c9400000, 0x00000000c9400000| Untracked 
| 148|0x00000000c9400000, 0x00000000c9500000, 0x00000000c9500000|100%| O|  |TAMS 0x00000000c9500000, 0x00000000c9500000| Untracked 
| 149|0x00000000c9500000, 0x00000000c9600000, 0x00000000c9600000|100%| O|  |TAMS 0x00000000c9600000, 0x00000000c9600000| Untracked 
| 150|0x00000000c9600000, 0x00000000c9700000, 0x00000000c9700000|100%| O|  |TAMS 0x00000000c9700000, 0x00000000c9700000| Untracked 
| 151|0x00000000c9700000, 0x00000000c9800000, 0x00000000c9800000|100%| O|  |TAMS 0x00000000c9800000, 0x00000000c9800000| Untracked 
| 152|0x00000000c9800000, 0x00000000c9900000, 0x00000000c9900000|100%| O|  |TAMS 0x00000000c9900000, 0x00000000c9900000| Untracked 
| 153|0x00000000c9900000, 0x00000000c9a00000, 0x00000000c9a00000|100%| O|  |TAMS 0x00000000c9a00000, 0x00000000c9a00000| Untracked 
| 154|0x00000000c9a00000, 0x00000000c9b00000, 0x00000000c9b00000|100%| O|  |TAMS 0x00000000c9b00000, 0x00000000c9b00000| Untracked 
| 155|0x00000000c9b00000, 0x00000000c9c00000, 0x00000000c9c00000|100%| O|  |TAMS 0x00000000c9c00000, 0x00000000c9c00000| Untracked 
| 156|0x00000000c9c00000, 0x00000000c9d00000, 0x00000000c9d00000|100%| O|  |TAMS 0x00000000c9d00000, 0x00000000c9d00000| Untracked 
| 157|0x00000000c9d00000, 0x00000000c9e00000, 0x00000000c9e00000|100%| O|  |TAMS 0x00000000c9e00000, 0x00000000c9e00000| Untracked 
| 158|0x00000000c9e00000, 0x00000000c9f00000, 0x00000000c9f00000|100%| O|  |TAMS 0x00000000c9f00000, 0x00000000c9f00000| Untracked 
| 159|0x00000000c9f00000, 0x00000000ca000000, 0x00000000ca000000|100%| O|  |TAMS 0x00000000ca000000, 0x00000000ca000000| Untracked 
| 160|0x00000000ca000000, 0x00000000ca100000, 0x00000000ca100000|100%| O|  |TAMS 0x00000000ca100000, 0x00000000ca100000| Untracked 
| 161|0x00000000ca100000, 0x00000000ca200000, 0x00000000ca200000|100%| O|  |TAMS 0x00000000ca200000, 0x00000000ca200000| Untracked 
| 162|0x00000000ca200000, 0x00000000ca300000, 0x00000000ca300000|100%| O|  |TAMS 0x00000000ca300000, 0x00000000ca300000| Untracked 
| 163|0x00000000ca300000, 0x00000000ca400000, 0x00000000ca400000|100%| O|  |TAMS 0x00000000ca400000, 0x00000000ca400000| Untracked 
| 164|0x00000000ca400000, 0x00000000ca500000, 0x00000000ca500000|100%| O|  |TAMS 0x00000000ca500000, 0x00000000ca500000| Untracked 
| 165|0x00000000ca500000, 0x00000000ca600000, 0x00000000ca600000|100%| O|  |TAMS 0x00000000ca600000, 0x00000000ca600000| Untracked 
| 166|0x00000000ca600000, 0x00000000ca700000, 0x00000000ca700000|100%| O|  |TAMS 0x00000000ca700000, 0x00000000ca700000| Untracked 
| 167|0x00000000ca700000, 0x00000000ca800000, 0x00000000ca800000|100%| O|  |TAMS 0x00000000ca800000, 0x00000000ca800000| Untracked 
| 168|0x00000000ca800000, 0x00000000ca900000, 0x00000000ca900000|100%| O|  |TAMS 0x00000000ca900000, 0x00000000ca900000| Untracked 
| 169|0x00000000ca900000, 0x00000000caa00000, 0x00000000caa00000|100%| O|  |TAMS 0x00000000caa00000, 0x00000000caa00000| Untracked 
| 170|0x00000000caa00000, 0x00000000cab00000, 0x00000000cab00000|100%| O|  |TAMS 0x00000000cab00000, 0x00000000cab00000| Untracked 
| 171|0x00000000cab00000, 0x00000000cac00000, 0x00000000cac00000|100%| O|  |TAMS 0x00000000cac00000, 0x00000000cac00000| Untracked 
| 172|0x00000000cac00000, 0x00000000cad00000, 0x00000000cad00000|100%| O|  |TAMS 0x00000000cad00000, 0x00000000cad00000| Untracked 
| 173|0x00000000cad00000, 0x00000000cae00000, 0x00000000cae00000|100%| O|  |TAMS 0x00000000cae00000, 0x00000000cae00000| Untracked 
| 174|0x00000000cae00000, 0x00000000caf00000, 0x00000000caf00000|100%| O|  |TAMS 0x00000000caf00000, 0x00000000caf00000| Untracked 
| 175|0x00000000caf00000, 0x00000000cb000000, 0x00000000cb000000|100%| O|  |TAMS 0x00000000cb000000, 0x00000000cb000000| Untracked 
| 176|0x00000000cb000000, 0x00000000cb100000, 0x00000000cb100000|100%| O|  |TAMS 0x00000000cb100000, 0x00000000cb100000| Untracked 
| 177|0x00000000cb100000, 0x00000000cb200000, 0x00000000cb200000|100%| O|  |TAMS 0x00000000cb200000, 0x00000000cb200000| Untracked 
| 178|0x00000000cb200000, 0x00000000cb300000, 0x00000000cb300000|100%| O|  |TAMS 0x00000000cb300000, 0x00000000cb300000| Untracked 
| 179|0x00000000cb300000, 0x00000000cb400000, 0x00000000cb400000|100%| O|  |TAMS 0x00000000cb400000, 0x00000000cb400000| Untracked 
| 180|0x00000000cb400000, 0x00000000cb500000, 0x00000000cb500000|100%| O|  |TAMS 0x00000000cb500000, 0x00000000cb500000| Untracked 
| 181|0x00000000cb500000, 0x00000000cb600000, 0x00000000cb600000|100%| O|  |TAMS 0x00000000cb600000, 0x00000000cb600000| Untracked 
| 182|0x00000000cb600000, 0x00000000cb700000, 0x00000000cb700000|100%| O|  |TAMS 0x00000000cb700000, 0x00000000cb700000| Untracked 
| 183|0x00000000cb700000, 0x00000000cb800000, 0x00000000cb800000|100%| O|  |TAMS 0x00000000cb800000, 0x00000000cb800000| Untracked 
| 184|0x00000000cb800000, 0x00000000cb900000, 0x00000000cb900000|100%| O|  |TAMS 0x00000000cb900000, 0x00000000cb900000| Untracked 
| 185|0x00000000cb900000, 0x00000000cba00000, 0x00000000cba00000|100%| O|  |TAMS 0x00000000cba00000, 0x00000000cba00000| Untracked 
| 186|0x00000000cba00000, 0x00000000cbb00000, 0x00000000cbb00000|100%| O|  |TAMS 0x00000000cbb00000, 0x00000000cbb00000| Untracked 
| 187|0x00000000cbb00000, 0x00000000cbc00000, 0x00000000cbc00000|100%| O|  |TAMS 0x00000000cbc00000, 0x00000000cbc00000| Untracked 
| 188|0x00000000cbc00000, 0x00000000cbd00000, 0x00000000cbd00000|100%| O|  |TAMS 0x00000000cbd00000, 0x00000000cbd00000| Untracked 
| 189|0x00000000cbd00000, 0x00000000cbe00000, 0x00000000cbe00000|100%| O|  |TAMS 0x00000000cbe00000, 0x00000000cbe00000| Untracked 
| 190|0x00000000cbe00000, 0x00000000cbf00000, 0x00000000cbf00000|100%| O|  |TAMS 0x00000000cbf00000, 0x00000000cbf00000| Untracked 
| 191|0x00000000cbf00000, 0x00000000cc000000, 0x00000000cc000000|100%| O|  |TAMS 0x00000000cc000000, 0x00000000cc000000| Untracked 
| 192|0x00000000cc000000, 0x00000000cc100000, 0x00000000cc100000|100%| O|  |TAMS 0x00000000cc100000, 0x00000000cc100000| Untracked 
| 193|0x00000000cc100000, 0x00000000cc200000, 0x00000000cc200000|100%| O|  |TAMS 0x00000000cc200000, 0x00000000cc200000| Untracked 
| 194|0x00000000cc200000, 0x00000000cc300000, 0x00000000cc300000|100%| O|  |TAMS 0x00000000cc300000, 0x00000000cc300000| Untracked 
| 195|0x00000000cc300000, 0x00000000cc400000, 0x00000000cc400000|100%| O|  |TAMS 0x00000000cc400000, 0x00000000cc400000| Untracked 
| 196|0x00000000cc400000, 0x00000000cc500000, 0x00000000cc500000|100%| O|  |TAMS 0x00000000cc500000, 0x00000000cc500000| Untracked 
| 197|0x00000000cc500000, 0x00000000cc600000, 0x00000000cc600000|100%| O|  |TAMS 0x00000000cc600000, 0x00000000cc600000| Untracked 
| 198|0x00000000cc600000, 0x00000000cc700000, 0x00000000cc700000|100%| O|  |TAMS 0x00000000cc700000, 0x00000000cc700000| Untracked 
| 199|0x00000000cc700000, 0x00000000cc800000, 0x00000000cc800000|100%| O|  |TAMS 0x00000000cc800000, 0x00000000cc800000| Untracked 
| 200|0x00000000cc800000, 0x00000000cc900000, 0x00000000cc900000|100%| O|  |TAMS 0x00000000cc900000, 0x00000000cc900000| Untracked 
| 201|0x00000000cc900000, 0x00000000cca00000, 0x00000000cca00000|100%| O|  |TAMS 0x00000000cca00000, 0x00000000cca00000| Untracked 
| 202|0x00000000cca00000, 0x00000000ccb00000, 0x00000000ccb00000|100%| O|  |TAMS 0x00000000ccb00000, 0x00000000ccb00000| Untracked 
| 203|0x00000000ccb00000, 0x00000000ccc00000, 0x00000000ccc00000|100%| O|  |TAMS 0x00000000ccc00000, 0x00000000ccc00000| Untracked 
| 204|0x00000000ccc00000, 0x00000000ccd00000, 0x00000000ccd00000|100%| O|  |TAMS 0x00000000ccd00000, 0x00000000ccd00000| Untracked 
| 205|0x00000000ccd00000, 0x00000000cce00000, 0x00000000cce00000|100%| O|  |TAMS 0x00000000cce00000, 0x00000000cce00000| Untracked 
| 206|0x00000000cce00000, 0x00000000ccf00000, 0x00000000ccf00000|100%| O|  |TAMS 0x00000000ccf00000, 0x00000000ccf00000| Untracked 
| 207|0x00000000ccf00000, 0x00000000cd000000, 0x00000000cd000000|100%| O|  |TAMS 0x00000000cd000000, 0x00000000cd000000| Untracked 
| 208|0x00000000cd000000, 0x00000000cd100000, 0x00000000cd100000|100%| O|  |TAMS 0x00000000cd100000, 0x00000000cd100000| Untracked 
| 209|0x00000000cd100000, 0x00000000cd200000, 0x00000000cd200000|100%| O|  |TAMS 0x00000000cd200000, 0x00000000cd200000| Untracked 
| 210|0x00000000cd200000, 0x00000000cd300000, 0x00000000cd300000|100%| O|  |TAMS 0x00000000cd300000, 0x00000000cd300000| Untracked 
| 211|0x00000000cd300000, 0x00000000cd400000, 0x00000000cd400000|100%| O|  |TAMS 0x00000000cd400000, 0x00000000cd400000| Untracked 
| 212|0x00000000cd400000, 0x00000000cd500000, 0x00000000cd500000|100%| O|  |TAMS 0x00000000cd500000, 0x00000000cd500000| Untracked 
| 213|0x00000000cd500000, 0x00000000cd600000, 0x00000000cd600000|100%| O|  |TAMS 0x00000000cd600000, 0x00000000cd600000| Untracked 
| 214|0x00000000cd600000, 0x00000000cd700000, 0x00000000cd700000|100%| O|  |TAMS 0x00000000cd700000, 0x00000000cd700000| Untracked 
| 215|0x00000000cd700000, 0x00000000cd800000, 0x00000000cd800000|100%| O|  |TAMS 0x00000000cd800000, 0x00000000cd800000| Untracked 
| 216|0x00000000cd800000, 0x00000000cd900000, 0x00000000cd900000|100%| O|  |TAMS 0x00000000cd900000, 0x00000000cd900000| Untracked 
| 217|0x00000000cd900000, 0x00000000cda00000, 0x00000000cda00000|100%| O|  |TAMS 0x00000000cda00000, 0x00000000cda00000| Untracked 
| 218|0x00000000cda00000, 0x00000000cdb00000, 0x00000000cdb00000|100%| O|  |TAMS 0x00000000cdb00000, 0x00000000cdb00000| Untracked 
| 219|0x00000000cdb00000, 0x00000000cdc00000, 0x00000000cdc00000|100%| O|  |TAMS 0x00000000cdc00000, 0x00000000cdc00000| Untracked 
| 220|0x00000000cdc00000, 0x00000000cdd00000, 0x00000000cdd00000|100%| O|  |TAMS 0x00000000cdd00000, 0x00000000cdd00000| Untracked 
| 221|0x00000000cdd00000, 0x00000000cde00000, 0x00000000cde00000|100%| O|  |TAMS 0x00000000cde00000, 0x00000000cde00000| Untracked 
| 222|0x00000000cde00000, 0x00000000cdf00000, 0x00000000cdf00000|100%| O|  |TAMS 0x00000000cdf00000, 0x00000000cdf00000| Untracked 
| 223|0x00000000cdf00000, 0x00000000ce000000, 0x00000000ce000000|100%| O|  |TAMS 0x00000000ce000000, 0x00000000ce000000| Untracked 
| 224|0x00000000ce000000, 0x00000000ce100000, 0x00000000ce100000|100%| O|  |TAMS 0x00000000ce000000, 0x00000000ce100000| Untracked 
| 225|0x00000000ce100000, 0x00000000ce200000, 0x00000000ce200000|100%| O|  |TAMS 0x00000000ce200000, 0x00000000ce200000| Untracked 
| 226|0x00000000ce200000, 0x00000000ce300000, 0x00000000ce300000|100%| O|  |TAMS 0x00000000ce300000, 0x00000000ce300000| Untracked 
| 227|0x00000000ce300000, 0x00000000ce400000, 0x00000000ce400000|100%| O|  |TAMS 0x00000000ce400000, 0x00000000ce400000| Untracked 
| 228|0x00000000ce400000, 0x00000000ce500000, 0x00000000ce500000|100%| O|  |TAMS 0x00000000ce500000, 0x00000000ce500000| Untracked 
| 229|0x00000000ce500000, 0x00000000ce600000, 0x00000000ce600000|100%| O|  |TAMS 0x00000000ce600000, 0x00000000ce600000| Untracked 
| 230|0x00000000ce600000, 0x00000000ce700000, 0x00000000ce700000|100%| O|  |TAMS 0x00000000ce700000, 0x00000000ce700000| Untracked 
| 231|0x00000000ce700000, 0x00000000ce800000, 0x00000000ce800000|100%| O|  |TAMS 0x00000000ce800000, 0x00000000ce800000| Untracked 
| 232|0x00000000ce800000, 0x00000000ce900000, 0x00000000ce900000|100%| O|  |TAMS 0x00000000ce900000, 0x00000000ce900000| Untracked 
| 233|0x00000000ce900000, 0x00000000cea00000, 0x00000000cea00000|100%| O|  |TAMS 0x00000000ce900000, 0x00000000ce900000| Untracked 
| 234|0x00000000cea00000, 0x00000000ceb00000, 0x00000000ceb00000|100%| O|  |TAMS 0x00000000cea00000, 0x00000000ceb00000| Untracked 
| 235|0x00000000ceb00000, 0x00000000cec00000, 0x00000000cec00000|100%| O|  |TAMS 0x00000000cec00000, 0x00000000cec00000| Untracked 
| 236|0x00000000cec00000, 0x00000000ced00000, 0x00000000ced00000|100%| O|  |TAMS 0x00000000ced00000, 0x00000000ced00000| Untracked 
| 237|0x00000000ced00000, 0x00000000cee00000, 0x00000000cee00000|100%| O|  |TAMS 0x00000000cee00000, 0x00000000cee00000| Untracked 
| 238|0x00000000cee00000, 0x00000000cef00000, 0x00000000cef00000|100%| O|  |TAMS 0x00000000cef00000, 0x00000000cef00000| Untracked 
| 239|0x00000000cef00000, 0x00000000cf000000, 0x00000000cf000000|100%| O|  |TAMS 0x00000000cf000000, 0x00000000cf000000| Untracked 
| 240|0x00000000cf000000, 0x00000000cf100000, 0x00000000cf100000|100%| O|  |TAMS 0x00000000cf100000, 0x00000000cf100000| Untracked 
| 241|0x00000000cf100000, 0x00000000cf200000, 0x00000000cf200000|100%| O|  |TAMS 0x00000000cf200000, 0x00000000cf200000| Untracked 
| 242|0x00000000cf200000, 0x00000000cf300000, 0x00000000cf300000|100%| O|  |TAMS 0x00000000cf300000, 0x00000000cf300000| Untracked 
| 243|0x00000000cf300000, 0x00000000cf400000, 0x00000000cf400000|100%| O|  |TAMS 0x00000000cf400000, 0x00000000cf400000| Untracked 
| 244|0x00000000cf400000, 0x00000000cf500000, 0x00000000cf500000|100%| O|  |TAMS 0x00000000cf500000, 0x00000000cf500000| Untracked 
| 245|0x00000000cf500000, 0x00000000cf600000, 0x00000000cf600000|100%| O|  |TAMS 0x00000000cf600000, 0x00000000cf600000| Untracked 
| 246|0x00000000cf600000, 0x00000000cf700000, 0x00000000cf700000|100%| O|  |TAMS 0x00000000cf700000, 0x00000000cf700000| Untracked 
| 247|0x00000000cf700000, 0x00000000cf800000, 0x00000000cf800000|100%| O|  |TAMS 0x00000000cf800000, 0x00000000cf800000| Untracked 
| 248|0x00000000cf800000, 0x00000000cf900000, 0x00000000cf900000|100%| O|  |TAMS 0x00000000cf900000, 0x00000000cf900000| Untracked 
| 249|0x00000000cf900000, 0x00000000cfa00000, 0x00000000cfa00000|100%| O|  |TAMS 0x00000000cfa00000, 0x00000000cfa00000| Untracked 
| 250|0x00000000cfa00000, 0x00000000cfb00000, 0x00000000cfb00000|100%| O|  |TAMS 0x00000000cfb00000, 0x00000000cfb00000| Untracked 
| 251|0x00000000cfb00000, 0x00000000cfc00000, 0x00000000cfc00000|100%| O|  |TAMS 0x00000000cfc00000, 0x00000000cfc00000| Untracked 
| 252|0x00000000cfc00000, 0x00000000cfd00000, 0x00000000cfd00000|100%| O|  |TAMS 0x00000000cfd00000, 0x00000000cfd00000| Untracked 
| 253|0x00000000cfd00000, 0x00000000cfe00000, 0x00000000cfe00000|100%| O|  |TAMS 0x00000000cfe00000, 0x00000000cfe00000| Untracked 
| 254|0x00000000cfe00000, 0x00000000cff00000, 0x00000000cff00000|100%| O|  |TAMS 0x00000000cff00000, 0x00000000cff00000| Untracked 
| 255|0x00000000cff00000, 0x00000000d0000000, 0x00000000d0000000|100%| O|  |TAMS 0x00000000d0000000, 0x00000000d0000000| Untracked 
| 256|0x00000000d0000000, 0x00000000d0100000, 0x00000000d0100000|100%| O|  |TAMS 0x00000000d0100000, 0x00000000d0100000| Untracked 
| 257|0x00000000d0100000, 0x00000000d0200000, 0x00000000d0200000|100%| O|  |TAMS 0x00000000d0200000, 0x00000000d0200000| Untracked 
| 258|0x00000000d0200000, 0x00000000d0300000, 0x00000000d0300000|100%| O|  |TAMS 0x00000000d0300000, 0x00000000d0300000| Untracked 
| 259|0x00000000d0300000, 0x00000000d0400000, 0x00000000d0400000|100%| O|  |TAMS 0x00000000d0400000, 0x00000000d0400000| Untracked 
| 260|0x00000000d0400000, 0x00000000d0500000, 0x00000000d0500000|100%| O|  |TAMS 0x00000000d0500000, 0x00000000d0500000| Untracked 
| 261|0x00000000d0500000, 0x00000000d0600000, 0x00000000d0600000|100%| O|  |TAMS 0x00000000d0600000, 0x00000000d0600000| Untracked 
| 262|0x00000000d0600000, 0x00000000d0700000, 0x00000000d0700000|100%| O|  |TAMS 0x00000000d0700000, 0x00000000d0700000| Untracked 
| 263|0x00000000d0700000, 0x00000000d0800000, 0x00000000d0800000|100%| O|  |TAMS 0x00000000d0800000, 0x00000000d0800000| Untracked 
| 264|0x00000000d0800000, 0x00000000d0900000, 0x00000000d0900000|100%| O|  |TAMS 0x00000000d0900000, 0x00000000d0900000| Untracked 
| 265|0x00000000d0900000, 0x00000000d0a00000, 0x00000000d0a00000|100%| O|  |TAMS 0x00000000d0a00000, 0x00000000d0a00000| Untracked 
| 266|0x00000000d0a00000, 0x00000000d0b00000, 0x00000000d0b00000|100%| O|  |TAMS 0x00000000d0b00000, 0x00000000d0b00000| Untracked 
| 267|0x00000000d0b00000, 0x00000000d0c00000, 0x00000000d0c00000|100%| O|  |TAMS 0x00000000d0c00000, 0x00000000d0c00000| Untracked 
| 268|0x00000000d0c00000, 0x00000000d0d00000, 0x00000000d0d00000|100%| O|  |TAMS 0x00000000d0d00000, 0x00000000d0d00000| Untracked 
| 269|0x00000000d0d00000, 0x00000000d0e00000, 0x00000000d0e00000|100%| O|  |TAMS 0x00000000d0e00000, 0x00000000d0e00000| Untracked 
| 270|0x00000000d0e00000, 0x00000000d0f00000, 0x00000000d0f00000|100%| O|  |TAMS 0x00000000d0f00000, 0x00000000d0f00000| Untracked 
| 271|0x00000000d0f00000, 0x00000000d1000000, 0x00000000d1000000|100%| O|  |TAMS 0x00000000d0f00000, 0x00000000d0f00000| Untracked 
| 272|0x00000000d1000000, 0x00000000d1100000, 0x00000000d1100000|100%| O|  |TAMS 0x00000000d1100000, 0x00000000d1100000| Untracked 
| 273|0x00000000d1100000, 0x00000000d1200000, 0x00000000d1200000|100%| O|  |TAMS 0x00000000d1200000, 0x00000000d1200000| Untracked 
| 274|0x00000000d1200000, 0x00000000d1300000, 0x00000000d1300000|100%| O|  |TAMS 0x00000000d1300000, 0x00000000d1300000| Untracked 
| 275|0x00000000d1300000, 0x00000000d1400000, 0x00000000d1400000|100%| O|  |TAMS 0x00000000d1400000, 0x00000000d1400000| Untracked 
| 276|0x00000000d1400000, 0x00000000d1500000, 0x00000000d1500000|100%| O|  |TAMS 0x00000000d1500000, 0x00000000d1500000| Untracked 
| 277|0x00000000d1500000, 0x00000000d1600000, 0x00000000d1600000|100%| O|  |TAMS 0x00000000d1600000, 0x00000000d1600000| Untracked 
| 278|0x00000000d1600000, 0x00000000d1700000, 0x00000000d1700000|100%| O|  |TAMS 0x00000000d1700000, 0x00000000d1700000| Untracked 
| 279|0x00000000d1700000, 0x00000000d1800000, 0x00000000d1800000|100%| O|  |TAMS 0x00000000d1800000, 0x00000000d1800000| Untracked 
| 280|0x00000000d1800000, 0x00000000d1900000, 0x00000000d1900000|100%| O|  |TAMS 0x00000000d1900000, 0x00000000d1900000| Untracked 
| 281|0x00000000d1900000, 0x00000000d1a00000, 0x00000000d1a00000|100%| O|  |TAMS 0x00000000d1a00000, 0x00000000d1a00000| Untracked 
| 282|0x00000000d1a00000, 0x00000000d1b00000, 0x00000000d1b00000|100%| O|  |TAMS 0x00000000d1b00000, 0x00000000d1b00000| Untracked 
| 283|0x00000000d1b00000, 0x00000000d1c00000, 0x00000000d1c00000|100%| O|  |TAMS 0x00000000d1c00000, 0x00000000d1c00000| Untracked 
| 284|0x00000000d1c00000, 0x00000000d1d00000, 0x00000000d1d00000|100%| O|  |TAMS 0x00000000d1d00000, 0x00000000d1d00000| Untracked 
| 285|0x00000000d1d00000, 0x00000000d1e00000, 0x00000000d1e00000|100%| O|  |TAMS 0x00000000d1e00000, 0x00000000d1e00000| Untracked 
| 286|0x00000000d1e00000, 0x00000000d1f00000, 0x00000000d1f00000|100%| O|  |TAMS 0x00000000d1f00000, 0x00000000d1f00000| Untracked 
| 287|0x00000000d1f00000, 0x00000000d2000000, 0x00000000d2000000|100%| O|  |TAMS 0x00000000d2000000, 0x00000000d2000000| Untracked 
| 288|0x00000000d2000000, 0x00000000d2100000, 0x00000000d2100000|100%| O|  |TAMS 0x00000000d2100000, 0x00000000d2100000| Untracked 
| 289|0x00000000d2100000, 0x00000000d2200000, 0x00000000d2200000|100%| O|  |TAMS 0x00000000d2200000, 0x00000000d2200000| Untracked 
| 290|0x00000000d2200000, 0x00000000d2300000, 0x00000000d2300000|100%| O|  |TAMS 0x00000000d2300000, 0x00000000d2300000| Untracked 
| 291|0x00000000d2300000, 0x00000000d2400000, 0x00000000d2400000|100%| O|  |TAMS 0x00000000d2400000, 0x00000000d2400000| Untracked 
| 292|0x00000000d2400000, 0x00000000d2500000, 0x00000000d2500000|100%| O|  |TAMS 0x00000000d2500000, 0x00000000d2500000| Untracked 
| 293|0x00000000d2500000, 0x00000000d2600000, 0x00000000d2600000|100%| O|  |TAMS 0x00000000d2600000, 0x00000000d2600000| Untracked 
| 294|0x00000000d2600000, 0x00000000d2700000, 0x00000000d2700000|100%| O|  |TAMS 0x00000000d2700000, 0x00000000d2700000| Untracked 
| 295|0x00000000d2700000, 0x00000000d2800000, 0x00000000d2800000|100%| O|  |TAMS 0x00000000d2800000, 0x00000000d2800000| Untracked 
| 296|0x00000000d2800000, 0x00000000d2900000, 0x00000000d2900000|100%| O|  |TAMS 0x00000000d2900000, 0x00000000d2900000| Untracked 
| 297|0x00000000d2900000, 0x00000000d2a00000, 0x00000000d2a00000|100%| O|  |TAMS 0x00000000d2a00000, 0x00000000d2a00000| Untracked 
| 298|0x00000000d2a00000, 0x00000000d2b00000, 0x00000000d2b00000|100%| O|  |TAMS 0x00000000d2b00000, 0x00000000d2b00000| Untracked 
| 299|0x00000000d2b00000, 0x00000000d2c00000, 0x00000000d2c00000|100%| O|  |TAMS 0x00000000d2c00000, 0x00000000d2c00000| Untracked 
| 300|0x00000000d2c00000, 0x00000000d2d00000, 0x00000000d2d00000|100%| O|  |TAMS 0x00000000d2d00000, 0x00000000d2d00000| Untracked 
| 301|0x00000000d2d00000, 0x00000000d2e00000, 0x00000000d2e00000|100%| O|  |TAMS 0x00000000d2d00000, 0x00000000d2d00000| Untracked 
| 302|0x00000000d2e00000, 0x00000000d2f00000, 0x00000000d2f00000|100%| O|  |TAMS 0x00000000d2e00000, 0x00000000d2e00000| Untracked 
| 303|0x00000000d2f00000, 0x00000000d3000000, 0x00000000d3000000|100%| O|  |TAMS 0x00000000d3000000, 0x00000000d3000000| Untracked 
| 304|0x00000000d3000000, 0x00000000d3100000, 0x00000000d3100000|100%| O|  |TAMS 0x00000000d3100000, 0x00000000d3100000| Untracked 
| 305|0x00000000d3100000, 0x00000000d3200000, 0x00000000d3200000|100%| O|  |TAMS 0x00000000d3200000, 0x00000000d3200000| Untracked 
| 306|0x00000000d3200000, 0x00000000d3300000, 0x00000000d3300000|100%| O|  |TAMS 0x00000000d3300000, 0x00000000d3300000| Untracked 
| 307|0x00000000d3300000, 0x00000000d3400000, 0x00000000d3400000|100%| O|  |TAMS 0x00000000d3400000, 0x00000000d3400000| Untracked 
| 308|0x00000000d3400000, 0x00000000d3500000, 0x00000000d3500000|100%| O|  |TAMS 0x00000000d3500000, 0x00000000d3500000| Untracked 
| 309|0x00000000d3500000, 0x00000000d3600000, 0x00000000d3600000|100%| O|  |TAMS 0x00000000d3600000, 0x00000000d3600000| Untracked 
| 310|0x00000000d3600000, 0x00000000d3700000, 0x00000000d3700000|100%| O|  |TAMS 0x00000000d3700000, 0x00000000d3700000| Untracked 
| 311|0x00000000d3700000, 0x00000000d3800000, 0x00000000d3800000|100%| O|  |TAMS 0x00000000d3800000, 0x00000000d3800000| Untracked 
| 312|0x00000000d3800000, 0x00000000d3900000, 0x00000000d3900000|100%| O|  |TAMS 0x00000000d3900000, 0x00000000d3900000| Untracked 
| 313|0x00000000d3900000, 0x00000000d3a00000, 0x00000000d3a00000|100%| O|  |TAMS 0x00000000d3a00000, 0x00000000d3a00000| Untracked 
| 314|0x00000000d3a00000, 0x00000000d3b00000, 0x00000000d3b00000|100%| O|  |TAMS 0x00000000d3b00000, 0x00000000d3b00000| Untracked 
| 315|0x00000000d3b00000, 0x00000000d3c00000, 0x00000000d3c00000|100%| O|  |TAMS 0x00000000d3c00000, 0x00000000d3c00000| Untracked 
| 316|0x00000000d3c00000, 0x00000000d3d00000, 0x00000000d3d00000|100%| O|  |TAMS 0x00000000d3d00000, 0x00000000d3d00000| Untracked 
| 317|0x00000000d3d00000, 0x00000000d3e00000, 0x00000000d3e00000|100%| O|  |TAMS 0x00000000d3e00000, 0x00000000d3e00000| Untracked 
| 318|0x00000000d3e00000, 0x00000000d3f00000, 0x00000000d3f00000|100%| O|  |TAMS 0x00000000d3f00000, 0x00000000d3f00000| Untracked 
| 319|0x00000000d3f00000, 0x00000000d4000000, 0x00000000d4000000|100%| O|  |TAMS 0x00000000d4000000, 0x00000000d4000000| Untracked 
| 320|0x00000000d4000000, 0x00000000d4100000, 0x00000000d4100000|100%| O|  |TAMS 0x00000000d4100000, 0x00000000d4100000| Untracked 
| 321|0x00000000d4100000, 0x00000000d4200000, 0x00000000d4200000|100%| O|  |TAMS 0x00000000d4200000, 0x00000000d4200000| Untracked 
| 322|0x00000000d4200000, 0x00000000d4300000, 0x00000000d4300000|100%| O|  |TAMS 0x00000000d4200000, 0x00000000d4200000| Untracked 
| 323|0x00000000d4300000, 0x00000000d4400000, 0x00000000d4400000|100%| O|  |TAMS 0x00000000d4300000, 0x00000000d4400000| Untracked 
| 324|0x00000000d4400000, 0x00000000d4500000, 0x00000000d4500000|100%| O|  |TAMS 0x00000000d4400000, 0x00000000d4500000| Untracked 
| 325|0x00000000d4500000, 0x00000000d4600000, 0x00000000d4600000|100%| O|  |TAMS 0x00000000d4500000, 0x00000000d4600000| Untracked 
| 326|0x00000000d4600000, 0x00000000d4700000, 0x00000000d4700000|100%| O|  |TAMS 0x00000000d4600000, 0x00000000d4700000| Untracked 
| 327|0x00000000d4700000, 0x00000000d4800000, 0x00000000d4800000|100%| O|  |TAMS 0x00000000d4700000, 0x00000000d4800000| Untracked 
| 328|0x00000000d4800000, 0x00000000d4900000, 0x00000000d4900000|100%| O|  |TAMS 0x00000000d4800000, 0x00000000d4900000| Untracked 
| 329|0x00000000d4900000, 0x00000000d4a00000, 0x00000000d4a00000|100%| O|  |TAMS 0x00000000d4900000, 0x00000000d4a00000| Untracked 
| 330|0x00000000d4a00000, 0x00000000d4b00000, 0x00000000d4b00000|100%| O|  |TAMS 0x00000000d4a00000, 0x00000000d4b00000| Untracked 
| 331|0x00000000d4b00000, 0x00000000d4c00000, 0x00000000d4c00000|100%| O|  |TAMS 0x00000000d4b00000, 0x00000000d4c00000| Untracked 
| 332|0x00000000d4c00000, 0x00000000d4d00000, 0x00000000d4d00000|100%| O|  |TAMS 0x00000000d4c00000, 0x00000000d4d00000| Untracked 
| 333|0x00000000d4d00000, 0x00000000d4e00000, 0x00000000d4e00000|100%| O|  |TAMS 0x00000000d4d00000, 0x00000000d4e00000| Untracked 
| 334|0x00000000d4e00000, 0x00000000d4f00000, 0x00000000d4f00000|100%| O|  |TAMS 0x00000000d4e00000, 0x00000000d4f00000| Untracked 
| 335|0x00000000d4f00000, 0x00000000d5000000, 0x00000000d5000000|100%| O|  |TAMS 0x00000000d4f00000, 0x00000000d5000000| Untracked 
| 336|0x00000000d5000000, 0x00000000d5100000, 0x00000000d5100000|100%| O|  |TAMS 0x00000000d5000000, 0x00000000d5100000| Untracked 
| 337|0x00000000d5100000, 0x00000000d5200000, 0x00000000d5200000|100%| O|  |TAMS 0x00000000d5100000, 0x00000000d5200000| Untracked 
| 338|0x00000000d5200000, 0x00000000d5300000, 0x00000000d5300000|100%| O|  |TAMS 0x00000000d5200000, 0x00000000d5300000| Untracked 
| 339|0x00000000d5300000, 0x00000000d5400000, 0x00000000d5400000|100%| O|  |TAMS 0x00000000d5300000, 0x00000000d5400000| Untracked 
| 340|0x00000000d5400000, 0x00000000d5500000, 0x00000000d5500000|100%| O|  |TAMS 0x00000000d5400000, 0x00000000d5500000| Untracked 
| 341|0x00000000d5500000, 0x00000000d5600000, 0x00000000d5600000|100%| O|  |TAMS 0x00000000d5500000, 0x00000000d5600000| Untracked 
| 342|0x00000000d5600000, 0x00000000d5700000, 0x00000000d5700000|100%| O|  |TAMS 0x00000000d5600000, 0x00000000d5700000| Untracked 
| 343|0x00000000d5700000, 0x00000000d5800000, 0x00000000d5800000|100%| O|  |TAMS 0x00000000d5700000, 0x00000000d5800000| Untracked 
| 344|0x00000000d5800000, 0x00000000d5900000, 0x00000000d5900000|100%| O|  |TAMS 0x00000000d5800000, 0x00000000d5900000| Untracked 
| 345|0x00000000d5900000, 0x00000000d5a00000, 0x00000000d5a00000|100%| O|  |TAMS 0x00000000d5900000, 0x00000000d5a00000| Untracked 
| 346|0x00000000d5a00000, 0x00000000d5b00000, 0x00000000d5b00000|100%| O|  |TAMS 0x00000000d5a00000, 0x00000000d5b00000| Untracked 
| 347|0x00000000d5b00000, 0x00000000d5c00000, 0x00000000d5c00000|100%| O|  |TAMS 0x00000000d5b00000, 0x00000000d5c00000| Untracked 
| 348|0x00000000d5c00000, 0x00000000d5d00000, 0x00000000d5d00000|100%| O|  |TAMS 0x00000000d5c00000, 0x00000000d5d00000| Untracked 
| 349|0x00000000d5d00000, 0x00000000d5e00000, 0x00000000d5e00000|100%| O|  |TAMS 0x00000000d5d00000, 0x00000000d5e00000| Untracked 
| 350|0x00000000d5e00000, 0x00000000d5f00000, 0x00000000d5f00000|100%| O|  |TAMS 0x00000000d5e00000, 0x00000000d5f00000| Untracked 
| 351|0x00000000d5f00000, 0x00000000d6000000, 0x00000000d6000000|100%| O|  |TAMS 0x00000000d5f00000, 0x00000000d6000000| Untracked 
| 352|0x00000000d6000000, 0x00000000d6100000, 0x00000000d6100000|100%| O|  |TAMS 0x00000000d6000000, 0x00000000d6100000| Untracked 
| 353|0x00000000d6100000, 0x00000000d6200000, 0x00000000d6200000|100%| O|  |TAMS 0x00000000d6100000, 0x00000000d6200000| Untracked 
| 354|0x00000000d6200000, 0x00000000d6300000, 0x00000000d6300000|100%| O|  |TAMS 0x00000000d6200000, 0x00000000d6300000| Untracked 
| 355|0x00000000d6300000, 0x00000000d6400000, 0x00000000d6400000|100%| O|  |TAMS 0x00000000d6300000, 0x00000000d6400000| Untracked 
| 356|0x00000000d6400000, 0x00000000d6500000, 0x00000000d6500000|100%| O|  |TAMS 0x00000000d6400000, 0x00000000d6500000| Untracked 
| 357|0x00000000d6500000, 0x00000000d6600000, 0x00000000d6600000|100%| O|  |TAMS 0x00000000d6500000, 0x00000000d6600000| Untracked 
| 358|0x00000000d6600000, 0x00000000d6700000, 0x00000000d6700000|100%| O|  |TAMS 0x00000000d6600000, 0x00000000d6700000| Untracked 
| 359|0x00000000d6700000, 0x00000000d6800000, 0x00000000d6800000|100%| O|  |TAMS 0x00000000d6700000, 0x00000000d6800000| Untracked 
| 360|0x00000000d6800000, 0x00000000d6900000, 0x00000000d6900000|100%| O|  |TAMS 0x00000000d6800000, 0x00000000d6900000| Untracked 
| 361|0x00000000d6900000, 0x00000000d6a00000, 0x00000000d6a00000|100%| O|  |TAMS 0x00000000d6900000, 0x00000000d6a00000| Untracked 
| 362|0x00000000d6a00000, 0x00000000d6b00000, 0x00000000d6b00000|100%| O|  |TAMS 0x00000000d6a00000, 0x00000000d6b00000| Untracked 
| 363|0x00000000d6b00000, 0x00000000d6c00000, 0x00000000d6c00000|100%| O|  |TAMS 0x00000000d6b00000, 0x00000000d6c00000| Untracked 
| 364|0x00000000d6c00000, 0x00000000d6d00000, 0x00000000d6d00000|100%| O|  |TAMS 0x00000000d6c00000, 0x00000000d6d00000| Untracked 
| 365|0x00000000d6d00000, 0x00000000d6e00000, 0x00000000d6e00000|100%| O|  |TAMS 0x00000000d6d00000, 0x00000000d6e00000| Untracked 
| 366|0x00000000d6e00000, 0x00000000d6f00000, 0x00000000d6f00000|100%| O|  |TAMS 0x00000000d6e00000, 0x00000000d6f00000| Untracked 
| 367|0x00000000d6f00000, 0x00000000d7000000, 0x00000000d7000000|100%| O|  |TAMS 0x00000000d6f00000, 0x00000000d7000000| Untracked 
| 368|0x00000000d7000000, 0x00000000d7100000, 0x00000000d7100000|100%| O|  |TAMS 0x00000000d7000000, 0x00000000d70a9200| Untracked 
| 369|0x00000000d7100000, 0x00000000d7200000, 0x00000000d7200000|100%| O|  |TAMS 0x00000000d7100000, 0x00000000d7100000| Untracked 
| 370|0x00000000d7200000, 0x00000000d7300000, 0x00000000d7300000|100%| O|  |TAMS 0x00000000d7200000, 0x00000000d7200000| Untracked 
| 371|0x00000000d7300000, 0x00000000d7400000, 0x00000000d7400000|100%| O|  |TAMS 0x00000000d7300000, 0x00000000d7300000| Untracked 
| 372|0x00000000d7400000, 0x00000000d7500000, 0x00000000d7500000|100%| O|  |TAMS 0x00000000d7400000, 0x00000000d7400000| Untracked 
| 373|0x00000000d7500000, 0x00000000d7600000, 0x00000000d7600000|100%| O|  |TAMS 0x00000000d7500000, 0x00000000d7500000| Untracked 
| 374|0x00000000d7600000, 0x00000000d7700000, 0x00000000d7700000|100%| O|  |TAMS 0x00000000d7600000, 0x00000000d7600000| Untracked 
| 375|0x00000000d7700000, 0x00000000d7800000, 0x00000000d7800000|100%| O|  |TAMS 0x00000000d7700000, 0x00000000d7700000| Untracked 
| 376|0x00000000d7800000, 0x00000000d7900000, 0x00000000d7900000|100%| O|  |TAMS 0x00000000d7800000, 0x00000000d7800000| Untracked 
| 377|0x00000000d7900000, 0x00000000d798f600, 0x00000000d7a00000| 56%| O|  |TAMS 0x00000000d7900000, 0x00000000d7900000| Untracked 
| 378|0x00000000d7a00000, 0x00000000d7a00000, 0x00000000d7b00000|  0%| F|  |TAMS 0x00000000d7a00000, 0x00000000d7a00000| Untracked 
| 379|0x00000000d7b00000, 0x00000000d7b00000, 0x00000000d7c00000|  0%| F|  |TAMS 0x00000000d7b00000, 0x00000000d7b00000| Untracked 
| 380|0x00000000d7c00000, 0x00000000d7c00000, 0x00000000d7d00000|  0%| F|  |TAMS 0x00000000d7c00000, 0x00000000d7c00000| Untracked 
| 381|0x00000000d7d00000, 0x00000000d7d00000, 0x00000000d7e00000|  0%| F|  |TAMS 0x00000000d7d00000, 0x00000000d7d00000| Untracked 
| 382|0x00000000d7e00000, 0x00000000d7e00000, 0x00000000d7f00000|  0%| F|  |TAMS 0x00000000d7e00000, 0x00000000d7e00000| Untracked 
| 383|0x00000000d7f00000, 0x00000000d7f00000, 0x00000000d8000000|  0%| F|  |TAMS 0x00000000d7f00000, 0x00000000d7f00000| Untracked 
| 384|0x00000000d8000000, 0x00000000d8000000, 0x00000000d8100000|  0%| F|  |TAMS 0x00000000d8000000, 0x00000000d8000000| Untracked 
| 385|0x00000000d8100000, 0x00000000d8100000, 0x00000000d8200000|  0%| F|  |TAMS 0x00000000d8100000, 0x00000000d8100000| Untracked 
| 386|0x00000000d8200000, 0x00000000d8200000, 0x00000000d8300000|  0%| F|  |TAMS 0x00000000d8200000, 0x00000000d8200000| Untracked 
| 387|0x00000000d8300000, 0x00000000d8300000, 0x00000000d8400000|  0%| F|  |TAMS 0x00000000d8300000, 0x00000000d8300000| Untracked 
| 388|0x00000000d8400000, 0x00000000d8400000, 0x00000000d8500000|  0%| F|  |TAMS 0x00000000d8400000, 0x00000000d8400000| Untracked 
| 389|0x00000000d8500000, 0x00000000d8500000, 0x00000000d8600000|  0%| F|  |TAMS 0x00000000d8500000, 0x00000000d8500000| Untracked 
| 390|0x00000000d8600000, 0x00000000d8600000, 0x00000000d8700000|  0%| F|  |TAMS 0x00000000d8600000, 0x00000000d8600000| Untracked 
| 391|0x00000000d8700000, 0x00000000d8700000, 0x00000000d8800000|  0%| F|  |TAMS 0x00000000d8700000, 0x00000000d8700000| Untracked 
| 392|0x00000000d8800000, 0x00000000d8800000, 0x00000000d8900000|  0%| F|  |TAMS 0x00000000d8800000, 0x00000000d8800000| Untracked 
| 393|0x00000000d8900000, 0x00000000d8900000, 0x00000000d8a00000|  0%| F|  |TAMS 0x00000000d8900000, 0x00000000d8900000| Untracked 
| 394|0x00000000d8a00000, 0x00000000d8a00000, 0x00000000d8b00000|  0%| F|  |TAMS 0x00000000d8a00000, 0x00000000d8a00000| Untracked 
| 395|0x00000000d8b00000, 0x00000000d8b00000, 0x00000000d8c00000|  0%| F|  |TAMS 0x00000000d8b00000, 0x00000000d8b00000| Untracked 
| 396|0x00000000d8c00000, 0x00000000d8c00000, 0x00000000d8d00000|  0%| F|  |TAMS 0x00000000d8c00000, 0x00000000d8c00000| Untracked 
| 397|0x00000000d8d00000, 0x00000000d8d00000, 0x00000000d8e00000|  0%| F|  |TAMS 0x00000000d8d00000, 0x00000000d8d00000| Untracked 
| 398|0x00000000d8e00000, 0x00000000d8e00000, 0x00000000d8f00000|  0%| F|  |TAMS 0x00000000d8e00000, 0x00000000d8e00000| Untracked 
| 399|0x00000000d8f00000, 0x00000000d8f00000, 0x00000000d9000000|  0%| F|  |TAMS 0x00000000d8f00000, 0x00000000d8f00000| Untracked 
| 400|0x00000000d9000000, 0x00000000d9000000, 0x00000000d9100000|  0%| F|  |TAMS 0x00000000d9000000, 0x00000000d9000000| Untracked 
| 401|0x00000000d9100000, 0x00000000d9100000, 0x00000000d9200000|  0%| F|  |TAMS 0x00000000d9100000, 0x00000000d9100000| Untracked 
| 402|0x00000000d9200000, 0x00000000d9200000, 0x00000000d9300000|  0%| F|  |TAMS 0x00000000d9200000, 0x00000000d9200000| Untracked 
| 403|0x00000000d9300000, 0x00000000d9300000, 0x00000000d9400000|  0%| F|  |TAMS 0x00000000d9300000, 0x00000000d9300000| Untracked 
| 404|0x00000000d9400000, 0x00000000d9400000, 0x00000000d9500000|  0%| F|  |TAMS 0x00000000d9400000, 0x00000000d9400000| Untracked 
| 405|0x00000000d9500000, 0x00000000d9500000, 0x00000000d9600000|  0%| F|  |TAMS 0x00000000d9500000, 0x00000000d9500000| Untracked 
| 406|0x00000000d9600000, 0x00000000d9600000, 0x00000000d9700000|  0%| F|  |TAMS 0x00000000d9600000, 0x00000000d9600000| Untracked 
| 407|0x00000000d9700000, 0x00000000d9700000, 0x00000000d9800000|  0%| F|  |TAMS 0x00000000d9700000, 0x00000000d9700000| Untracked 
| 408|0x00000000d9800000, 0x00000000d9800000, 0x00000000d9900000|  0%| F|  |TAMS 0x00000000d9800000, 0x00000000d9800000| Untracked 
| 409|0x00000000d9900000, 0x00000000d9900000, 0x00000000d9a00000|  0%| F|  |TAMS 0x00000000d9900000, 0x00000000d9900000| Untracked 
| 410|0x00000000d9a00000, 0x00000000d9a00000, 0x00000000d9b00000|  0%| F|  |TAMS 0x00000000d9a00000, 0x00000000d9a00000| Untracked 
| 411|0x00000000d9b00000, 0x00000000d9b00000, 0x00000000d9c00000|  0%| F|  |TAMS 0x00000000d9b00000, 0x00000000d9b00000| Untracked 
| 412|0x00000000d9c00000, 0x00000000d9c00000, 0x00000000d9d00000|  0%| F|  |TAMS 0x00000000d9c00000, 0x00000000d9c00000| Untracked 
| 413|0x00000000d9d00000, 0x00000000d9d00000, 0x00000000d9e00000|  0%| F|  |TAMS 0x00000000d9d00000, 0x00000000d9d00000| Untracked 
| 414|0x00000000d9e00000, 0x00000000d9e00000, 0x00000000d9f00000|  0%| F|  |TAMS 0x00000000d9e00000, 0x00000000d9e00000| Untracked 
| 415|0x00000000d9f00000, 0x00000000d9f00000, 0x00000000da000000|  0%| F|  |TAMS 0x00000000d9f00000, 0x00000000d9f00000| Untracked 
| 416|0x00000000da000000, 0x00000000da000000, 0x00000000da100000|  0%| F|  |TAMS 0x00000000da000000, 0x00000000da000000| Untracked 
| 417|0x00000000da100000, 0x00000000da100000, 0x00000000da200000|  0%| F|  |TAMS 0x00000000da100000, 0x00000000da100000| Untracked 
| 418|0x00000000da200000, 0x00000000da200000, 0x00000000da300000|  0%| F|  |TAMS 0x00000000da200000, 0x00000000da200000| Untracked 
| 419|0x00000000da300000, 0x00000000da300000, 0x00000000da400000|  0%| F|  |TAMS 0x00000000da300000, 0x00000000da300000| Untracked 
| 420|0x00000000da400000, 0x00000000da400000, 0x00000000da500000|  0%| F|  |TAMS 0x00000000da400000, 0x00000000da400000| Untracked 
| 421|0x00000000da500000, 0x00000000da500000, 0x00000000da600000|  0%| F|  |TAMS 0x00000000da500000, 0x00000000da500000| Untracked 
| 422|0x00000000da600000, 0x00000000da600000, 0x00000000da700000|  0%| F|  |TAMS 0x00000000da600000, 0x00000000da600000| Untracked 
| 423|0x00000000da700000, 0x00000000da700000, 0x00000000da800000|  0%| F|  |TAMS 0x00000000da700000, 0x00000000da700000| Untracked 
| 424|0x00000000da800000, 0x00000000da800000, 0x00000000da900000|  0%| F|  |TAMS 0x00000000da800000, 0x00000000da800000| Untracked 
| 425|0x00000000da900000, 0x00000000da900000, 0x00000000daa00000|  0%| F|  |TAMS 0x00000000da900000, 0x00000000da900000| Untracked 
| 426|0x00000000daa00000, 0x00000000daa00000, 0x00000000dab00000|  0%| F|  |TAMS 0x00000000daa00000, 0x00000000daa00000| Untracked 
| 427|0x00000000dab00000, 0x00000000dab00000, 0x00000000dac00000|  0%| F|  |TAMS 0x00000000dab00000, 0x00000000dab00000| Untracked 
| 428|0x00000000dac00000, 0x00000000dac00000, 0x00000000dad00000|  0%| F|  |TAMS 0x00000000dac00000, 0x00000000dac00000| Untracked 
| 429|0x00000000dad00000, 0x00000000dad00000, 0x00000000dae00000|  0%| F|  |TAMS 0x00000000dad00000, 0x00000000dad00000| Untracked 
| 430|0x00000000dae00000, 0x00000000dae00000, 0x00000000daf00000|  0%| F|  |TAMS 0x00000000dae00000, 0x00000000dae00000| Untracked 
| 431|0x00000000daf00000, 0x00000000daf00000, 0x00000000db000000|  0%| F|  |TAMS 0x00000000daf00000, 0x00000000daf00000| Untracked 
| 432|0x00000000db000000, 0x00000000db000000, 0x00000000db100000|  0%| F|  |TAMS 0x00000000db000000, 0x00000000db000000| Untracked 
| 433|0x00000000db100000, 0x00000000db100000, 0x00000000db200000|  0%| F|  |TAMS 0x00000000db100000, 0x00000000db100000| Untracked 
| 434|0x00000000db200000, 0x00000000db200000, 0x00000000db300000|  0%| F|  |TAMS 0x00000000db200000, 0x00000000db200000| Untracked 
| 435|0x00000000db300000, 0x00000000db300000, 0x00000000db400000|  0%| F|  |TAMS 0x00000000db300000, 0x00000000db300000| Untracked 
| 436|0x00000000db400000, 0x00000000db400000, 0x00000000db500000|  0%| F|  |TAMS 0x00000000db400000, 0x00000000db400000| Untracked 
| 437|0x00000000db500000, 0x00000000db500000, 0x00000000db600000|  0%| F|  |TAMS 0x00000000db500000, 0x00000000db500000| Untracked 
| 438|0x00000000db600000, 0x00000000db600000, 0x00000000db700000|  0%| F|  |TAMS 0x00000000db600000, 0x00000000db600000| Untracked 
| 439|0x00000000db700000, 0x00000000db700000, 0x00000000db800000|  0%| F|  |TAMS 0x00000000db700000, 0x00000000db700000| Untracked 
| 440|0x00000000db800000, 0x00000000db800000, 0x00000000db900000|  0%| F|  |TAMS 0x00000000db800000, 0x00000000db800000| Untracked 
| 441|0x00000000db900000, 0x00000000db900000, 0x00000000dba00000|  0%| F|  |TAMS 0x00000000db900000, 0x00000000db900000| Untracked 
| 442|0x00000000dba00000, 0x00000000dba00000, 0x00000000dbb00000|  0%| F|  |TAMS 0x00000000dba00000, 0x00000000dba00000| Untracked 
| 443|0x00000000dbb00000, 0x00000000dbb00000, 0x00000000dbc00000|  0%| F|  |TAMS 0x00000000dbb00000, 0x00000000dbb00000| Untracked 
| 444|0x00000000dbc00000, 0x00000000dbc00000, 0x00000000dbd00000|  0%| F|  |TAMS 0x00000000dbc00000, 0x00000000dbc00000| Untracked 
| 445|0x00000000dbd00000, 0x00000000dbd00000, 0x00000000dbe00000|  0%| F|  |TAMS 0x00000000dbd00000, 0x00000000dbd00000| Untracked 
| 446|0x00000000dbe00000, 0x00000000dbe00000, 0x00000000dbf00000|  0%| F|  |TAMS 0x00000000dbe00000, 0x00000000dbe00000| Untracked 
| 447|0x00000000dbf00000, 0x00000000dbf00000, 0x00000000dc000000|  0%| F|  |TAMS 0x00000000dbf00000, 0x00000000dbf00000| Untracked 
| 448|0x00000000dc000000, 0x00000000dc000000, 0x00000000dc100000|  0%| F|  |TAMS 0x00000000dc000000, 0x00000000dc000000| Untracked 
| 449|0x00000000dc100000, 0x00000000dc100000, 0x00000000dc200000|  0%| F|  |TAMS 0x00000000dc100000, 0x00000000dc100000| Untracked 
| 450|0x00000000dc200000, 0x00000000dc200000, 0x00000000dc300000|  0%| F|  |TAMS 0x00000000dc200000, 0x00000000dc200000| Untracked 
| 451|0x00000000dc300000, 0x00000000dc300000, 0x00000000dc400000|  0%| F|  |TAMS 0x00000000dc300000, 0x00000000dc300000| Untracked 
| 452|0x00000000dc400000, 0x00000000dc400000, 0x00000000dc500000|  0%| F|  |TAMS 0x00000000dc400000, 0x00000000dc400000| Untracked 
| 453|0x00000000dc500000, 0x00000000dc500000, 0x00000000dc600000|  0%| F|  |TAMS 0x00000000dc500000, 0x00000000dc500000| Untracked 
| 454|0x00000000dc600000, 0x00000000dc600000, 0x00000000dc700000|  0%| F|  |TAMS 0x00000000dc600000, 0x00000000dc600000| Untracked 
| 455|0x00000000dc700000, 0x00000000dc700000, 0x00000000dc800000|  0%| F|  |TAMS 0x00000000dc700000, 0x00000000dc700000| Untracked 
| 456|0x00000000dc800000, 0x00000000dc800000, 0x00000000dc900000|  0%| F|  |TAMS 0x00000000dc800000, 0x00000000dc800000| Untracked 
| 457|0x00000000dc900000, 0x00000000dc900000, 0x00000000dca00000|  0%| F|  |TAMS 0x00000000dc900000, 0x00000000dc900000| Untracked 
| 458|0x00000000dca00000, 0x00000000dca00000, 0x00000000dcb00000|  0%| F|  |TAMS 0x00000000dca00000, 0x00000000dca00000| Untracked 
| 459|0x00000000dcb00000, 0x00000000dcb00000, 0x00000000dcc00000|  0%| F|  |TAMS 0x00000000dcb00000, 0x00000000dcb00000| Untracked 
| 460|0x00000000dcc00000, 0x00000000dcc00000, 0x00000000dcd00000|  0%| F|  |TAMS 0x00000000dcc00000, 0x00000000dcc00000| Untracked 
| 461|0x00000000dcd00000, 0x00000000dcd00000, 0x00000000dce00000|  0%| F|  |TAMS 0x00000000dcd00000, 0x00000000dcd00000| Untracked 
| 462|0x00000000dce00000, 0x00000000dce00000, 0x00000000dcf00000|  0%| F|  |TAMS 0x00000000dce00000, 0x00000000dce00000| Untracked 
| 463|0x00000000dcf00000, 0x00000000dcf00000, 0x00000000dd000000|  0%| F|  |TAMS 0x00000000dcf00000, 0x00000000dcf00000| Untracked 
| 464|0x00000000dd000000, 0x00000000dd000000, 0x00000000dd100000|  0%| F|  |TAMS 0x00000000dd000000, 0x00000000dd000000| Untracked 
| 465|0x00000000dd100000, 0x00000000dd100000, 0x00000000dd200000|  0%| F|  |TAMS 0x00000000dd100000, 0x00000000dd100000| Untracked 
| 466|0x00000000dd200000, 0x00000000dd200000, 0x00000000dd300000|  0%| F|  |TAMS 0x00000000dd200000, 0x00000000dd200000| Untracked 
| 467|0x00000000dd300000, 0x00000000dd300000, 0x00000000dd400000|  0%| F|  |TAMS 0x00000000dd300000, 0x00000000dd300000| Untracked 
| 468|0x00000000dd400000, 0x00000000dd400000, 0x00000000dd500000|  0%| F|  |TAMS 0x00000000dd400000, 0x00000000dd400000| Untracked 
| 469|0x00000000dd500000, 0x00000000dd500000, 0x00000000dd600000|  0%| F|  |TAMS 0x00000000dd500000, 0x00000000dd500000| Untracked 
| 470|0x00000000dd600000, 0x00000000dd600000, 0x00000000dd700000|  0%| F|  |TAMS 0x00000000dd600000, 0x00000000dd600000| Untracked 
| 471|0x00000000dd700000, 0x00000000dd700000, 0x00000000dd800000|  0%| F|  |TAMS 0x00000000dd700000, 0x00000000dd700000| Untracked 
| 472|0x00000000dd800000, 0x00000000dd800000, 0x00000000dd900000|  0%| F|  |TAMS 0x00000000dd800000, 0x00000000dd800000| Untracked 
| 473|0x00000000dd900000, 0x00000000dd900000, 0x00000000dda00000|  0%| F|  |TAMS 0x00000000dd900000, 0x00000000dd900000| Untracked 
| 474|0x00000000dda00000, 0x00000000dda00000, 0x00000000ddb00000|  0%| F|  |TAMS 0x00000000dda00000, 0x00000000dda00000| Untracked 
| 475|0x00000000ddb00000, 0x00000000ddb00000, 0x00000000ddc00000|  0%| F|  |TAMS 0x00000000ddb00000, 0x00000000ddb00000| Untracked 
| 476|0x00000000ddc00000, 0x00000000ddc00000, 0x00000000ddd00000|  0%| F|  |TAMS 0x00000000ddc00000, 0x00000000ddc00000| Untracked 
| 477|0x00000000ddd00000, 0x00000000ddd00000, 0x00000000dde00000|  0%| F|  |TAMS 0x00000000ddd00000, 0x00000000ddd00000| Untracked 
| 478|0x00000000dde00000, 0x00000000dde00000, 0x00000000ddf00000|  0%| F|  |TAMS 0x00000000dde00000, 0x00000000dde00000| Untracked 
| 479|0x00000000ddf00000, 0x00000000ddf00000, 0x00000000de000000|  0%| F|  |TAMS 0x00000000ddf00000, 0x00000000ddf00000| Untracked 
| 480|0x00000000de000000, 0x00000000de000000, 0x00000000de100000|  0%| F|  |TAMS 0x00000000de000000, 0x00000000de000000| Untracked 
| 481|0x00000000de100000, 0x00000000de100000, 0x00000000de200000|  0%| F|  |TAMS 0x00000000de100000, 0x00000000de100000| Untracked 
| 482|0x00000000de200000, 0x00000000de200000, 0x00000000de300000|  0%| F|  |TAMS 0x00000000de200000, 0x00000000de200000| Untracked 
| 483|0x00000000de300000, 0x00000000de300000, 0x00000000de400000|  0%| F|  |TAMS 0x00000000de300000, 0x00000000de300000| Untracked 
| 484|0x00000000de400000, 0x00000000de400000, 0x00000000de500000|  0%| F|  |TAMS 0x00000000de400000, 0x00000000de400000| Untracked 
| 485|0x00000000de500000, 0x00000000de600000, 0x00000000de600000|100%| S|CS|TAMS 0x00000000de500000, 0x00000000de500000| Complete 
| 486|0x00000000de600000, 0x00000000de700000, 0x00000000de700000|100%| S|CS|TAMS 0x00000000de600000, 0x00000000de600000| Complete 
| 487|0x00000000de700000, 0x00000000de800000, 0x00000000de800000|100%| S|CS|TAMS 0x00000000de700000, 0x00000000de700000| Complete 
| 488|0x00000000de800000, 0x00000000de900000, 0x00000000de900000|100%| S|CS|TAMS 0x00000000de800000, 0x00000000de800000| Complete 
| 489|0x00000000de900000, 0x00000000dea00000, 0x00000000dea00000|100%| S|CS|TAMS 0x00000000de900000, 0x00000000de900000| Complete 
| 490|0x00000000dea00000, 0x00000000deb00000, 0x00000000deb00000|100%| S|CS|TAMS 0x00000000dea00000, 0x00000000dea00000| Complete 
| 491|0x00000000deb00000, 0x00000000dec00000, 0x00000000dec00000|100%| S|CS|TAMS 0x00000000deb00000, 0x00000000deb00000| Complete 
| 492|0x00000000dec00000, 0x00000000ded00000, 0x00000000ded00000|100%| S|CS|TAMS 0x00000000dec00000, 0x00000000dec00000| Complete 
| 493|0x00000000ded00000, 0x00000000dee00000, 0x00000000dee00000|100%| S|CS|TAMS 0x00000000ded00000, 0x00000000ded00000| Complete 
| 494|0x00000000dee00000, 0x00000000def00000, 0x00000000def00000|100%| S|CS|TAMS 0x00000000dee00000, 0x00000000dee00000| Complete 
| 495|0x00000000def00000, 0x00000000df000000, 0x00000000df000000|100%| S|CS|TAMS 0x00000000def00000, 0x00000000def00000| Complete 
| 496|0x00000000df000000, 0x00000000df100000, 0x00000000df100000|100%| S|CS|TAMS 0x00000000df000000, 0x00000000df000000| Complete 
| 497|0x00000000df100000, 0x00000000df200000, 0x00000000df200000|100%| S|CS|TAMS 0x00000000df100000, 0x00000000df100000| Complete 
| 498|0x00000000df200000, 0x00000000df300000, 0x00000000df300000|100%| S|CS|TAMS 0x00000000df200000, 0x00000000df200000| Complete 
| 499|0x00000000df300000, 0x00000000df400000, 0x00000000df400000|100%| S|CS|TAMS 0x00000000df300000, 0x00000000df300000| Complete 
| 500|0x00000000df400000, 0x00000000df500000, 0x00000000df500000|100%| S|CS|TAMS 0x00000000df400000, 0x00000000df400000| Complete 
| 501|0x00000000df500000, 0x00000000df600000, 0x00000000df600000|100%| S|CS|TAMS 0x00000000df500000, 0x00000000df500000| Complete 
| 502|0x00000000df600000, 0x00000000df700000, 0x00000000df700000|100%| S|CS|TAMS 0x00000000df600000, 0x00000000df600000| Complete 
| 503|0x00000000df700000, 0x00000000df700000, 0x00000000df800000|  0%| F|  |TAMS 0x00000000df700000, 0x00000000df700000| Untracked 
| 504|0x00000000df800000, 0x00000000df800000, 0x00000000df900000|  0%| F|  |TAMS 0x00000000df800000, 0x00000000df800000| Untracked 
| 505|0x00000000df900000, 0x00000000df900000, 0x00000000dfa00000|  0%| F|  |TAMS 0x00000000df900000, 0x00000000df900000| Untracked 
| 506|0x00000000dfa00000, 0x00000000dfa00000, 0x00000000dfb00000|  0%| F|  |TAMS 0x00000000dfa00000, 0x00000000dfa00000| Untracked 
| 507|0x00000000dfb00000, 0x00000000dfb00000, 0x00000000dfc00000|  0%| F|  |TAMS 0x00000000dfb00000, 0x00000000dfb00000| Untracked 
| 508|0x00000000dfc00000, 0x00000000dfc00000, 0x00000000dfd00000|  0%| F|  |TAMS 0x00000000dfc00000, 0x00000000dfc00000| Untracked 
| 509|0x00000000dfd00000, 0x00000000dfd00000, 0x00000000dfe00000|  0%| F|  |TAMS 0x00000000dfd00000, 0x00000000dfd00000| Untracked 
| 510|0x00000000dfe00000, 0x00000000dfe00000, 0x00000000dff00000|  0%| F|  |TAMS 0x00000000dfe00000, 0x00000000dfe00000| Untracked 
| 511|0x00000000dff00000, 0x00000000dff00000, 0x00000000e0000000|  0%| F|  |TAMS 0x00000000dff00000, 0x00000000dff00000| Untracked 
| 512|0x00000000e0000000, 0x00000000e0000000, 0x00000000e0100000|  0%| F|  |TAMS 0x00000000e0000000, 0x00000000e0000000| Untracked 
| 513|0x00000000e0100000, 0x00000000e0100000, 0x00000000e0200000|  0%| F|  |TAMS 0x00000000e0100000, 0x00000000e0100000| Untracked 
| 514|0x00000000e0200000, 0x00000000e0200000, 0x00000000e0300000|  0%| F|  |TAMS 0x00000000e0200000, 0x00000000e0200000| Untracked 
| 515|0x00000000e0300000, 0x00000000e0300000, 0x00000000e0400000|  0%| F|  |TAMS 0x00000000e0300000, 0x00000000e0300000| Untracked 
| 516|0x00000000e0400000, 0x00000000e0400000, 0x00000000e0500000|  0%| F|  |TAMS 0x00000000e0400000, 0x00000000e0400000| Untracked 
| 517|0x00000000e0500000, 0x00000000e0500000, 0x00000000e0600000|  0%| F|  |TAMS 0x00000000e0500000, 0x00000000e0500000| Untracked 
| 518|0x00000000e0600000, 0x00000000e0600000, 0x00000000e0700000|  0%| F|  |TAMS 0x00000000e0600000, 0x00000000e0600000| Untracked 
| 519|0x00000000e0700000, 0x00000000e0700000, 0x00000000e0800000|  0%| F|  |TAMS 0x00000000e0700000, 0x00000000e0700000| Untracked 
| 520|0x00000000e0800000, 0x00000000e0800000, 0x00000000e0900000|  0%| F|  |TAMS 0x00000000e0800000, 0x00000000e0800000| Untracked 
| 521|0x00000000e0900000, 0x00000000e0900000, 0x00000000e0a00000|  0%| F|  |TAMS 0x00000000e0900000, 0x00000000e0900000| Untracked 
| 522|0x00000000e0a00000, 0x00000000e0a00000, 0x00000000e0b00000|  0%| F|  |TAMS 0x00000000e0a00000, 0x00000000e0a00000| Untracked 
| 523|0x00000000e0b00000, 0x00000000e0b00000, 0x00000000e0c00000|  0%| F|  |TAMS 0x00000000e0b00000, 0x00000000e0b00000| Untracked 
| 524|0x00000000e0c00000, 0x00000000e0c00000, 0x00000000e0d00000|  0%| F|  |TAMS 0x00000000e0c00000, 0x00000000e0c00000| Untracked 
| 525|0x00000000e0d00000, 0x00000000e0d00000, 0x00000000e0e00000|  0%| F|  |TAMS 0x00000000e0d00000, 0x00000000e0d00000| Untracked 
| 526|0x00000000e0e00000, 0x00000000e0e00000, 0x00000000e0f00000|  0%| F|  |TAMS 0x00000000e0e00000, 0x00000000e0e00000| Untracked 
| 527|0x00000000e0f00000, 0x00000000e0f00000, 0x00000000e1000000|  0%| F|  |TAMS 0x00000000e0f00000, 0x00000000e0f00000| Untracked 
| 528|0x00000000e1000000, 0x00000000e1000000, 0x00000000e1100000|  0%| F|  |TAMS 0x00000000e1000000, 0x00000000e1000000| Untracked 
| 529|0x00000000e1100000, 0x00000000e1100000, 0x00000000e1200000|  0%| F|  |TAMS 0x00000000e1100000, 0x00000000e1100000| Untracked 
| 530|0x00000000e1200000, 0x00000000e1200000, 0x00000000e1300000|  0%| F|  |TAMS 0x00000000e1200000, 0x00000000e1200000| Untracked 
| 531|0x00000000e1300000, 0x00000000e1300000, 0x00000000e1400000|  0%| F|  |TAMS 0x00000000e1300000, 0x00000000e1300000| Untracked 
| 532|0x00000000e1400000, 0x00000000e1400000, 0x00000000e1500000|  0%| F|  |TAMS 0x00000000e1400000, 0x00000000e1400000| Untracked 
| 533|0x00000000e1500000, 0x00000000e1500000, 0x00000000e1600000|  0%| F|  |TAMS 0x00000000e1500000, 0x00000000e1500000| Untracked 
| 534|0x00000000e1600000, 0x00000000e1600000, 0x00000000e1700000|  0%| F|  |TAMS 0x00000000e1600000, 0x00000000e1600000| Untracked 
| 535|0x00000000e1700000, 0x00000000e1700000, 0x00000000e1800000|  0%| F|  |TAMS 0x00000000e1700000, 0x00000000e1700000| Untracked 
| 536|0x00000000e1800000, 0x00000000e1800000, 0x00000000e1900000|  0%| F|  |TAMS 0x00000000e1800000, 0x00000000e1800000| Untracked 
| 537|0x00000000e1900000, 0x00000000e1900000, 0x00000000e1a00000|  0%| F|  |TAMS 0x00000000e1900000, 0x00000000e1900000| Untracked 
| 538|0x00000000e1a00000, 0x00000000e1a00000, 0x00000000e1b00000|  0%| F|  |TAMS 0x00000000e1a00000, 0x00000000e1a00000| Untracked 
| 539|0x00000000e1b00000, 0x00000000e1b00000, 0x00000000e1c00000|  0%| F|  |TAMS 0x00000000e1b00000, 0x00000000e1b00000| Untracked 
| 540|0x00000000e1c00000, 0x00000000e1c00000, 0x00000000e1d00000|  0%| F|  |TAMS 0x00000000e1c00000, 0x00000000e1c00000| Untracked 
| 541|0x00000000e1d00000, 0x00000000e1d00000, 0x00000000e1e00000|  0%| F|  |TAMS 0x00000000e1d00000, 0x00000000e1d00000| Untracked 
| 542|0x00000000e1e00000, 0x00000000e1e00000, 0x00000000e1f00000|  0%| F|  |TAMS 0x00000000e1e00000, 0x00000000e1e00000| Untracked 
| 543|0x00000000e1f00000, 0x00000000e1f00000, 0x00000000e2000000|  0%| F|  |TAMS 0x00000000e1f00000, 0x00000000e1f00000| Untracked 
| 544|0x00000000e2000000, 0x00000000e2000000, 0x00000000e2100000|  0%| F|  |TAMS 0x00000000e2000000, 0x00000000e2000000| Untracked 
| 545|0x00000000e2100000, 0x00000000e2100000, 0x00000000e2200000|  0%| F|  |TAMS 0x00000000e2100000, 0x00000000e2100000| Untracked 
| 546|0x00000000e2200000, 0x00000000e2200000, 0x00000000e2300000|  0%| F|  |TAMS 0x00000000e2200000, 0x00000000e2200000| Untracked 
| 547|0x00000000e2300000, 0x00000000e2300000, 0x00000000e2400000|  0%| F|  |TAMS 0x00000000e2300000, 0x00000000e2300000| Untracked 
| 548|0x00000000e2400000, 0x00000000e2400000, 0x00000000e2500000|  0%| F|  |TAMS 0x00000000e2400000, 0x00000000e2400000| Untracked 
| 549|0x00000000e2500000, 0x00000000e2500000, 0x00000000e2600000|  0%| F|  |TAMS 0x00000000e2500000, 0x00000000e2500000| Untracked 
| 550|0x00000000e2600000, 0x00000000e2600000, 0x00000000e2700000|  0%| F|  |TAMS 0x00000000e2600000, 0x00000000e2600000| Untracked 
| 551|0x00000000e2700000, 0x00000000e2700000, 0x00000000e2800000|  0%| F|  |TAMS 0x00000000e2700000, 0x00000000e2700000| Untracked 
| 552|0x00000000e2800000, 0x00000000e2800000, 0x00000000e2900000|  0%| F|  |TAMS 0x00000000e2800000, 0x00000000e2800000| Untracked 
| 553|0x00000000e2900000, 0x00000000e2900000, 0x00000000e2a00000|  0%| F|  |TAMS 0x00000000e2900000, 0x00000000e2900000| Untracked 
| 554|0x00000000e2a00000, 0x00000000e2a00000, 0x00000000e2b00000|  0%| F|  |TAMS 0x00000000e2a00000, 0x00000000e2a00000| Untracked 
| 555|0x00000000e2b00000, 0x00000000e2b00000, 0x00000000e2c00000|  0%| F|  |TAMS 0x00000000e2b00000, 0x00000000e2b00000| Untracked 
| 556|0x00000000e2c00000, 0x00000000e2c00000, 0x00000000e2d00000|  0%| F|  |TAMS 0x00000000e2c00000, 0x00000000e2c00000| Untracked 
| 557|0x00000000e2d00000, 0x00000000e2d00000, 0x00000000e2e00000|  0%| F|  |TAMS 0x00000000e2d00000, 0x00000000e2d00000| Untracked 
| 558|0x00000000e2e00000, 0x00000000e2e00000, 0x00000000e2f00000|  0%| F|  |TAMS 0x00000000e2e00000, 0x00000000e2e00000| Untracked 
| 559|0x00000000e2f00000, 0x00000000e2f00000, 0x00000000e3000000|  0%| F|  |TAMS 0x00000000e2f00000, 0x00000000e2f00000| Untracked 
| 560|0x00000000e3000000, 0x00000000e3000000, 0x00000000e3100000|  0%| F|  |TAMS 0x00000000e3000000, 0x00000000e3000000| Untracked 
| 561|0x00000000e3100000, 0x00000000e3100000, 0x00000000e3200000|  0%| F|  |TAMS 0x00000000e3100000, 0x00000000e3100000| Untracked 
| 562|0x00000000e3200000, 0x00000000e3200000, 0x00000000e3300000|  0%| F|  |TAMS 0x00000000e3200000, 0x00000000e3200000| Untracked 
| 563|0x00000000e3300000, 0x00000000e3300000, 0x00000000e3400000|  0%| F|  |TAMS 0x00000000e3300000, 0x00000000e3300000| Untracked 
| 564|0x00000000e3400000, 0x00000000e3400000, 0x00000000e3500000|  0%| F|  |TAMS 0x00000000e3400000, 0x00000000e3400000| Untracked 
| 565|0x00000000e3500000, 0x00000000e3500000, 0x00000000e3600000|  0%| F|  |TAMS 0x00000000e3500000, 0x00000000e3500000| Untracked 
| 566|0x00000000e3600000, 0x00000000e3600000, 0x00000000e3700000|  0%| F|  |TAMS 0x00000000e3600000, 0x00000000e3600000| Untracked 
| 567|0x00000000e3700000, 0x00000000e3700000, 0x00000000e3800000|  0%| F|  |TAMS 0x00000000e3700000, 0x00000000e3700000| Untracked 
| 568|0x00000000e3800000, 0x00000000e3800000, 0x00000000e3900000|  0%| F|  |TAMS 0x00000000e3800000, 0x00000000e3800000| Untracked 
| 569|0x00000000e3900000, 0x00000000e3900000, 0x00000000e3a00000|  0%| F|  |TAMS 0x00000000e3900000, 0x00000000e3900000| Untracked 
| 570|0x00000000e3a00000, 0x00000000e3a00000, 0x00000000e3b00000|  0%| F|  |TAMS 0x00000000e3a00000, 0x00000000e3a00000| Untracked 
| 571|0x00000000e3b00000, 0x00000000e3b00000, 0x00000000e3c00000|  0%| F|  |TAMS 0x00000000e3b00000, 0x00000000e3b00000| Untracked 
| 572|0x00000000e3c00000, 0x00000000e3c00000, 0x00000000e3d00000|  0%| F|  |TAMS 0x00000000e3c00000, 0x00000000e3c00000| Untracked 
| 573|0x00000000e3d00000, 0x00000000e3d00000, 0x00000000e3e00000|  0%| F|  |TAMS 0x00000000e3d00000, 0x00000000e3d00000| Untracked 
| 574|0x00000000e3e00000, 0x00000000e3e00000, 0x00000000e3f00000|  0%| F|  |TAMS 0x00000000e3e00000, 0x00000000e3e00000| Untracked 
| 575|0x00000000e3f00000, 0x00000000e3f00000, 0x00000000e4000000|  0%| F|  |TAMS 0x00000000e3f00000, 0x00000000e3f00000| Untracked 
| 576|0x00000000e4000000, 0x00000000e4000000, 0x00000000e4100000|  0%| F|  |TAMS 0x00000000e4000000, 0x00000000e4000000| Untracked 
| 577|0x00000000e4100000, 0x00000000e4100000, 0x00000000e4200000|  0%| F|  |TAMS 0x00000000e4100000, 0x00000000e4100000| Untracked 
| 578|0x00000000e4200000, 0x00000000e4200000, 0x00000000e4300000|  0%| F|  |TAMS 0x00000000e4200000, 0x00000000e4200000| Untracked 
| 579|0x00000000e4300000, 0x00000000e4300000, 0x00000000e4400000|  0%| F|  |TAMS 0x00000000e4300000, 0x00000000e4300000| Untracked 
| 580|0x00000000e4400000, 0x00000000e4400000, 0x00000000e4500000|  0%| F|  |TAMS 0x00000000e4400000, 0x00000000e4400000| Untracked 
| 581|0x00000000e4500000, 0x00000000e4500000, 0x00000000e4600000|  0%| F|  |TAMS 0x00000000e4500000, 0x00000000e4500000| Untracked 
| 582|0x00000000e4600000, 0x00000000e4600000, 0x00000000e4700000|  0%| F|  |TAMS 0x00000000e4600000, 0x00000000e4600000| Untracked 
| 583|0x00000000e4700000, 0x00000000e4700000, 0x00000000e4800000|  0%| F|  |TAMS 0x00000000e4700000, 0x00000000e4700000| Untracked 
| 584|0x00000000e4800000, 0x00000000e4800000, 0x00000000e4900000|  0%| F|  |TAMS 0x00000000e4800000, 0x00000000e4800000| Untracked 
| 585|0x00000000e4900000, 0x00000000e4900000, 0x00000000e4a00000|  0%| F|  |TAMS 0x00000000e4900000, 0x00000000e4900000| Untracked 
| 586|0x00000000e4a00000, 0x00000000e4a00000, 0x00000000e4b00000|  0%| F|  |TAMS 0x00000000e4a00000, 0x00000000e4a00000| Untracked 
| 587|0x00000000e4b00000, 0x00000000e4b00000, 0x00000000e4c00000|  0%| F|  |TAMS 0x00000000e4b00000, 0x00000000e4b00000| Untracked 
| 588|0x00000000e4c00000, 0x00000000e4c00000, 0x00000000e4d00000|  0%| F|  |TAMS 0x00000000e4c00000, 0x00000000e4c00000| Untracked 
| 589|0x00000000e4d00000, 0x00000000e4d00000, 0x00000000e4e00000|  0%| F|  |TAMS 0x00000000e4d00000, 0x00000000e4d00000| Untracked 
| 590|0x00000000e4e00000, 0x00000000e4e00000, 0x00000000e4f00000|  0%| F|  |TAMS 0x00000000e4e00000, 0x00000000e4e00000| Untracked 
| 591|0x00000000e4f00000, 0x00000000e4f00000, 0x00000000e5000000|  0%| F|  |TAMS 0x00000000e4f00000, 0x00000000e4f00000| Untracked 
| 592|0x00000000e5000000, 0x00000000e5000000, 0x00000000e5100000|  0%| F|  |TAMS 0x00000000e5000000, 0x00000000e5000000| Untracked 
| 593|0x00000000e5100000, 0x00000000e5100000, 0x00000000e5200000|  0%| F|  |TAMS 0x00000000e5100000, 0x00000000e5100000| Untracked 
| 594|0x00000000e5200000, 0x00000000e5200000, 0x00000000e5300000|  0%| F|  |TAMS 0x00000000e5200000, 0x00000000e5200000| Untracked 
| 595|0x00000000e5300000, 0x00000000e5300000, 0x00000000e5400000|  0%| F|  |TAMS 0x00000000e5300000, 0x00000000e5300000| Untracked 
| 596|0x00000000e5400000, 0x00000000e5400000, 0x00000000e5500000|  0%| F|  |TAMS 0x00000000e5400000, 0x00000000e5400000| Untracked 
| 597|0x00000000e5500000, 0x00000000e5500000, 0x00000000e5600000|  0%| F|  |TAMS 0x00000000e5500000, 0x00000000e5500000| Untracked 
| 598|0x00000000e5600000, 0x00000000e5600000, 0x00000000e5700000|  0%| F|  |TAMS 0x00000000e5600000, 0x00000000e5600000| Untracked 
| 599|0x00000000e5700000, 0x00000000e5700000, 0x00000000e5800000|  0%| F|  |TAMS 0x00000000e5700000, 0x00000000e5700000| Untracked 
| 600|0x00000000e5800000, 0x00000000e5800000, 0x00000000e5900000|  0%| F|  |TAMS 0x00000000e5800000, 0x00000000e5800000| Untracked 
| 601|0x00000000e5900000, 0x00000000e5900000, 0x00000000e5a00000|  0%| F|  |TAMS 0x00000000e5900000, 0x00000000e5900000| Untracked 
| 602|0x00000000e5a00000, 0x00000000e5a00000, 0x00000000e5b00000|  0%| F|  |TAMS 0x00000000e5a00000, 0x00000000e5a00000| Untracked 
| 603|0x00000000e5b00000, 0x00000000e5b00000, 0x00000000e5c00000|  0%| F|  |TAMS 0x00000000e5b00000, 0x00000000e5b00000| Untracked 
| 604|0x00000000e5c00000, 0x00000000e5c00000, 0x00000000e5d00000|  0%| F|  |TAMS 0x00000000e5c00000, 0x00000000e5c00000| Untracked 
| 605|0x00000000e5d00000, 0x00000000e5d00000, 0x00000000e5e00000|  0%| F|  |TAMS 0x00000000e5d00000, 0x00000000e5d00000| Untracked 
| 606|0x00000000e5e00000, 0x00000000e5e00000, 0x00000000e5f00000|  0%| F|  |TAMS 0x00000000e5e00000, 0x00000000e5e00000| Untracked 
| 607|0x00000000e5f00000, 0x00000000e5f00000, 0x00000000e6000000|  0%| F|  |TAMS 0x00000000e5f00000, 0x00000000e5f00000| Untracked 
| 608|0x00000000e6000000, 0x00000000e6000000, 0x00000000e6100000|  0%| F|  |TAMS 0x00000000e6000000, 0x00000000e6000000| Untracked 
| 609|0x00000000e6100000, 0x00000000e6100000, 0x00000000e6200000|  0%| F|  |TAMS 0x00000000e6100000, 0x00000000e6100000| Untracked 
| 610|0x00000000e6200000, 0x00000000e6200000, 0x00000000e6300000|  0%| F|  |TAMS 0x00000000e6200000, 0x00000000e6200000| Untracked 
| 611|0x00000000e6300000, 0x00000000e6300000, 0x00000000e6400000|  0%| F|  |TAMS 0x00000000e6300000, 0x00000000e6300000| Untracked 
| 612|0x00000000e6400000, 0x00000000e6400000, 0x00000000e6500000|  0%| F|  |TAMS 0x00000000e6400000, 0x00000000e6400000| Untracked 
| 613|0x00000000e6500000, 0x00000000e6500000, 0x00000000e6600000|  0%| F|  |TAMS 0x00000000e6500000, 0x00000000e6500000| Untracked 
| 614|0x00000000e6600000, 0x00000000e6600000, 0x00000000e6700000|  0%| F|  |TAMS 0x00000000e6600000, 0x00000000e6600000| Untracked 
| 615|0x00000000e6700000, 0x00000000e6700000, 0x00000000e6800000|  0%| F|  |TAMS 0x00000000e6700000, 0x00000000e6700000| Untracked 
| 616|0x00000000e6800000, 0x00000000e6800000, 0x00000000e6900000|  0%| F|  |TAMS 0x00000000e6800000, 0x00000000e6800000| Untracked 
| 617|0x00000000e6900000, 0x00000000e6900000, 0x00000000e6a00000|  0%| F|  |TAMS 0x00000000e6900000, 0x00000000e6900000| Untracked 
| 618|0x00000000e6a00000, 0x00000000e6a00000, 0x00000000e6b00000|  0%| F|  |TAMS 0x00000000e6a00000, 0x00000000e6a00000| Untracked 
| 619|0x00000000e6b00000, 0x00000000e6b00000, 0x00000000e6c00000|  0%| F|  |TAMS 0x00000000e6b00000, 0x00000000e6b00000| Untracked 
| 620|0x00000000e6c00000, 0x00000000e6c00000, 0x00000000e6d00000|  0%| F|  |TAMS 0x00000000e6c00000, 0x00000000e6c00000| Untracked 
| 621|0x00000000e6d00000, 0x00000000e6d00000, 0x00000000e6e00000|  0%| F|  |TAMS 0x00000000e6d00000, 0x00000000e6d00000| Untracked 
| 622|0x00000000e6e00000, 0x00000000e6e00000, 0x00000000e6f00000|  0%| F|  |TAMS 0x00000000e6e00000, 0x00000000e6e00000| Untracked 
| 623|0x00000000e6f00000, 0x00000000e6f00000, 0x00000000e7000000|  0%| F|  |TAMS 0x00000000e6f00000, 0x00000000e6f00000| Untracked 
| 624|0x00000000e7000000, 0x00000000e7000000, 0x00000000e7100000|  0%| F|  |TAMS 0x00000000e7000000, 0x00000000e7000000| Untracked 
| 625|0x00000000e7100000, 0x00000000e7100000, 0x00000000e7200000|  0%| F|  |TAMS 0x00000000e7100000, 0x00000000e7100000| Untracked 
| 626|0x00000000e7200000, 0x00000000e7200000, 0x00000000e7300000|  0%| F|  |TAMS 0x00000000e7200000, 0x00000000e7200000| Untracked 
| 627|0x00000000e7300000, 0x00000000e7300000, 0x00000000e7400000|  0%| F|  |TAMS 0x00000000e7300000, 0x00000000e7300000| Untracked 
| 628|0x00000000e7400000, 0x00000000e7400000, 0x00000000e7500000|  0%| F|  |TAMS 0x00000000e7400000, 0x00000000e7400000| Untracked 
| 629|0x00000000e7500000, 0x00000000e7500000, 0x00000000e7600000|  0%| F|  |TAMS 0x00000000e7500000, 0x00000000e7500000| Untracked 
| 630|0x00000000e7600000, 0x00000000e7600000, 0x00000000e7700000|  0%| F|  |TAMS 0x00000000e7600000, 0x00000000e7600000| Untracked 
| 631|0x00000000e7700000, 0x00000000e7700000, 0x00000000e7800000|  0%| F|  |TAMS 0x00000000e7700000, 0x00000000e7700000| Untracked 
| 632|0x00000000e7800000, 0x00000000e7800000, 0x00000000e7900000|  0%| F|  |TAMS 0x00000000e7800000, 0x00000000e7800000| Untracked 
| 633|0x00000000e7900000, 0x00000000e7900000, 0x00000000e7a00000|  0%| F|  |TAMS 0x00000000e7900000, 0x00000000e7900000| Untracked 
| 634|0x00000000e7a00000, 0x00000000e7a00000, 0x00000000e7b00000|  0%| F|  |TAMS 0x00000000e7a00000, 0x00000000e7a00000| Untracked 
| 635|0x00000000e7b00000, 0x00000000e7b00000, 0x00000000e7c00000|  0%| F|  |TAMS 0x00000000e7b00000, 0x00000000e7b00000| Untracked 
| 636|0x00000000e7c00000, 0x00000000e7c00000, 0x00000000e7d00000|  0%| F|  |TAMS 0x00000000e7c00000, 0x00000000e7c00000| Untracked 
| 637|0x00000000e7d00000, 0x00000000e7d00000, 0x00000000e7e00000|  0%| F|  |TAMS 0x00000000e7d00000, 0x00000000e7d00000| Untracked 
| 638|0x00000000e7e00000, 0x00000000e7e00000, 0x00000000e7f00000|  0%| F|  |TAMS 0x00000000e7e00000, 0x00000000e7e00000| Untracked 
| 639|0x00000000e7f00000, 0x00000000e7f00000, 0x00000000e8000000|  0%| F|  |TAMS 0x00000000e7f00000, 0x00000000e7f00000| Untracked 
| 640|0x00000000e8000000, 0x00000000e8000000, 0x00000000e8100000|  0%| F|  |TAMS 0x00000000e8000000, 0x00000000e8000000| Untracked 
| 641|0x00000000e8100000, 0x00000000e8100000, 0x00000000e8200000|  0%| F|  |TAMS 0x00000000e8100000, 0x00000000e8100000| Untracked 
| 642|0x00000000e8200000, 0x00000000e8200000, 0x00000000e8300000|  0%| F|  |TAMS 0x00000000e8200000, 0x00000000e8200000| Untracked 
| 643|0x00000000e8300000, 0x00000000e8300000, 0x00000000e8400000|  0%| F|  |TAMS 0x00000000e8300000, 0x00000000e8300000| Untracked 
| 644|0x00000000e8400000, 0x00000000e8400000, 0x00000000e8500000|  0%| F|  |TAMS 0x00000000e8400000, 0x00000000e8400000| Untracked 
| 645|0x00000000e8500000, 0x00000000e8500000, 0x00000000e8600000|  0%| F|  |TAMS 0x00000000e8500000, 0x00000000e8500000| Untracked 
| 646|0x00000000e8600000, 0x00000000e8600000, 0x00000000e8700000|  0%| F|  |TAMS 0x00000000e8600000, 0x00000000e8600000| Untracked 

Card table byte_map: [0x000001e3734e0000,0x000001e3736e0000] _byte_map_base: 0x000001e372ee0000

Marking Bits (Prev, Next): (CMBitMap*) 0x000001e35a9453a0, (CMBitMap*) 0x000001e35a9453e0
 Prev Bits: [0x000001e3738e0000, 0x000001e3748e0000)
 Next Bits: [0x000001e3748e0000, 0x000001e3758e0000)

Polling page: 0x000001e358700000

Metaspace:

Usage:
  Non-class:     94.82 MB used.
      Class:     15.26 MB used.
       Both:    110.08 MB used.

Virtual space:
  Non-class space:      128.00 MB reserved,      95.88 MB ( 75%) committed,  2 nodes.
      Class space:        1.00 GB reserved,      16.38 MB (  2%) committed,  1 nodes.
             Both:        1.13 GB reserved,     112.25 MB ( 10%) committed. 

Chunk freelists:
   Non-Class:  3.33 MB
       Class:  3.45 MB
        Both:  6.78 MB

MaxMetaspaceSize: unlimited
CompressedClassSpaceSize: 1.00 GB
Initial GC threshold: 21.00 MB
Current GC threshold: 182.13 MB
CDS: on
MetaspaceReclaimPolicy: balanced
 - commit_granule_bytes: 65536.
 - commit_granule_words: 8192.
 - virtual_space_node_default_size: 8388608.
 - enlarge_chunks_in_place: 1.
 - new_chunks_are_fully_committed: 0.
 - uncommit_free_chunks: 1.
 - use_allocation_guard: 0.


Internal statistics:

num_allocs_failed_limit: 12.
num_arena_births: 4210.
num_arena_deaths: 14.
num_vsnodes_births: 3.
num_vsnodes_deaths: 0.
num_space_committed: 1795.
num_space_uncommitted: 0.
num_chunks_returned_to_freelist: 31.
num_chunks_taken_from_freelist: 9360.
num_chunk_merges: 16.
num_chunk_splits: 6191.
num_chunks_enlarged: 3988.
num_inconsistent_stats: 0.

CodeHeap 'non-profiled nmethods': size=119168Kb used=7828Kb max_used=8110Kb free=111339Kb
 bounds [0x000001e36b3e0000, 0x000001e36bbd0000, 0x000001e372840000]
CodeHeap 'profiled nmethods': size=119104Kb used=24931Kb max_used=25151Kb free=94172Kb
 bounds [0x000001e363f90000, 0x000001e365830000, 0x000001e36b3e0000]
CodeHeap 'non-nmethods': size=7488Kb used=3453Kb max_used=3538Kb free=4034Kb
 bounds [0x000001e363840000, 0x000001e363bc0000, 0x000001e363f90000]
 total_blobs=14038 nmethods=13186 adapters=760
 compilation: enabled
              stopped_count=0, restarted_count=0
 full_count=0

Compilation events (20 events):
Event: 14.919 Thread 0x000001e37cc17540 nmethod 16029 0x000001e365480990 code [0x000001e365480b80, 0x000001e3654811b8]
Event: 14.920 Thread 0x000001e37cc17540 16042       3       com.android.tools.r8.graph.x2::C0 (8 bytes)
Event: 14.921 Thread 0x000001e37cc17540 nmethod 16042 0x000001e365480490 code [0x000001e365480620, 0x000001e365480738]
Event: 14.921 Thread 0x000001e37cc17540 16043       3       com.android.tools.r8.internal.S::entrySet (5 bytes)
Event: 14.921 Thread 0x000001e37cceb7e0 nmethod 16022 0x000001e3652b7d10 code [0x000001e3652b7f20, 0x000001e3652b8678]
Event: 14.921 Thread 0x000001e37cceb7e0 16047       3       com.android.tools.r8.internal.ko0$$Lambda$2437/0x0000000801c1b918::apply (8 bytes)
Event: 14.922 Thread 0x000001e37cc17540 nmethod 16043 0x000001e3652b7910 code [0x000001e3652b7ac0, 0x000001e3652b7c88]
Event: 14.922 Thread 0x000001e37cc17540 16041       3       com.android.tools.r8.internal.K5::a (147 bytes)
Event: 14.923 Thread 0x000001e37cceb7e0 nmethod 16047 0x000001e3652b2f10 code [0x000001e3652b3120, 0x000001e3652b3988]
Event: 14.924 Thread 0x000001e37cceb7e0 16045       3       com.android.tools.r8.graph.J2::a (11 bytes)
Event: 14.924 Thread 0x000001e37cc17540 nmethod 16041 0x000001e3652b2010 code [0x000001e3652b2240, 0x000001e3652b2bc8]
Event: 14.925 Thread 0x000001e37cceb7e0 nmethod 16045 0x000001e365327490 code [0x000001e365327620, 0x000001e365327798]
Event: 14.925 Thread 0x000001e37cc17540 16044       3       com.android.tools.r8.internal.QF::iterator (12 bytes)
Event: 14.925 Thread 0x000001e37cceb7e0 16062       3       com.android.tools.r8.internal.YR::h (28 bytes)
Event: 14.925 Thread 0x000001e37cd77020 nmethod 16035 0x000001e3652b3c10 code [0x000001e3652b40e0, 0x000001e3652b6af8]
Event: 14.926 Thread 0x000001e37cd77020 16048       3       com.android.tools.r8.internal.ko0::a (10 bytes)
Event: 14.926 Thread 0x000001e37cc17540 nmethod 16044 0x000001e365326e90 code [0x000001e365327040, 0x000001e3653272a8]
Event: 14.926 Thread 0x000001e37cceb7e0 nmethod 16062 0x000001e364a20690 code [0x000001e364a20840, 0x000001e364a20ac8]
Event: 14.926 Thread 0x000001e37cc17540 16049       3       com.android.tools.r8.graph.x2$$Lambda$2423/0x0000000801c188c0::apply (11 bytes)
Event: 14.926 Thread 0x000001e37cd83690 nmethod 16033 0x000001e365327810 code [0x000001e365327e80, 0x000001e36532c4e8]

GC Heap History (20 events):
Event: 12.177 GC heap after
{Heap after GC invocations=13 (full 0):
 garbage-first heap   total 524288K, used 113196K [0x00000000c0000000, 0x0000000100000000)
  region size 1024K, 6 young (6144K), 6 survivors (6144K)
 Metaspace       used 98272K, committed 100416K, reserved 1179648K
  class space    used 13473K, committed 14592K, reserved 1048576K
}
Event: 13.025 GC heap before
{Heap before GC invocations=14 (full 0):
 garbage-first heap   total 524288K, used 406060K [0x00000000c0000000, 0x0000000100000000)
  region size 1024K, 291 young (297984K), 6 survivors (6144K)
 Metaspace       used 103403K, committed 105600K, reserved 1179648K
  class space    used 14212K, committed 15360K, reserved 1048576K
}
Event: 13.033 GC heap after
{Heap after GC invocations=15 (full 0):
 garbage-first heap   total 524288K, used 173056K [0x00000000c0000000, 0x0000000100000000)
  region size 1024K, 37 young (37888K), 37 survivors (37888K)
 Metaspace       used 103403K, committed 105600K, reserved 1179648K
  class space    used 14212K, committed 15360K, reserved 1048576K
}
Event: 13.427 GC heap before
{Heap before GC invocations=15 (full 0):
 garbage-first heap   total 524288K, used 392192K [0x00000000c0000000, 0x0000000100000000)
  region size 1024K, 251 young (257024K), 37 survivors (37888K)
 Metaspace       used 105590K, committed 107776K, reserved 1179648K
  class space    used 14518K, committed 15680K, reserved 1048576K
}
Event: 13.441 GC heap after
{Heap after GC invocations=16 (full 0):
 garbage-first heap   total 524288K, used 225226K [0x00000000c0000000, 0x0000000100000000)
  region size 1024K, 32 young (32768K), 32 survivors (32768K)
 Metaspace       used 105590K, committed 107776K, reserved 1179648K
  class space    used 14518K, committed 15680K, reserved 1048576K
}
Event: 13.720 GC heap before
{Heap before GC invocations=16 (full 0):
 garbage-first heap   total 524288K, used 394186K [0x00000000c0000000, 0x0000000100000000)
  region size 1024K, 197 young (201728K), 32 survivors (32768K)
 Metaspace       used 107136K, committed 109312K, reserved 1179648K
  class space    used 14727K, committed 15872K, reserved 1048576K
}
Event: 13.736 GC heap after
{Heap after GC invocations=17 (full 0):
 garbage-first heap   total 524288K, used 266752K [0x00000000c0000000, 0x0000000100000000)
  region size 1024K, 25 young (25600K), 25 survivors (25600K)
 Metaspace       used 107136K, committed 109312K, reserved 1179648K
  class space    used 14727K, committed 15872K, reserved 1048576K
}
Event: 13.936 GC heap before
{Heap before GC invocations=17 (full 0):
 garbage-first heap   total 524288K, used 402944K [0x00000000c0000000, 0x0000000100000000)
  region size 1024K, 158 young (161792K), 25 survivors (25600K)
 Metaspace       used 108248K, committed 110464K, reserved 1179648K
  class space    used 14878K, committed 16000K, reserved 1048576K
}
Event: 13.955 GC heap after
{Heap after GC invocations=18 (full 0):
 garbage-first heap   total 524288K, used 299008K [0x00000000c0000000, 0x0000000100000000)
  region size 1024K, 20 young (20480K), 20 survivors (20480K)
 Metaspace       used 108248K, committed 110464K, reserved 1179648K
  class space    used 14878K, committed 16000K, reserved 1048576K
}
Event: 14.234 GC heap before
{Heap before GC invocations=19 (full 0):
 garbage-first heap   total 539648K, used 412672K [0x00000000c0000000, 0x0000000100000000)
  region size 1024K, 131 young (134144K), 20 survivors (20480K)
 Metaspace       used 108922K, committed 111168K, reserved 1179648K
  class space    used 15015K, committed 16192K, reserved 1048576K
}
Event: 14.248 GC heap after
{Heap after GC invocations=20 (full 0):
 garbage-first heap   total 539648K, used 327680K [0x00000000c0000000, 0x0000000100000000)
  region size 1024K, 17 young (17408K), 17 survivors (17408K)
 Metaspace       used 108922K, committed 111168K, reserved 1179648K
  class space    used 15015K, committed 16192K, reserved 1048576K
}
Event: 14.264 GC heap before
{Heap before GC invocations=20 (full 0):
 garbage-first heap   total 539648K, used 336896K [0x00000000c0000000, 0x0000000100000000)
  region size 1024K, 26 young (26624K), 17 survivors (17408K)
 Metaspace       used 108964K, committed 111232K, reserved 1179648K
  class space    used 15021K, committed 16192K, reserved 1048576K
}
Event: 14.270 GC heap after
{Heap after GC invocations=21 (full 0):
 garbage-first heap   total 539648K, used 331547K [0x00000000c0000000, 0x0000000100000000)
  region size 1024K, 4 young (4096K), 4 survivors (4096K)
 Metaspace       used 108964K, committed 111232K, reserved 1179648K
  class space    used 15021K, committed 16192K, reserved 1048576K
}
Event: 14.396 GC heap before
{Heap before GC invocations=21 (full 0):
 garbage-first heap   total 539648K, used 431899K [0x00000000c0000000, 0x0000000100000000)
  region size 1024K, 102 young (104448K), 4 survivors (4096K)
 Metaspace       used 109184K, committed 111424K, reserved 1179648K
  class space    used 15053K, committed 16192K, reserved 1048576K
}
Event: 14.404 GC heap after
{Heap after GC invocations=22 (full 0):
 garbage-first heap   total 539648K, used 356352K [0x00000000c0000000, 0x0000000100000000)
  region size 1024K, 13 young (13312K), 13 survivors (13312K)
 Metaspace       used 109184K, committed 111424K, reserved 1179648K
  class space    used 15053K, committed 16192K, reserved 1048576K
}
Event: 14.611 GC heap before
{Heap before GC invocations=23 (full 0):
 garbage-first heap   total 662528K, used 438272K [0x00000000c0000000, 0x0000000100000000)
  region size 1024K, 93 young (95232K), 13 survivors (13312K)
 Metaspace       used 110181K, committed 112384K, reserved 1179648K
  class space    used 15255K, committed 16384K, reserved 1048576K
}
Event: 14.620 GC heap after
{Heap after GC invocations=24 (full 0):
 garbage-first heap   total 662528K, used 374577K [0x00000000c0000000, 0x0000000100000000)
  region size 1024K, 12 young (12288K), 12 survivors (12288K)
 Metaspace       used 110181K, committed 112384K, reserved 1179648K
  class space    used 15255K, committed 16384K, reserved 1048576K
}
Event: 14.653 GC heap before
{Heap before GC invocations=24 (full 0):
 garbage-first heap   total 662528K, used 395057K [0x00000000c0000000, 0x0000000100000000)
  region size 1024K, 32 young (32768K), 12 survivors (12288K)
 Metaspace       used 110490K, committed 112768K, reserved 1179648K
  class space    used 15291K, committed 16448K, reserved 1048576K
}
Event: 14.659 GC heap after
{Heap after GC invocations=25 (full 0):
 garbage-first heap   total 662528K, used 376484K [0x00000000c0000000, 0x0000000100000000)
  region size 1024K, 4 young (4096K), 4 survivors (4096K)
 Metaspace       used 110490K, committed 112768K, reserved 1179648K
  class space    used 15291K, committed 16448K, reserved 1048576K
}
Event: 14.926 GC heap before
{Heap before GC invocations=25 (full 0):
 garbage-first heap   total 662528K, used 518820K [0x00000000c0000000, 0x0000000100000000)
  region size 1024K, 144 young (147456K), 4 survivors (4096K)
 Metaspace       used 112725K, committed 114944K, reserved 1179648K
  class space    used 15630K, committed 16768K, reserved 1048576K
}

Deoptimization events (20 events):
Event: 14.814 Thread 0x000001e301381730 Uncommon trap: trap_request=0xffffffde fr.pc=0x000001e36bb85d64 relative=0x0000000000000064
Event: 14.814 Thread 0x000001e301381730 Uncommon trap: reason=class_check action=maybe_recompile pc=0x000001e36bb85d64 method=com.android.tools.r8.internal.U40.test(Ljava/lang/Object;)Z @ 2 c2
Event: 14.814 Thread 0x000001e301381730 DEOPT PACKING pc=0x000001e36bb85d64 sp=0x00000023aeff9e50
Event: 14.814 Thread 0x000001e301381730 DEOPT UNPACKING pc=0x000001e3638923a3 sp=0x00000023aeff9de8 mode 2
Event: 14.817 Thread 0x000001e301381730 Uncommon trap: trap_request=0xffffffc6 fr.pc=0x000001e36baf7470 relative=0x0000000000000950
Event: 14.817 Thread 0x000001e301381730 Uncommon trap: reason=bimorphic_or_optimized_type_check action=maybe_recompile pc=0x000001e36baf7470 method=java.util.Map.computeIfAbsent(Ljava/lang/Object;Ljava/util/function/Function;)Ljava/lang/Object; @ 7 c2
Event: 14.817 Thread 0x000001e301381730 DEOPT PACKING pc=0x000001e36baf7470 sp=0x00000023aeffa350
Event: 14.817 Thread 0x000001e301381730 DEOPT UNPACKING pc=0x000001e3638923a3 sp=0x00000023aeffa348 mode 2
Event: 14.817 Thread 0x000001e301381730 Uncommon trap: trap_request=0xffffffc6 fr.pc=0x000001e36b9b0de8 relative=0x00000000000001a8
Event: 14.817 Thread 0x000001e301381730 Uncommon trap: reason=bimorphic_or_optimized_type_check action=maybe_recompile pc=0x000001e36b9b0de8 method=java.util.stream.AbstractPipeline.spliterator()Ljava/util/Spliterator; @ 112 c2
Event: 14.818 Thread 0x000001e301381730 DEOPT PACKING pc=0x000001e36b9b0de8 sp=0x00000023aeffa340
Event: 14.818 Thread 0x000001e301381730 DEOPT UNPACKING pc=0x000001e3638923a3 sp=0x00000023aeffa2f0 mode 2
Event: 14.825 Thread 0x000001e301380d90 Uncommon trap: trap_request=0xffffff45 fr.pc=0x000001e36b9c9620 relative=0x00000000000011a0
Event: 14.825 Thread 0x000001e301380d90 Uncommon trap: reason=unstable_if action=reinterpret pc=0x000001e36b9c9620 method=java.util.HashMap.computeIfAbsent(Ljava/lang/Object;Ljava/util/function/Function;)Ljava/lang/Object; @ 145 c2
Event: 14.825 Thread 0x000001e301380d90 DEOPT PACKING pc=0x000001e36b9c9620 sp=0x00000023af1fa2d0
Event: 14.825 Thread 0x000001e301380d90 DEOPT UNPACKING pc=0x000001e3638923a3 sp=0x00000023af1fa2a0 mode 2
Event: 14.887 Thread 0x000001e301381730 Uncommon trap: trap_request=0xffffffc6 fr.pc=0x000001e36b9ea460 relative=0x00000000000000a0
Event: 14.887 Thread 0x000001e301381730 Uncommon trap: reason=bimorphic_or_optimized_type_check action=maybe_recompile pc=0x000001e36b9ea460 method=com.android.tools.r8.internal.s9.a(ILcom/android/tools/r8/internal/hx;Lcom/android/tools/r8/internal/pE;)V @ 45 c2
Event: 14.887 Thread 0x000001e301381730 DEOPT PACKING pc=0x000001e36b9ea460 sp=0x00000023aeff9de0
Event: 14.888 Thread 0x000001e301381730 DEOPT UNPACKING pc=0x000001e3638923a3 sp=0x00000023aeff9d88 mode 2

Classes loaded (20 events):
Event: 14.670 Loading class java/util/IdentityHashMap$IdentityHashMapSpliterator done
Event: 14.670 Loading class java/util/IdentityHashMap$EntrySpliterator done
Event: 14.674 Loading class java/util/stream/SortedOps$RefSortingSink
Event: 14.674 Loading class java/util/stream/SortedOps$RefSortingSink done
Event: 14.699 Loading class java/util/SortedSet$1
Event: 14.699 Loading class java/util/SortedSet$1 done
Event: 14.702 Loading class java/util/stream/SliceOps
Event: 14.702 Loading class java/util/stream/SliceOps done
Event: 14.702 Loading class java/util/stream/SliceOps$1
Event: 14.702 Loading class java/util/stream/SliceOps$1 done
Event: 14.703 Loading class java/util/stream/SliceOps$1$1
Event: 14.703 Loading class java/util/stream/SliceOps$1$1 done
Event: 14.713 Loading class java/util/PriorityQueue
Event: 14.713 Loading class java/util/PriorityQueue done
Event: 14.729 Loading class java/util/IdentityHashMap$ValueIterator
Event: 14.730 Loading class java/util/IdentityHashMap$ValueIterator done
Event: 14.855 Loading class java/util/AbstractList$SubList
Event: 14.856 Loading class java/util/AbstractList$SubList done
Event: 14.856 Loading class java/util/AbstractList$SubList$1
Event: 14.856 Loading class java/util/AbstractList$SubList$1 done

Classes unloaded (7 events):
Event: 14.027 Thread 0x000001e378acf220 Unloading class 0x0000000801b68800 'java/lang/invoke/LambdaForm$DMH+0x0000000801b68800'
Event: 14.027 Thread 0x000001e378acf220 Unloading class 0x0000000801b68400 'java/lang/invoke/LambdaForm$DMH+0x0000000801b68400'
Event: 14.027 Thread 0x000001e378acf220 Unloading class 0x0000000801b00400 'java/lang/invoke/LambdaForm$DMH+0x0000000801b00400'
Event: 14.503 Thread 0x000001e378acf220 Unloading class 0x0000000801bc1400 'java/lang/invoke/LambdaForm$DMH+0x0000000801bc1400'
Event: 14.503 Thread 0x000001e378acf220 Unloading class 0x0000000801bc1000 'java/lang/invoke/LambdaForm$DMH+0x0000000801bc1000'
Event: 14.503 Thread 0x000001e378acf220 Unloading class 0x0000000801bc0000 'java/lang/invoke/LambdaForm$DMH+0x0000000801bc0000'
Event: 14.503 Thread 0x000001e378acf220 Unloading class 0x0000000801bc0400 'java/lang/invoke/LambdaForm$DMH+0x0000000801bc0400'

Classes redefined (0 events):
No events

Internal exceptions (20 events):
Event: 13.412 Thread 0x000001e301381260 Implicit null exception at 0x000001e36b6b5925 to 0x000001e36b6b5a38
Event: 13.412 Thread 0x000001e301381730 Implicit null exception at 0x000001e36b6b5925 to 0x000001e36b6b5a38
Event: 13.412 Thread 0x000001e301380d90 Implicit null exception at 0x000001e36b6b5925 to 0x000001e36b6b5a38
Event: 13.568 Thread 0x000001e300fa28e0 Exception <a 'sun/nio/fs/WindowsException'{0x00000000dcdcbde8}> (0x00000000dcdcbde8) 
thrown [s\src\hotspot\share\prims\jni.cpp, line 516]
Event: 13.887 Thread 0x000001e301381730 Exception <a 'java/lang/NoSuchMethodError'{0x00000000d9991450}: 'java.lang.Object java.lang.invoke.DirectMethodHandle$Holder.invokeStatic(java.lang.Object, int, java.lang.Object, java.lang.Object)'> (0x00000000d9991450) 
thrown [s\src\hotspot\share\interpreter\linkResolver.cpp, line 759]
Event: 13.887 Thread 0x000001e301380d90 Exception <a 'java/lang/NoSuchMethodError'{0x00000000dad96220}: 'java.lang.Object java.lang.invoke.DirectMethodHandle$Holder.invokeStatic(java.lang.Object, int, java.lang.Object, java.lang.Object)'> (0x00000000dad96220) 
thrown [s\src\hotspot\share\interpreter\linkResolver.cpp, line 759]
Event: 13.887 Thread 0x000001e301381260 Exception <a 'java/lang/NoSuchMethodError'{0x00000000dc8b7f88}: 'java.lang.Object java.lang.invoke.DirectMethodHandle$Holder.invokeStatic(java.lang.Object, int, java.lang.Object, java.lang.Object)'> (0x00000000dc8b7f88) 
thrown [s\src\hotspot\share\interpreter\linkResolver.cpp, line 759]
Event: 13.892 Thread 0x000001e301381260 Exception <a 'java/lang/NoSuchMethodError'{0x00000000dc8cb9b0}: 'java.lang.Object java.lang.invoke.DirectMethodHandle$Holder.invokeStatic(java.lang.Object, java.lang.Object, int, java.lang.Object, java.lang.Object)'> (0x00000000dc8cb9b0) 
thrown [s\src\hotspot\share\interpreter\linkResolver.cpp, line 759]
Event: 13.892 Thread 0x000001e301381730 Exception <a 'java/lang/NoSuchMethodError'{0x00000000d99a56c8}: 'java.lang.Object java.lang.invoke.DirectMethodHandle$Holder.invokeStatic(java.lang.Object, java.lang.Object, int, java.lang.Object, java.lang.Object)'> (0x00000000d99a56c8) 
thrown [s\src\hotspot\share\interpreter\linkResolver.cpp, line 759]
Event: 13.892 Thread 0x000001e301380d90 Exception <a 'java/lang/NoSuchMethodError'{0x00000000dada9c78}: 'java.lang.Object java.lang.invoke.DirectMethodHandle$Holder.invokeStatic(java.lang.Object, java.lang.Object, int, java.lang.Object, java.lang.Object)'> (0x00000000dada9c78) 
thrown [s\src\hotspot\share\interpreter\linkResolver.cpp, line 759]
Event: 13.955 Thread 0x000001e301380d90 Implicit null exception at 0x000001e36b4d96a6 to 0x000001e36b4dcae0
Event: 13.955 Thread 0x000001e301381730 Implicit null exception at 0x000001e36b4d96a6 to 0x000001e36b4dcae0
Event: 14.428 Thread 0x000001e301380d90 Exception <a 'java/lang/IncompatibleClassChangeError'{0x00000000e0409238}: Found class java.lang.Object, but interface was expected> (0x00000000e0409238) 
thrown [s\src\hotspot\share\interpreter\linkResolver.cpp, line 826]
Event: 14.428 Thread 0x000001e301381730 Exception <a 'java/lang/IncompatibleClassChangeError'{0x00000000e0cf5088}: Found class java.lang.Object, but interface was expected> (0x00000000e0cf5088) 
thrown [s\src\hotspot\share\interpreter\linkResolver.cpp, line 826]
Event: 14.429 Thread 0x000001e301380d90 Exception <a 'java/lang/IncompatibleClassChangeError'{0x00000000e040e120}: Found class java.lang.Object, but interface was expected> (0x00000000e040e120) 
thrown [s\src\hotspot\share\interpreter\linkResolver.cpp, line 826]
Event: 14.609 Thread 0x000001e301381260 Exception <a 'java/lang/NoSuchMethodError'{0x00000000e6317db0}: 'void java.lang.invoke.DirectMethodHandle$Holder.invokeSpecial(java.lang.Object, java.lang.Object, int, java.lang.Object)'> (0x00000000e6317db0) 
thrown [s\src\hotspot\share\interpreter\linkResolver.cpp, line 759]
Event: 14.609 Thread 0x000001e301380d90 Exception <a 'java/lang/NoSuchMethodError'{0x00000000e6365398}: 'void java.lang.invoke.DirectMethodHandle$Holder.invokeSpecial(java.lang.Object, java.lang.Object, int, java.lang.Object)'> (0x00000000e6365398) 
thrown [s\src\hotspot\share\interpreter\linkResolver.cpp, line 759]
Event: 14.743 Thread 0x000001e301381260 Exception <a 'java/lang/NoSuchMethodError'{0x00000000e56666e0}: 'int java.lang.invoke.DirectMethodHandle$Holder.invokeSpecial(java.lang.Object, java.lang.Object, java.lang.Object, int, java.lang.Object)'> (0x00000000e56666e0) 
thrown [s\src\hotspot\share\interpreter\linkResolver.cpp, line 759]
Event: 14.743 Thread 0x000001e301381730 Exception <a 'java/lang/NoSuchMethodError'{0x00000000e5871770}: 'int java.lang.invoke.DirectMethodHandle$Holder.invokeSpecial(java.lang.Object, java.lang.Object, java.lang.Object, int, java.lang.Object)'> (0x00000000e5871770) 
thrown [s\src\hotspot\share\interpreter\linkResolver.cpp, line 759]
Event: 14.743 Thread 0x000001e301380d90 Exception <a 'java/lang/NoSuchMethodError'{0x00000000e58731f8}: 'int java.lang.invoke.DirectMethodHandle$Holder.invokeSpecial(java.lang.Object, java.lang.Object, java.lang.Object, int, java.lang.Object)'> (0x00000000e58731f8) 
thrown [s\src\hotspot\share\interpreter\linkResolver.cpp, line 759]

VM Operations (20 events):
Event: 14.620 Executing VM operation: G1CollectForAllocation done
Event: 14.653 Executing VM operation: G1CollectForAllocation
Event: 14.659 Executing VM operation: G1CollectForAllocation done
Event: 14.701 Executing VM operation: HandshakeAllThreads
Event: 14.701 Executing VM operation: HandshakeAllThreads done
Event: 14.745 Executing VM operation: HandshakeAllThreads
Event: 14.745 Executing VM operation: HandshakeAllThreads done
Event: 14.765 Executing VM operation: HandshakeAllThreads
Event: 14.765 Executing VM operation: HandshakeAllThreads done
Event: 14.811 Executing VM operation: HandshakeAllThreads
Event: 14.812 Executing VM operation: HandshakeAllThreads done
Event: 14.848 Executing VM operation: HandshakeAllThreads
Event: 14.848 Executing VM operation: HandshakeAllThreads done
Event: 14.854 Executing VM operation: HandshakeAllThreads
Event: 14.854 Executing VM operation: HandshakeAllThreads done
Event: 14.857 Executing VM operation: ICBufferFull
Event: 14.857 Executing VM operation: ICBufferFull done
Event: 14.880 Executing VM operation: HandshakeAllThreads
Event: 14.880 Executing VM operation: HandshakeAllThreads done
Event: 14.926 Executing VM operation: G1CollectForAllocation

Events (20 events):
Event: 14.796 Thread 0x000001e37cc23e60 flushing nmethod 0x000001e3652f5f90
Event: 14.796 Thread 0x000001e37cc23e60 flushing nmethod 0x000001e36530fc10
Event: 14.796 Thread 0x000001e37cc23e60 flushing nmethod 0x000001e365326e90
Event: 14.796 Thread 0x000001e37cc23e60 flushing nmethod 0x000001e36534b290
Event: 14.797 Thread 0x000001e37cc23e60 flushing nmethod 0x000001e365385c90
Event: 14.798 Thread 0x000001e37cc23e60 flushing nmethod 0x000001e365410090
Event: 14.798 Thread 0x000001e37cc23e60 flushing nmethod 0x000001e36544f710
Event: 14.799 Thread 0x000001e37cc23e60 flushing nmethod 0x000001e365480490
Event: 14.800 Thread 0x000001e37cc23e60 flushing nmethod 0x000001e3654fb010
Event: 14.800 Thread 0x000001e37cc23e60 flushing nmethod 0x000001e3654fde10
Event: 14.800 Thread 0x000001e37cc23e60 flushing nmethod 0x000001e365524990
Event: 14.800 Thread 0x000001e37cc23e60 flushing nmethod 0x000001e365597690
Event: 14.801 Thread 0x000001e37cc23e60 flushing nmethod 0x000001e3655b8310
Event: 14.801 Thread 0x000001e37cc23e60 flushing nmethod 0x000001e3655d5c10
Event: 14.801 Thread 0x000001e37cc23e60 flushing nmethod 0x000001e3655d8490
Event: 14.801 Thread 0x000001e37cc23e60 flushing nmethod 0x000001e3655e1210
Event: 14.801 Thread 0x000001e37cc23e60 flushing nmethod 0x000001e365613410
Event: 14.802 Thread 0x000001e37cc23e60 flushing nmethod 0x000001e365672290
Event: 14.804 Thread 0x000001e37cc23e60 flushing nmethod 0x000001e36574ff10
Event: 14.804 Thread 0x000001e37cc23e60 flushing nmethod 0x000001e365752810


Dynamic libraries:
0x00007ff68f9a0000 - 0x00007ff68f9ad000 	D:\Program Files\JDK18\bin\java.exe
0x00007ffa1fd80000 - 0x00007ffa1ffe7000 	C:\WINDOWS\SYSTEM32\ntdll.dll
0x00007ffa1ea70000 - 0x00007ffa1eb39000 	C:\WINDOWS\System32\KERNEL32.DLL
0x00007ffa1d2f0000 - 0x00007ffa1d6e7000 	C:\WINDOWS\System32\KERNELBASE.dll
0x00007ffa1d1a0000 - 0x00007ffa1d2eb000 	C:\WINDOWS\System32\ucrtbase.dll
0x00007ff9fe600000 - 0x00007ff9fe617000 	D:\Program Files\JDK18\bin\jli.dll
0x00007ffa02eb0000 - 0x00007ffa02ec5000 	D:\Program Files\JDK18\bin\VCRUNTIME140.dll
0x00007ffa1e5b0000 - 0x00007ffa1e776000 	C:\WINDOWS\System32\USER32.dll
0x00007ffa1d7b0000 - 0x00007ffa1d7d7000 	C:\WINDOWS\System32\win32u.dll
0x00007ffa03800000 - 0x00007ffa03a92000 	C:\WINDOWS\WinSxS\amd64_microsoft.windows.common-controls_6595b64144ccf1df_6.0.26100.8457_none_3e0b2faee331e92d\COMCTL32.dll
0x00007ffa1dc40000 - 0x00007ffa1dc6b000 	C:\WINDOWS\System32\GDI32.dll
0x00007ffa1eb60000 - 0x00007ffa1ec09000 	C:\WINDOWS\System32\msvcrt.dll
0x00007ffa1d920000 - 0x00007ffa1da4c000 	C:\WINDOWS\System32\gdi32full.dll
0x00007ffa1d870000 - 0x00007ffa1d913000 	C:\WINDOWS\System32\msvcp_win.dll
0x00007ffa1e780000 - 0x00007ffa1e7b2000 	C:\WINDOWS\System32\IMM32.DLL
0x00007ff99f3f0000 - 0x00007ff99f48b000 	D:\Program Files\JDK18\bin\msvcp140.dll
0x00007ff99bf70000 - 0x00007ff99cbea000 	D:\Program Files\JDK18\bin\server\jvm.dll
0x00007ffa1e4f0000 - 0x00007ffa1e5a6000 	C:\WINDOWS\System32\ADVAPI32.dll
0x00007ffa1fb00000 - 0x00007ffa1fba7000 	C:\WINDOWS\System32\sechost.dll
0x00007ffa1ec10000 - 0x00007ffa1ed28000 	C:\WINDOWS\System32\RPCRT4.dll
0x00007ffa1fd30000 - 0x00007ffa1fd38000 	C:\WINDOWS\System32\PSAPI.DLL
0x00007ffa09180000 - 0x00007ffa0918a000 	C:\WINDOWS\SYSTEM32\WSOCK32.dll
0x00007ffa1de90000 - 0x00007ffa1df10000 	C:\WINDOWS\System32\WS2_32.dll
0x00007ffa15a10000 - 0x00007ffa15a1b000 	C:\WINDOWS\SYSTEM32\VERSION.dll
0x00007ffa0fa50000 - 0x00007ffa0fa86000 	C:\WINDOWS\SYSTEM32\WINMM.dll
0x00007ffa1b4d0000 - 0x00007ffa1b4eb000 	C:\WINDOWS\SYSTEM32\kernel.appcore.dll
0x00007ff9ef3b0000 - 0x00007ff9ef3ba000 	D:\Program Files\JDK18\bin\jimage.dll
0x00007ffa1a540000 - 0x00007ffa1a782000 	C:\WINDOWS\SYSTEM32\DBGHELP.DLL
0x00007ffa1df20000 - 0x00007ffa1e2a3000 	C:\WINDOWS\System32\combase.dll
0x00007ffa1db60000 - 0x00007ffa1dc39000 	C:\WINDOWS\System32\OLEAUT32.dll
0x00007ff9e78e0000 - 0x00007ff9e791b000 	C:\WINDOWS\SYSTEM32\dbgcore.DLL
0x00007ffa1da50000 - 0x00007ffa1daf8000 	C:\WINDOWS\System32\bcryptPrimitives.dll
0x00007ff9cd8f0000 - 0x00007ff9cd8fe000 	D:\Program Files\JDK18\bin\instrument.dll
0x00007ff9e7c60000 - 0x00007ff9e7c85000 	D:\Program Files\JDK18\bin\java.dll
0x00007ff99f310000 - 0x00007ff99f3e6000 	D:\Program Files\JDK18\bin\jsvml.dll
0x00007ffa1f380000 - 0x00007ffa1faee000 	C:\WINDOWS\System32\SHELL32.dll
0x00007ffa1c7b0000 - 0x00007ffa1d01c000 	C:\WINDOWS\System32\windows.storage.dll
0x00007ffa1e7d0000 - 0x00007ffa1e8c6000 	C:\WINDOWS\System32\SHCORE.dll
0x00007ffa1fcc0000 - 0x00007ffa1fd26000 	C:\WINDOWS\System32\shlwapi.dll
0x00007ffa1c6d0000 - 0x00007ffa1c6f9000 	C:\WINDOWS\SYSTEM32\profapi.dll
0x00007ff9ceda0000 - 0x00007ff9cedb8000 	D:\Program Files\JDK18\bin\zip.dll
0x00007ff9cede0000 - 0x00007ff9cedf3000 	D:\Program Files\JDK18\bin\net.dll
0x00007ffa169f0000 - 0x00007ffa16b19000 	C:\WINDOWS\SYSTEM32\WINHTTP.dll
0x00007ffa1ba50000 - 0x00007ffa1babc000 	C:\WINDOWS\system32\mswsock.dll
0x00007ff9cedc0000 - 0x00007ff9cedd5000 	D:\Program Files\JDK18\bin\nio.dll
0x00007ff9ef3a0000 - 0x00007ff9ef3b0000 	D:\Program Files\JDK18\bin\verify.dll
0x00007ff9c5330000 - 0x00007ff9c5357000 	C:\Users\color\.gradle\native\c067742578af261105cb4f569cf0c3c89f3d7b1fecec35dd04571415982c5e48\windows-amd64\native-platform.dll
0x00007ff99ed70000 - 0x00007ff99eeb4000 	C:\Users\color\.gradle\native\100fb08df4bc3b14c8652ba06237920a3bd2aa13389f12d3474272988ae205f9\windows-amd64\native-platform-file-events.dll
0x00007ff9ced90000 - 0x00007ff9ced99000 	D:\Program Files\JDK18\bin\management.dll
0x00007ff9cecb0000 - 0x00007ff9cecbb000 	D:\Program Files\JDK18\bin\management_ext.dll
0x00007ffa1be50000 - 0x00007ffa1be6b000 	C:\WINDOWS\SYSTEM32\CRYPTSP.dll
0x00007ffa1b430000 - 0x00007ffa1b469000 	C:\WINDOWS\system32\rsaenh.dll
0x00007ffa1bb00000 - 0x00007ffa1bb33000 	C:\WINDOWS\SYSTEM32\USERENV.dll
0x00007ffa1c6a0000 - 0x00007ffa1c6ca000 	C:\WINDOWS\SYSTEM32\bcrypt.dll
0x00007ffa1bcb0000 - 0x00007ffa1bcbc000 	C:\WINDOWS\SYSTEM32\CRYPTBASE.dll
0x00007ffa1aec0000 - 0x00007ffa1aef2000 	C:\WINDOWS\SYSTEM32\IPHLPAPI.DLL
0x00007ffa1e4e0000 - 0x00007ffa1e4ea000 	C:\WINDOWS\System32\NSI.dll
0x00007ffa16e60000 - 0x00007ffa16e7d000 	C:\WINDOWS\SYSTEM32\dhcpcsvc6.DLL
0x00007ffa16e30000 - 0x00007ffa16e55000 	C:\WINDOWS\SYSTEM32\dhcpcsvc.DLL
0x00007ffa1af50000 - 0x00007ffa1b082000 	C:\WINDOWS\SYSTEM32\DNSAPI.dll
0x00007ff9eebe0000 - 0x00007ff9eebf8000 	C:\WINDOWS\system32\napinsp.dll
0x00007ff9eebc0000 - 0x00007ff9eebd3000 	C:\WINDOWS\System32\winrnr.dll
0x00007ff9ee3b0000 - 0x00007ff9ee3d2000 	C:\WINDOWS\system32\nlansp_c.dll
0x00007ff9e9d20000 - 0x00007ff9e9d36000 	C:\WINDOWS\system32\wshbth.dll
0x00007ffa166b0000 - 0x00007ffa166bb000 	C:\Windows\System32\rasadhlp.dll
0x00007ffa175f0000 - 0x00007ffa17676000 	C:\WINDOWS\System32\fwpuclnt.dll

dbghelp: loaded successfully - version: 4.0.5 - missing functions: none
symbol engine: initialized successfully - sym options: 0x614 - pdb path: .;D:\Program Files\JDK18\bin;C:\WINDOWS\SYSTEM32;C:\WINDOWS\WinSxS\amd64_microsoft.windows.common-controls_6595b64144ccf1df_6.0.26100.8457_none_3e0b2faee331e92d;D:\Program Files\JDK18\bin\server;C:\Users\color\.gradle\native\c067742578af261105cb4f569cf0c3c89f3d7b1fecec35dd04571415982c5e48\windows-amd64;C:\Users\color\.gradle\native\100fb08df4bc3b14c8652ba06237920a3bd2aa13389f12d3474272988ae205f9\windows-amd64

VM Arguments:
jvm_args: --add-opens=java.base/java.util=ALL-UNNAMED --add-opens=java.base/java.lang=ALL-UNNAMED --add-opens=java.base/java.lang.invoke=ALL-UNNAMED --add-opens=java.prefs/java.util.prefs=ALL-UNNAMED --add-exports=jdk.compiler/com.sun.tools.javac.api=ALL-UNNAMED --add-exports=jdk.compiler/com.sun.tools.javac.util=ALL-UNNAMED --add-opens=java.base/java.nio.charset=ALL-UNNAMED --add-opens=java.base/java.net=ALL-UNNAMED --add-opens=java.base/java.util.concurrent.atomic=ALL-UNNAMED -Xms512m -Xmx1024m -Dfile.encoding=UTF-8 -Duser.country=CN -Duser.language=zh -Duser.variant -javaagent:C:\Users\color\.gradle\wrapper\dists\gradle-8.10.2-bin\a04bxjujx95o3nb99gddekhwo\gradle-8.10.2\lib\agents\gradle-instrumentation-agent-8.10.2.jar 
java_command: org.gradle.launcher.daemon.bootstrap.GradleDaemon 8.10.2
java_class_path (initial): C:\Users\color\.gradle\wrapper\dists\gradle-8.10.2-bin\a04bxjujx95o3nb99gddekhwo\gradle-8.10.2\lib\gradle-daemon-main-8.10.2.jar
Launcher Type: SUN_STANDARD

[Global flags]
     intx CICompilerCount                          = 12                                        {product} {ergonomic}
     uint ConcGCThreads                            = 4                                         {product} {ergonomic}
     uint G1ConcRefinementThreads                  = 15                                        {product} {ergonomic}
   size_t G1HeapRegionSize                         = 1048576                                   {product} {ergonomic}
    uintx GCDrainStackTargetSize                   = 64                                        {product} {ergonomic}
   size_t InitialHeapSize                          = 536870912                                 {product} {command line}
   size_t MarkStackSize                            = 4194304                                   {product} {ergonomic}
   size_t MaxHeapSize                              = 1073741824                                {product} {command line}
   size_t MaxNewSize                               = 643825664                                 {product} {ergonomic}
   size_t MinHeapDeltaBytes                        = 1048576                                   {product} {ergonomic}
   size_t MinHeapSize                              = 536870912                                 {product} {command line}
    uintx NonNMethodCodeHeapSize                   = 7602480                                {pd product} {ergonomic}
    uintx NonProfiledCodeHeapSize                  = 122027880                              {pd product} {ergonomic}
    uintx ProfiledCodeHeapSize                     = 122027880                              {pd product} {ergonomic}
    uintx ReservedCodeCacheSize                    = 251658240                              {pd product} {ergonomic}
     bool SegmentedCodeCache                       = true                                      {product} {ergonomic}
   size_t SoftMaxHeapSize                          = 1073741824                             {manageable} {ergonomic}
     bool UseCompressedClassPointers               = true                           {product lp64_product} {ergonomic}
     bool UseCompressedOops                        = true                           {product lp64_product} {ergonomic}
     bool UseG1GC                                  = true                                      {product} {ergonomic}
     bool UseLargePagesIndividualAllocation        = false                                  {pd product} {ergonomic}

Logging:
Log output configuration:
 #0: stdout all=warning uptime,level,tags foldmultilines=false
 #1: stderr all=off uptime,level,tags foldmultilines=false

Environment Variables:
JAVA_HOME=D:\Program Files\JDK18\
PATH=C:\Users\color\bin;D:\Program Files\Git\mingw64\bin;D:\Program Files\Git\usr\local\bin;D:\Program Files\Git\usr\bin;D:\Program Files\Git\usr\bin;D:\Program Files\Git\mingw64\bin;D:\Program Files\Git\usr\bin;C:\Users\color\bin;D:\Program Files\JDK18\bin;C:\Program Files\Java\jdkmicrosoft21\bin;C:\Program Files\Python311\Scripts;C:\Program Files\Python311;C:\Program Files\Common Files\Oracle\Java\javapath;D:\Program Files\bin;C:\ProgramData\Oracle\Java\javapath;C:\Windows\system32;C:\Windows;C:\Windows\System32\Wbem;C:\Windows\System32\WindowsPowerShell\v1.0;C:\Windows\System32\OpenSSH;C:\WINDOWS\system32;C:\WINDOWS;C:\WINDOWS\System32\Wbem;C:\WINDOWS\System32\WindowsPowerShell\v1.0;C:\WINDOWS\System32\OpenSSH;C:\Program Files\NVIDIA Corporation\NVIDIA app\NvDLISR;C:\Program Files\dotnet;C:\Program Files (x86)\NVIDIA Corporation\PhysX\Common;C:\Users\color\Desktop\gmapiserver\lib\ffmpeg\bin;D:\Program Files\Git\cmd;C:\Program Files\Tailscale;D:\Program Files;C:\Program Files\GitHub CLI;C:\Users\color\.local\bin;C:\Users\color\AppData\Local\Microsoft\WindowsApps;C:\ProgramData\color\GitHubDesktop\bin;D:\Microsoft VS Code\bin;D:\Program Files;C:\Users\color\.dotnet\tools;D:\project\gmapiserver\lib\ffmpeg\bin;C:\Users\color\AppData\Roaming\npm;D:\Program Files\Git\usr\bin\vendor_perl;D:\Program Files\Git\usr\bin\core_perl
USERNAME=color
SHELL=D:\Program Files\Git\usr\bin\bash.exe
OS=Windows_NT
PROCESSOR_IDENTIFIER=Intel64 Family 6 Model 154 Stepping 3, GenuineIntel



---------------  S Y S T E M  ---------------

OS:
 Windows 11 , 64 bit Build 26100 (10.0.26100.8328)
OS uptime: 0 days 19:38 hours
Hyper-V role detected

CPU: total 20 (initial active 20) (10 cores per cpu, 2 threads per core) family 6 model 154 stepping 3 microcode 0x414, cx8, cmov, fxsr, ht, mmx, 3dnowpref, sse, sse2, sse3, ssse3, sse4.1, sse4.2, popcnt, lzcnt, tsc, tscinvbit, avx, avx2, aes, erms, clmul, bmi1, bmi2, adx, sha, fma, vzeroupper, clflush, clflushopt, clwb, hv, serialize

Memory: 4k page, system-wide physical 16128M (6526M free)
TotalPageFile size 32128M (AvailPageFile size 121M)
current process WorkingSet (physical memory assigned to process): 980M, peak: 1018M
current process commit charge ("private bytes"): 1050M, peak: 1161M

vm_info: OpenJDK 64-Bit Server VM (18.0.2+10) for windows-amd64 JRE (18.0.2+10), built on Jul 18 2022 14:02:19 by "" with MS VC++ 15.9 (VS2017)

END.
